iteracao;valor_fo
0;10000000.000000
MIP;10000000.000000
1;10000000.000000
MIP;10000000.000000
MIP;10000000.000000
