iteracao;valor_fo
0;10000000.000000
1;10000000.000000
2;10000000.000000
3;10000000.000000
4;10000000.000000
5;10000000.000000
6;10000000.000000
7;10000000.000000
8;6666673.185142
9;2857154.793472
10;833348.671127
11;344843.780221
12;15.849703
13;14.546643
14;14.143810
15;13.687185
16;13.687185
17;13.687185
18;13.687185
MIP;13.687185
