iteracao;valor_fo
0;10000000.000000
1;10000000.000000
2;10000000.000000
3;10000000.000000
4;10000000.000000
5;10000000.000000
6;10000000.000000
7;10000000.000000
8;10000000.000000
9;10000000.000000
10;4285724.049562
11;3333345.184554
12;2000014.140650
13;17.402214
14;16.785553
15;16.532854
16;15.975207
17;15.975207
18;15.850208
19;15.417148
20;15.417148
21;15.417148
22;15.417148
23;15.417148
24;15.417148
MIP;15.417148
