[PATH] metodos = C:\Users\PolyanaSilva\Documents\BP_VRPTW\metodos.py
[PATH] solucao = C:\Users\PolyanaSilva\Documents\BP_VRPTW\solucao.py
[PATH] avaliador = C:\Users\PolyanaSilva\Documents\BP_VRPTW\avaliador_rota.py
[AVISO PETRO] Frota heterogenea - usando navio de MENOR deckSpace.
======================================================================
LEITURA PETRO: C:\Users\PolyanaSilva\Documents\BP_VRPTW\instancias\Petro_instancias\14n-2k-6c-008r_ML_silva2024.json
Clientes: 14 | Navios: 2 | deckSpace=570 dieselTanks=1000 waterTanks=800
initialStock: diesel=0 agua=0 | janela base=[25200, 345600] s | max_partida=0 s
----------------------------------------------------------------------
no             dem_v1   deck_L   deck_B   diesel     agua  serv(s)  #jan
BASE_BASE_SILVA      0.0      0.0      0.0      0.0      0.0     0.00     1
PLAT_1_order_0     16.0     16.0      0.0      0.0      0.0  1918.08     1
PLAT_2_order_1     27.0      0.0     27.0      0.0      0.0  3236.76     2
PLAT_2_order_2     14.0     14.0      0.0      0.0      0.0  1678.32     2
PLAT_2_order_3      0.0      0.0      0.0    336.0      0.0 18023.04     2
PLAT_3_order_4     19.0     19.0      0.0      0.0      0.0  2277.72     2
PLAT_4_order_5     77.0     77.0      0.0      0.0      0.0 12945.24     2
PLAT_4_order_6      0.0      0.0      0.0    283.0      0.0 13040.64     2
PLAT_5_order_7     18.0      0.0     18.0      0.0      0.0  2157.84     2
PLAT_5_order_8     33.0     33.0      0.0      0.0      0.0  3956.04     2
PLAT_5_order_9      0.0      0.0      0.0    177.0      0.0  9494.28     2
PLAT_6_order_10     15.0      0.0     15.0      0.0      0.0  1798.20     2
PLAT_6_order_11     17.0     17.0      0.0      0.0      0.0  2037.96     2
PLAT_6_order_12      0.0      0.0      0.0    220.0      0.0 11800.80     2
PLAT_6_order_13      0.0      0.0      0.0      0.0    381.0 24551.64     2
----------------------------------------------------------------------
Demanda v1 total (deck L+B): 236.0  (capacidade 570)
Diesel total: 1016.0 (stock 0) | Agua total: 381.0 (stock 0)
base -> PLAT_1_order_0:  167.8 km     47552 s
base -> PLAT_2_order_1:  192.6 km     54599 s
base -> PLAT_2_order_2:  192.6 km     54599 s
base -> PLAT_2_order_3:  192.6 km     54599 s
base -> PLAT_3_order_4:  182.9 km     51848 s
base -> PLAT_4_order_5:  199.8 km     56638 s
base -> PLAT_4_order_6:  199.8 km     56638 s
base -> PLAT_5_order_7:  172.0 km     48742 s
base -> PLAT_5_order_8:  172.0 km     48742 s
base -> PLAT_5_order_9:  172.0 km     48742 s
base -> PLAT_6_order_10:  192.7 km     54621 s
base -> PLAT_6_order_11:  192.7 km     54621 s
base -> PLAT_6_order_12:  192.7 km     54621 s
base -> PLAT_6_order_13:  192.7 km     54621 s
======================================================================
[INSTANCIA] modo_silva=True nbcd=14 nbv=2

[SILVA C++ MODULE]
arquivo=C:\Users\PolyanaSilva\Documents\BP_VRPTW\PD_SILVA_CPP\PD_SILVA_CPP\x64\Release\vrptw_pd_silva.pyd
[PATH] pyd = C:\Users\PolyanaSilva\Documents\BP_VRPTW\PD_SILVA_CPP\PD_SILVA_CPP\x64\Release\vrptw_pd_silva.pyd
[PATH] pyd_correto=True
[INTEIRA] EDF: 0 art, custo_art=0.00
[INTEIRA] Balanced: 0 art, custo_art=0.00
[INTEIRA] Sector: 0 art, custo_art=0.00
[INTEIRA] LateIsolated: 0 art, custo_art=0.00
[INTEIRA] BalancedGlobal: 0 art, custo_art=0.00
[INTEIRA] Regret2: 1 art, custo_art=1109882.00
[INTEIRA] VENCEDOR: EDF (due asc) — 0 art

=== ROTAS INICIAIS INTEIRAS ===
Veículo 0: [0, 4, 2, 3, 11, 12, 14, 1, 15]
  custo = 113035.0000 | artificial = False
Veículo 1: [0, 8, 10, 9, 7, 6, 13, 5, 15]
  custo = 117003.0000 | artificial = False
Custo inicial inteiro = 230038.0000
[CONSTRUTIVA] VENCEDOR: Inteligente — nenhuma rota artificial
[POOL] Coluna ociosa adicionada para 2 navios (navio pode ficar na base)
[SILVA_POOL] navio=0 p=0 seq=[0, 4, 2, 3, 11, 12, 14, 1, 15] viavel=True custo_antigo=113035.0000 custo_silva=91.0364
[SILVA_POOL] navio=1 p=0 seq=[0, 8, 10, 9, 7, 6, 13, 5, 15] viavel=True custo_antigo=117003.0000 custo_silva=90.8808
[SILVA_POOL] resumo: avaliadas=2 viaveis=2 inviaveis=0 custos_atualizados=2

[INICIO B&P] TIME_TARGET=30s TIME_MAX=30s tipo_geracao=PD

=========== PROCESSANDO NÓ 0 (prof=0, pai=None) ===========

--- Resolve nó 0 com POOL GLOBAL NORMALZITO ---
Set parameter Username
Set parameter LicenseID to value 2792355
Academic license - for non-commercial use only - expires 2027-03-13
[ESTAB] No 0: sem centro herdado -- caixa comeca fixada em zero ate obter um centro utilizavel (nao dominado pelo BIGM).
[Nó 0] Iter 0 - Obj = 181.9171  Colunas = 4 inst= C:\Users\PolyanaSilva\Documents\BP_VRPTW\instancias\Petro_instancias\14n-2k-6c-008r_ML_silva2024.json
[Nó 0] inst= C:\Users\PolyanaSilva\Documents\BP_VRPTW\instancias\Petro_instancias\14n-2k-6c-008r_ML_silva2024.json Colunas ativas na iteração 0: 
   veic=0 | col=0 | lambda=1.000000 | custo=91.0364 | rota=[0, 4, 2, 3, 11, 12, 14, 1, 15]
   veic=1 | col=0 | lambda=1.000000 | custo=90.8808 | rota=[0, 8, 10, 9, 7, 6, 13, 5, 15]
Diff FO-  Sem melhora 0 
   valor recomposto = 181.917133

   valor recomposto = 181.917133

--- COBERTURA POR CLIENTE ---
cliente 01 | lambda=1.000000 | slack=0.000000 | y_low=0.000000 | y_up=0.000000 | total_real=1.000000
cliente 02 | lambda=1.000000 | slack=0.000000 | y_low=0.000000 | y_up=0.000000 | total_real=1.000000
cliente 03 | lambda=1.000000 | slack=0.000000 | y_low=0.000000 | y_up=0.000000 | total_real=1.000000
cliente 04 | lambda=1.000000 | slack=0.000000 | y_low=0.000000 | y_up=0.000000 | total_real=1.000000
cliente 05 | lambda=1.000000 | slack=0.000000 | y_low=0.000000 | y_up=0.000000 | total_real=1.000000
cliente 06 | lambda=1.000000 | slack=0.000000 | y_low=0.000000 | y_up=0.000000 | total_real=1.000000
cliente 07 | lambda=1.000000 | slack=0.000000 | y_low=0.000000 | y_up=0.000000 | total_real=1.000000
cliente 08 | lambda=1.000000 | slack=0.000000 | y_low=0.000000 | y_up=0.000000 | total_real=1.000000
cliente 09 | lambda=1.000000 | slack=0.000000 | y_low=0.000000 | y_up=0.000000 | total_real=1.000000
cliente 10 | lambda=1.000000 | slack=0.000000 | y_low=0.000000 | y_up=0.000000 | total_real=1.000000
cliente 11 | lambda=1.000000 | slack=0.000000 | y_low=0.000000 | y_up=0.000000 | total_real=1.000000
cliente 12 | lambda=1.000000 | slack=0.000000 | y_low=0.000000 | y_up=0.000000 | total_real=1.000000
cliente 13 | lambda=1.000000 | slack=0.000000 | y_low=0.000000 | y_up=0.000000 | total_real=1.000000
cliente 14 | lambda=1.000000 | slack=0.000000 | y_low=0.000000 | y_up=0.000000 | total_real=1.000000


================ DUAIS DO MESTRE ================

PI (clientes):
  pi[1] =  1000000.000000
  pi[2] =  1000000.000000
  pi[3] =  1000000.000000
  pi[4] =  1000000.000000
  pi[5] =  1000000.000000
  pi[6] =  1000000.000000
  pi[7] =  1000000.000000
  pi[8] =  1000000.000000
  pi[9] =  1000000.000000
  pi[10] =  1000000.000000
  pi[11] =  1000000.000000
  pi[12] =  1000000.000000
  pi[13] =  1000000.000000
  pi[14] =  1000000.000000

SIGMA (veículos):
  sigma[0] =  0.000000
  sigma[1] =  0.000000

MU (arcos):
  sem duais de arco
=================================================

[GAMMA REL] rho=0.25 | escala_dual=1.0000 | gamma_ini=10.0000 | gamma_min=10.0000 | gamma_max=40.0000
[ESTAB INIT] Centro válido obtido após enriquecimento do RMP. Ativando caixa.
[ESTAB INIT] iter=0 | pi: min=1000000.000000 | max=1000000.000000 | media=1000000.000000
[Nó 0] Iter 1 - Obj = 140.0000  Colunas = 4 inst= C:\Users\PolyanaSilva\Documents\BP_VRPTW\instancias\Petro_instancias\14n-2k-6c-008r_ML_silva2024.json
[Nó 0] inst= C:\Users\PolyanaSilva\Documents\BP_VRPTW\instancias\Petro_instancias\14n-2k-6c-008r_ML_silva2024.json Colunas ativas na iteração 1: 
   veic=0 | col=1 | lambda=1.000000 | custo=0.0000 | rota=[0, 15]
   veic=1 | col=1 | lambda=1.000000 | custo=0.0000 | rota=[0, 15]
Diff FO-  Sem melhora 0 
   valor recomposto = 0.000000

   valor recomposto = 0.000000

--- COBERTURA POR CLIENTE ---
cliente 01 | lambda=0.000000 | slack=0.000000 | y_low=0.000000 | y_up=1.000000 | total_real=1.000000
cliente 02 | lambda=0.000000 | slack=0.000000 | y_low=0.000000 | y_up=1.000000 | total_real=1.000000
cliente 03 | lambda=0.000000 | slack=0.000000 | y_low=0.000000 | y_up=1.000000 | total_real=1.000000
cliente 04 | lambda=0.000000 | slack=0.000000 | y_low=0.000000 | y_up=1.000000 | total_real=1.000000
cliente 05 | lambda=0.000000 | slack=0.000000 | y_low=0.000000 | y_up=1.000000 | total_real=1.000000
cliente 06 | lambda=0.000000 | slack=0.000000 | y_low=0.000000 | y_up=1.000000 | total_real=1.000000
cliente 07 | lambda=0.000000 | slack=0.000000 | y_low=0.000000 | y_up=1.000000 | total_real=1.000000
cliente 08 | lambda=0.000000 | slack=0.000000 | y_low=0.000000 | y_up=1.000000 | total_real=1.000000
cliente 09 | lambda=0.000000 | slack=0.000000 | y_low=0.000000 | y_up=1.000000 | total_real=1.000000
cliente 10 | lambda=0.000000 | slack=0.000000 | y_low=0.000000 | y_up=1.000000 | total_real=1.000000
cliente 11 | lambda=0.000000 | slack=0.000000 | y_low=0.000000 | y_up=1.000000 | total_real=1.000000
cliente 12 | lambda=0.000000 | slack=0.000000 | y_low=0.000000 | y_up=1.000000 | total_real=1.000000
cliente 13 | lambda=0.000000 | slack=0.000000 | y_low=0.000000 | y_up=1.000000 | total_real=1.000000
cliente 14 | lambda=0.000000 | slack=0.000000 | y_low=0.000000 | y_up=1.000000 | total_real=1.000000


================ DUAIS DO MESTRE ================

PI (clientes):
  pi[1] =  10.000000
  pi[2] =  10.000000
  pi[3] =  10.000000
  pi[4] =  10.000000
  pi[5] =  10.000000
  pi[6] =  10.000000
  pi[7] =  10.000000
  pi[8] =  10.000000
  pi[9] =  10.000000
  pi[10] =  10.000000
  pi[11] =  10.000000
  pi[12] =  10.000000
  pi[13] =  10.000000
  pi[14] =  10.000000

SIGMA (veículos):
  sigma[0] = -0.000000
  sigma[1] = -0.000000

MU (arcos):
  sem duais de arco
=================================================

 [ETSAB] gamma_pi = 10.000000
[ORDEM PRICING] iter=2 | veiculos=[0, 1]
TESTA ALLBEST_SILVA
[PRICING MULTI] origem=ALLBEST_SILVA | k=0 | geradas=13 | novas_pool=13 | duplicadas_pool=0 | completa=False
[SILVA PRICING]
k=0
ALLBEST=13
BID_CPP=0
PD_CPP=0
pd_completa=None
pd_timeout=None
labels_pd=None
nivel_pd=None
melhor_rc=-34.715242944458026
origem=ALLBEST_SILVA
certifica_k=False
TESTA ALLBEST_SILVA
[PRICING MULTI] origem=ALLBEST_SILVA | k=1 | geradas=4 | novas_pool=4 | duplicadas_pool=0 | completa=False
[SILVA PRICING]
k=1
ALLBEST=4
BID_CPP=0
PD_CPP=0
pd_completa=None
pd_timeout=None
labels_pd=None
nivel_pd=None
melhor_rc=-37.95534829633273
origem=ALLBEST_SILVA
certifica_k=False
[SILVA CERT] todos_k_certificados=False
[SELECAO MULTI] iter=2 | selecionadas=4 | por_veiculo={0: 2, 1: 2}
GAMMA PI 10.0
GAMMA PI atualizado 10.0
Tempo total nessa geracao : 0.6s
Tempo total no NO: 0.6s
TAMANHO NOVAS COL 4

--- Nova Coluna ---
Veículo: 0
Sequência: [0, 10, 8, 9, 2, 3, 1, 5, 7, 6, 14, 11, 13, 12, 15]
Custo: 95.28
Custo Reduzido: -34.715243
Clientes atendidos: [1, 2, 3, 5, 6, 7, 8, 9, 10, 11, 12, 13, 14]
TAMANHO NOVAS COL 4

--- Nova Coluna ---
Veículo: 1
Sequência: [0, 1, 4, 2, 3, 5, 8, 9, 10, 6, 7, 13, 11, 12, 15]
Custo: 92.04
Custo Reduzido: -37.955348
Clientes atendidos: [1, 2, 3, 4, 5, 6, 7, 8, 9, 10, 11, 12, 13]
TAMANHO NOVAS COL 4

--- Nova Coluna ---
Veículo: 0
Sequência: [0, 7, 6, 2, 3, 5, 1, 8, 10, 9, 11, 13, 12, 15]
Custo: 85.50
Custo Reduzido: -34.503845
Clientes atendidos: [1, 2, 3, 5, 6, 7, 8, 9, 10, 11, 12, 13]
TAMANHO NOVAS COL 4

--- Nova Coluna ---
Veículo: 1
Sequência: [0, 1, 5, 7, 6, 10, 8, 9, 4, 2, 3, 11, 12, 13, 15]
Custo: 92.17
Custo Reduzido: -37.829238
Clientes atendidos: [1, 2, 3, 4, 5, 6, 7, 8, 9, 10, 11, 12, 13]

[COPIA ACEITA] origem_k=0 | destino_k=1 | custo=96.683786 | rc=-33.316214
[COPIA REJEITADA] origem_k=1 | destino_k=0 | motivo=viabilidade | seq=[0, 1, 4, 2, 3, 5, 8, 9, 10, 6, 7, 13, 11, 12, 15]
[LIMITE MULTI] k=1 | motivo=limite_veiculo
Nao adicionou no k 1
[COPIA REJEITADA] origem_k=1 | destino_k=0 | motivo=viabilidade | seq=[0, 1, 5, 7, 6, 10, 8, 9, 4, 2, 3, 11, 12, 13, 15]
[LIMITE MULTI] k=1 | motivo=limite_veiculo
Nao adicionou no k 1
[COLUNAS ITER] novas=4 | duplicadas=0 | por_veiculo={0: 2, 1: 2}
[Nó 0] Iter 2 - Obj = 103.0447  Colunas = 8 inst= C:\Users\PolyanaSilva\Documents\BP_VRPTW\instancias\Petro_instancias\14n-2k-6c-008r_ML_silva2024.json
[Nó 0] inst= C:\Users\PolyanaSilva\Documents\BP_VRPTW\instancias\Petro_instancias\14n-2k-6c-008r_ML_silva2024.json Colunas ativas na iteração 2: 
   veic=0 | col=1 | lambda=1.000000 | custo=0.0000 | rota=[0, 15]
   veic=1 | col=3 | lambda=1.000000 | custo=92.0447 | rota=[0, 1, 4, 2, 3, 5, 8, 9, 10, 6, 7, 13, 11, 12, 15]
Diff FO-  Sem melhora 0 
   valor recomposto = 92.044652

   valor recomposto = 92.044652

--- COBERTURA POR CLIENTE ---
cliente 01 | lambda=1.000000 | slack=0.000000 | y_low=0.000000 | y_up=0.000000 | total_real=1.000000
cliente 02 | lambda=1.000000 | slack=0.000000 | y_low=0.000000 | y_up=0.000000 | total_real=1.000000
cliente 03 | lambda=1.000000 | slack=0.000000 | y_low=0.000000 | y_up=0.000000 | total_real=1.000000
cliente 04 | lambda=1.000000 | slack=0.000000 | y_low=0.000000 | y_up=0.000000 | total_real=1.000000
cliente 05 | lambda=1.000000 | slack=0.000000 | y_low=0.000000 | y_up=0.000000 | total_real=1.000000
cliente 06 | lambda=1.000000 | slack=0.000000 | y_low=0.000000 | y_up=0.000000 | total_real=1.000000
cliente 07 | lambda=1.000000 | slack=0.000000 | y_low=0.000000 | y_up=0.000000 | total_real=1.000000
cliente 08 | lambda=1.000000 | slack=0.000000 | y_low=0.000000 | y_up=0.000000 | total_real=1.000000
cliente 09 | lambda=1.000000 | slack=0.000000 | y_low=0.000000 | y_up=0.000000 | total_real=1.000000
cliente 10 | lambda=1.000000 | slack=0.000000 | y_low=0.000000 | y_up=0.000000 | total_real=1.000000
cliente 11 | lambda=1.000000 | slack=0.000000 | y_low=0.000000 | y_up=0.000000 | total_real=1.000000
cliente 12 | lambda=1.000000 | slack=0.000000 | y_low=0.000000 | y_up=0.000000 | total_real=1.000000
cliente 13 | lambda=1.000000 | slack=0.000000 | y_low=0.000000 | y_up=0.000000 | total_real=1.000000
cliente 14 | lambda=0.000000 | slack=0.000000 | y_low=0.000000 | y_up=1.000000 | total_real=1.000000


================ DUAIS DO MESTRE ================

PI (clientes):
  pi[1] =  11.000000
  pi[2] =  11.000000
  pi[3] =  11.000000
  pi[4] =  11.000000
  pi[5] =  11.000000
  pi[6] =  11.000000
  pi[7] =  11.000000
  pi[8] =  11.000000
  pi[9] =  11.000000
  pi[10] =  11.000000
  pi[11] =  3.284757
  pi[12] = -9.000000
  pi[13] = -9.000000
  pi[14] =  11.000000

SIGMA (veículos):
  sigma[0] = -0.000000
  sigma[1] = -0.000000

MU (arcos):
  sem duais de arco
=================================================

 [ETSAB] gamma_pi = 10.000000
[ORDEM PRICING] iter=3 | veiculos=[0, 1]
TESTA ALLBEST_SILVA
[PRICING MULTI] origem=ALLBEST_SILVA | k=0 | geradas=17 | novas_pool=17 | duplicadas_pool=0 | completa=False
[SILVA PRICING]
k=0
ALLBEST=17
BID_CPP=0
PD_CPP=0
pd_completa=None
pd_timeout=None
labels_pd=None
nivel_pd=None
melhor_rc=-27.12050937930634
origem=ALLBEST_SILVA
certifica_k=False
TESTA ALLBEST_SILVA
[PRICING MULTI] origem=ALLBEST_SILVA | k=1 | geradas=9 | novas_pool=9 | duplicadas_pool=0 | completa=False
[SILVA PRICING]
k=1
ALLBEST=9
BID_CPP=0
PD_CPP=0
pd_completa=None
pd_timeout=None
labels_pd=None
nivel_pd=None
melhor_rc=-28.522613374761008
origem=ALLBEST_SILVA
certifica_k=False
[SILVA CERT] todos_k_certificados=False
[SELECAO MULTI] iter=3 | selecionadas=4 | por_veiculo={0: 2, 1: 2}
GAMMA PI 10.0
GAMMA PI atualizado 10.0
Tempo total nessa geracao : 0.8s
Tempo total no NO: 1.3s
TAMANHO NOVAS COL 4

--- Nova Coluna ---
Veículo: 0
Sequência: [0, 1, 5, 10, 8, 9, 6, 7, 14, 11, 2, 3, 4, 15]
Custo: 97.16
Custo Reduzido: -27.120509
Clientes atendidos: [1, 2, 3, 4, 5, 6, 7, 8, 9, 10, 11, 14]
TAMANHO NOVAS COL 4

--- Nova Coluna ---
Veículo: 1
Sequência: [0, 6, 7, 1, 8, 9, 10, 2, 3, 4, 11, 14, 5, 15]
Custo: 95.76
Custo Reduzido: -28.522613
Clientes atendidos: [1, 2, 3, 4, 5, 6, 7, 8, 9, 10, 11, 14]
TAMANHO NOVAS COL 4

--- Nova Coluna ---
Veículo: 0
Sequência: [0, 5, 8, 10, 9, 4, 2, 3, 6, 7, 14, 1, 15]
Custo: 95.41
Custo Reduzido: -25.589333
Clientes atendidos: [1, 2, 3, 4, 5, 6, 7, 8, 9, 10, 14]
TAMANHO NOVAS COL 4

--- Nova Coluna ---
Veículo: 1
Sequência: [0, 10, 8, 9, 6, 7, 2, 3, 4, 5, 1, 11, 14, 15]
Custo: 95.85
Custo Reduzido: -28.434433
Clientes atendidos: [1, 2, 3, 4, 5, 6, 7, 8, 9, 10, 11, 14]

[COPIA ACEITA] origem_k=0 | destino_k=1 | custo=101.826008 | rc=-22.458749
[COPIA REJEITADA] origem_k=1 | destino_k=0 | motivo=viabilidade | seq=[0, 6, 7, 1, 8, 9, 10, 2, 3, 4, 11, 14, 5, 15]
[LIMITE MULTI] k=1 | motivo=limite_veiculo
Nao adicionou no k 1
[COPIA REJEITADA] origem_k=1 | destino_k=0 | motivo=viabilidade | seq=[0, 10, 8, 9, 6, 7, 2, 3, 4, 5, 1, 11, 14, 15]
[LIMITE MULTI] k=1 | motivo=limite_veiculo
Nao adicionou no k 1
[COLUNAS ITER] novas=4 | duplicadas=0 | por_veiculo={0: 2, 1: 2}
[Nó 0] Iter 3 - Obj = 104.0447  Colunas = 12 inst= C:\Users\PolyanaSilva\Documents\BP_VRPTW\instancias\Petro_instancias\14n-2k-6c-008r_ML_silva2024.json
[Nó 0] inst= C:\Users\PolyanaSilva\Documents\BP_VRPTW\instancias\Petro_instancias\14n-2k-6c-008r_ML_silva2024.json Colunas ativas na iteração 3: 
   veic=0 | col=1 | lambda=1.000000 | custo=0.0000 | rota=[0, 15]
   veic=1 | col=3 | lambda=1.000000 | custo=92.0447 | rota=[0, 1, 4, 2, 3, 5, 8, 9, 10, 6, 7, 13, 11, 12, 15]
MESMA FO-  Sem melhora 1 Recom 92.04465170366727 Ultmf 92.04465170366727  VALOR SUB 0.0
   valor recomposto = 92.044652

   valor recomposto = 92.044652

--- COBERTURA POR CLIENTE ---
cliente 01 | lambda=1.000000 | slack=0.000000 | y_low=0.000000 | y_up=0.000000 | total_real=1.000000
cliente 02 | lambda=1.000000 | slack=0.000000 | y_low=0.000000 | y_up=0.000000 | total_real=1.000000
cliente 03 | lambda=1.000000 | slack=0.000000 | y_low=0.000000 | y_up=0.000000 | total_real=1.000000
cliente 04 | lambda=1.000000 | slack=0.000000 | y_low=0.000000 | y_up=0.000000 | total_real=1.000000
cliente 05 | lambda=1.000000 | slack=0.000000 | y_low=0.000000 | y_up=0.000000 | total_real=1.000000
cliente 06 | lambda=1.000000 | slack=0.000000 | y_low=0.000000 | y_up=0.000000 | total_real=1.000000
cliente 07 | lambda=1.000000 | slack=0.000000 | y_low=0.000000 | y_up=0.000000 | total_real=1.000000
cliente 08 | lambda=1.000000 | slack=0.000000 | y_low=0.000000 | y_up=0.000000 | total_real=1.000000
cliente 09 | lambda=1.000000 | slack=0.000000 | y_low=0.000000 | y_up=0.000000 | total_real=1.000000
cliente 10 | lambda=1.000000 | slack=0.000000 | y_low=0.000000 | y_up=0.000000 | total_real=1.000000
cliente 11 | lambda=1.000000 | slack=0.000000 | y_low=0.000000 | y_up=0.000000 | total_real=1.000000
cliente 12 | lambda=1.000000 | slack=0.000000 | y_low=0.000000 | y_up=0.000000 | total_real=1.000000
cliente 13 | lambda=1.000000 | slack=0.000000 | y_low=0.000000 | y_up=0.000000 | total_real=1.000000
cliente 14 | lambda=0.000000 | slack=0.000000 | y_low=0.000000 | y_up=1.000000 | total_real=1.000000


================ DUAIS DO MESTRE ================

PI (clientes):
  pi[1] = -1.349228
  pi[2] =  12.000000
  pi[3] =  12.000000
  pi[4] =  8.759895
  pi[5] =  12.000000
  pi[6] =  12.000000
  pi[7] =  12.000000
  pi[8] =  12.000000
  pi[9] =  12.000000
  pi[10] = -8.000000
  pi[11] =  0.351477
  pi[12] = -1.717492
  pi[13] =  10.000000
  pi[14] =  12.000000

SIGMA (veículos):
  sigma[0] = -0.000000
  sigma[1] = -0.000000

MU (arcos):
  sem duais de arco
=================================================

 [ETSAB] gamma_pi = 10.000000
[ORDEM PRICING] iter=4 | veiculos=[0, 1]
TESTA ALLBEST_SILVA
[PRICING MULTI] origem=ALLBEST_SILVA | k=0 | geradas=8 | novas_pool=8 | duplicadas_pool=0 | completa=False
[SILVA PRICING]
k=0
ALLBEST=8
BID_CPP=0
PD_CPP=0
pd_completa=None
pd_timeout=None
labels_pd=None
nivel_pd=None
melhor_rc=-17.845085685648584
origem=ALLBEST_SILVA
certifica_k=False
TESTA ALLBEST_SILVA
[PRICING MULTI] origem=ALLBEST_SILVA | k=1 | geradas=3 | novas_pool=3 | duplicadas_pool=0 | completa=False
[SILVA PRICING]
k=1
ALLBEST=3
BID_CPP=0
PD_CPP=0
pd_completa=None
pd_timeout=None
labels_pd=None
nivel_pd=None
melhor_rc=-15.360865360741485
origem=ALLBEST_SILVA
certifica_k=False
[SILVA CERT] todos_k_certificados=False
[SELECAO MULTI] iter=4 | selecionadas=4 | por_veiculo={0: 2, 1: 2}
GAMMA PI 10.0
GAMMA PI atualizado 10.0
Tempo total nessa geracao : 0.5s
Tempo total no NO: 1.8s
TAMANHO NOVAS COL 4

--- Nova Coluna ---
Veículo: 0
Sequência: [0, 5, 8, 9, 2, 4, 3, 6, 7, 14, 13, 11, 12, 15]
Custo: 95.55
Custo Reduzido: -17.845086
Clientes atendidos: [2, 3, 4, 5, 6, 7, 8, 9, 11, 12, 13, 14]
TAMANHO NOVAS COL 4

--- Nova Coluna ---
Veículo: 1
Sequência: [0, 5, 1, 8, 9, 4, 2, 3, 7, 6, 13, 11, 12, 14, 15]
Custo: 96.68
Custo Reduzido: -15.360865
Clientes atendidos: [1, 2, 3, 4, 5, 6, 7, 8, 9, 11, 12, 13, 14]
TAMANHO NOVAS COL 4

--- Nova Coluna ---
Veículo: 0
Sequência: [0, 2, 3, 8, 9, 7, 6, 5, 1, 14, 11, 13, 12, 15]
Custo: 92.72
Custo Reduzido: -10.567373
Clientes atendidos: [1, 2, 3, 5, 6, 7, 8, 9, 11, 12, 13, 14]
TAMANHO NOVAS COL 4

--- Nova Coluna ---
Veículo: 1
Sequência: [0, 5, 1, 8, 9, 2, 4, 3, 6, 7, 11, 13, 14, 12, 15]
Custo: 96.68
Custo Reduzido: -15.360865
Clientes atendidos: [1, 2, 3, 4, 5, 6, 7, 8, 9, 11, 12, 13, 14]

[COPIA ACEITA] origem_k=0 | destino_k=1 | custo=96.683786 | rc=-16.710093
[COPIA REJEITADA] origem_k=1 | destino_k=0 | motivo=viabilidade | seq=[0, 5, 1, 8, 9, 4, 2, 3, 7, 6, 13, 11, 12, 14, 15]
[LIMITE MULTI] k=1 | motivo=limite_veiculo
Nao adicionou no k 1
[COPIA REJEITADA] origem_k=1 | destino_k=0 | motivo=viabilidade | seq=[0, 5, 1, 8, 9, 2, 4, 3, 6, 7, 11, 13, 14, 12, 15]
[LIMITE MULTI] k=1 | motivo=limite_veiculo
Nao adicionou no k 1
[COLUNAS ITER] novas=4 | duplicadas=0 | por_veiculo={0: 2, 1: 2}
[Nó 0] Rodando MIP periódico após 12 novas colunas realmente adicionadas...
[Nó 0] MIP periódico encontrou solução inteira válida. FO=181.917133
[Nó 0] Iter 4 - Obj = 105.0447  Colunas = 16 inst= C:\Users\PolyanaSilva\Documents\BP_VRPTW\instancias\Petro_instancias\14n-2k-6c-008r_ML_silva2024.json
[Nó 0] inst= C:\Users\PolyanaSilva\Documents\BP_VRPTW\instancias\Petro_instancias\14n-2k-6c-008r_ML_silva2024.json Colunas ativas na iteração 4: 
   veic=0 | col=1 | lambda=1.000000 | custo=0.0000 | rota=[0, 15]
   veic=1 | col=3 | lambda=1.000000 | custo=92.0447 | rota=[0, 1, 4, 2, 3, 5, 8, 9, 10, 6, 7, 13, 11, 12, 15]
MESMA FO-  Sem melhora 2 Recom 92.04465170366727 Ultmf 92.04465170366727  VALOR SUB 0.0
   valor recomposto = 92.044652

   valor recomposto = 92.044652

--- COBERTURA POR CLIENTE ---
cliente 01 | lambda=1.000000 | slack=0.000000 | y_low=0.000000 | y_up=0.000000 | total_real=1.000000
cliente 02 | lambda=1.000000 | slack=0.000000 | y_low=0.000000 | y_up=0.000000 | total_real=1.000000
cliente 03 | lambda=1.000000 | slack=0.000000 | y_low=0.000000 | y_up=0.000000 | total_real=1.000000
cliente 04 | lambda=1.000000 | slack=0.000000 | y_low=0.000000 | y_up=0.000000 | total_real=1.000000
cliente 05 | lambda=1.000000 | slack=0.000000 | y_low=0.000000 | y_up=0.000000 | total_real=1.000000
cliente 06 | lambda=1.000000 | slack=0.000000 | y_low=0.000000 | y_up=0.000000 | total_real=1.000000
cliente 07 | lambda=1.000000 | slack=0.000000 | y_low=0.000000 | y_up=0.000000 | total_real=1.000000
cliente 08 | lambda=1.000000 | slack=0.000000 | y_low=0.000000 | y_up=0.000000 | total_real=1.000000
cliente 09 | lambda=1.000000 | slack=0.000000 | y_low=0.000000 | y_up=0.000000 | total_real=1.000000
cliente 10 | lambda=1.000000 | slack=0.000000 | y_low=0.000000 | y_up=0.000000 | total_real=1.000000
cliente 11 | lambda=1.000000 | slack=0.000000 | y_low=0.000000 | y_up=0.000000 | total_real=1.000000
cliente 12 | lambda=1.000000 | slack=0.000000 | y_low=0.000000 | y_up=0.000000 | total_real=1.000000
cliente 13 | lambda=1.000000 | slack=0.000000 | y_low=0.000000 | y_up=0.000000 | total_real=1.000000
cliente 14 | lambda=0.000000 | slack=0.000000 | y_low=0.000000 | y_up=1.000000 | total_real=1.000000


================ DUAIS DO MESTRE ================

PI (clientes):
  pi[1] =  1.134992
  pi[2] = -7.000000
  pi[3] =  5.154914
  pi[4] =  9.759895
  pi[5] =  13.000000
  pi[6] =  13.000000
  pi[7] =  13.000000
  pi[8] =  13.000000
  pi[9] =  13.000000
  pi[10] =  8.360865
  pi[11] =  0.351477
  pi[12] = -1.717492
  pi[13] =  11.000000
  pi[14] =  13.000000

SIGMA (veículos):
  sigma[0] = -0.000000
  sigma[1] = -0.000000

MU (arcos):
  sem duais de arco
=================================================

 [ETSAB] gamma_pi = 10.000000
[ORDEM PRICING] iter=5 | veiculos=[0, 1]
TESTA ALLBEST_SILVA
[PRICING MULTI] origem=ALLBEST_SILVA | k=0 | geradas=2 | novas_pool=2 | duplicadas_pool=0 | completa=False
[SILVA PRICING]
k=0
ALLBEST=2
BID_CPP=0
PD_CPP=0
pd_completa=None
pd_timeout=None
labels_pd=None
nivel_pd=None
melhor_rc=-7.275057033778978
origem=ALLBEST_SILVA
certifica_k=False
TESTA ALLBEST_SILVA
[PRICING MULTI] origem=ALLBEST_SILVA | k=1 | geradas=0 | novas_pool=0 | duplicadas_pool=0 | completa=False
TESTA BID_SILVA_CPP
[PRICING MULTI] origem=BID_SILVA_CPP | k=1 | geradas=20 | novas_pool=20 | duplicadas_pool=0 | completa=False
[SILVA PRICING]
k=1
ALLBEST=0
BID_CPP=20
PD_CPP=0
pd_completa=None
pd_timeout=None
labels_pd=None
nivel_pd=None
melhor_rc=-7.369241007632056
origem=BID_SILVA_CPP
certifica_k=False
[SILVA CERT] todos_k_certificados=False
[SELECAO MULTI] iter=5 | selecionadas=4 | por_veiculo={0: 2, 1: 2}
GAMMA PI 10.0
GAMMA PI atualizado 10.0
Tempo total nessa geracao : 0.4s
Tempo total no NO: 2.2s
TAMANHO NOVAS COL 4

--- Nova Coluna ---
Veículo: 0
Sequência: [0, 5, 1, 8, 10, 9, 6, 7, 3, 4, 11, 14, 15]
Custo: 95.49
Custo Reduzido: -7.275057
Clientes atendidos: [1, 3, 4, 5, 6, 7, 8, 9, 10, 11, 14]
TAMANHO NOVAS COL 4

--- Nova Coluna ---
Veículo: 1
Sequência: [0, 5, 8, 9, 10, 15]
Custo: 39.99
Custo Reduzido: -7.369241
Clientes atendidos: [5, 8, 9, 10]
TAMANHO NOVAS COL 4

--- Nova Coluna ---
Veículo: 0
Sequência: [0, 1, 5, 8, 9, 10, 3, 4, 7, 6, 14, 11, 12, 15]
Custo: 95.63
Custo Reduzido: -5.412313
Clientes atendidos: [1, 3, 4, 5, 6, 7, 8, 9, 10, 11, 12, 14]
TAMANHO NOVAS COL 4

--- Nova Coluna ---
Veículo: 1
Sequência: [0, 10, 8, 9, 5, 15]
Custo: 39.99
Custo Reduzido: -7.369241
Clientes atendidos: [5, 8, 9, 10]

[COPIA ACEITA] origem_k=0 | destino_k=1 | custo=92.383642 | rc=-10.378502
[COPIA ACEITA] origem_k=1 | destino_k=0 | custo=42.746612 | rc=-4.614253
[LIMITE MULTI] k=0 | motivo=limite_veiculo
Nao adicionou no k 0
[LIMITE MULTI] k=1 | motivo=limite_veiculo
Nao adicionou no k 1
[LIMITE MULTI] k=0 | motivo=limite_veiculo
Nao adicionou no k 0
[LIMITE MULTI] k=1 | motivo=limite_veiculo
Nao adicionou no k 1
[COLUNAS ITER] novas=4 | duplicadas=0 | por_veiculo={0: 2, 1: 2}
[Nó 0] Iter 5 - Obj = 106.0447  Colunas = 20 inst= C:\Users\PolyanaSilva\Documents\BP_VRPTW\instancias\Petro_instancias\14n-2k-6c-008r_ML_silva2024.json
[Nó 0] inst= C:\Users\PolyanaSilva\Documents\BP_VRPTW\instancias\Petro_instancias\14n-2k-6c-008r_ML_silva2024.json Colunas ativas na iteração 5: 
   veic=0 | col=1 | lambda=1.000000 | custo=0.0000 | rota=[0, 15]
   veic=1 | col=3 | lambda=1.000000 | custo=92.0447 | rota=[0, 1, 4, 2, 3, 5, 8, 9, 10, 6, 7, 13, 11, 12, 15]
MESMA FO-  Sem melhora 3 Recom 92.04465170366727 Ultmf 92.04465170366727  VALOR SUB 0.0
   valor recomposto = 92.044652

   valor recomposto = 92.044652

--- COBERTURA POR CLIENTE ---
cliente 01 | lambda=1.000000 | slack=0.000000 | y_low=0.000000 | y_up=0.000000 | total_real=1.000000
cliente 02 | lambda=1.000000 | slack=0.000000 | y_low=0.000000 | y_up=0.000000 | total_real=1.000000
cliente 03 | lambda=1.000000 | slack=0.000000 | y_low=0.000000 | y_up=0.000000 | total_real=1.000000
cliente 04 | lambda=1.000000 | slack=0.000000 | y_low=0.000000 | y_up=0.000000 | total_real=1.000000
cliente 05 | lambda=1.000000 | slack=0.000000 | y_low=0.000000 | y_up=0.000000 | total_real=1.000000
cliente 06 | lambda=1.000000 | slack=0.000000 | y_low=0.000000 | y_up=0.000000 | total_real=1.000000
cliente 07 | lambda=1.000000 | slack=0.000000 | y_low=0.000000 | y_up=0.000000 | total_real=1.000000
cliente 08 | lambda=1.000000 | slack=0.000000 | y_low=0.000000 | y_up=0.000000 | total_real=1.000000
cliente 09 | lambda=1.000000 | slack=0.000000 | y_low=0.000000 | y_up=0.000000 | total_real=1.000000
cliente 10 | lambda=1.000000 | slack=0.000000 | y_low=0.000000 | y_up=0.000000 | total_real=1.000000
cliente 11 | lambda=1.000000 | slack=0.000000 | y_low=0.000000 | y_up=0.000000 | total_real=1.000000
cliente 12 | lambda=1.000000 | slack=0.000000 | y_low=0.000000 | y_up=0.000000 | total_real=1.000000
cliente 13 | lambda=1.000000 | slack=0.000000 | y_low=0.000000 | y_up=0.000000 | total_real=1.000000
cliente 14 | lambda=0.000000 | slack=0.000000 | y_low=0.000000 | y_up=1.000000 | total_real=1.000000


================ DUAIS DO MESTRE ================

PI (clientes):
  pi[1] =  1.134992
  pi[2] =  3.378502
  pi[3] = -1.854347
  pi[4] =  10.759895
  pi[5] =  2.630759
  pi[6] =  14.000000
  pi[7] =  14.000000
  pi[8] =  14.000000
  pi[9] =  14.000000
  pi[10] =  9.360865
  pi[11] =  0.351477
  pi[12] = -1.717492
  pi[13] =  12.000000
  pi[14] =  14.000000

SIGMA (veículos):
  sigma[0] = -0.000000
  sigma[1] = -0.000000

MU (arcos):
  sem duais de arco
=================================================

 [ETSAB] gamma_pi = 10.000000
[ORDEM PRICING] iter=6 | veiculos=[0, 1]
TESTA ALLBEST_SILVA
[PRICING MULTI] origem=ALLBEST_SILVA | k=0 | geradas=1 | novas_pool=1 | duplicadas_pool=0 | completa=False
[SILVA PRICING]
k=0
ALLBEST=1
BID_CPP=0
PD_CPP=0
pd_completa=None
pd_timeout=None
labels_pd=None
nivel_pd=None
melhor_rc=-3.202074713561302
origem=ALLBEST_SILVA
certifica_k=False
TESTA ALLBEST_SILVA
[PRICING MULTI] origem=ALLBEST_SILVA | k=1 | geradas=1 | novas_pool=1 | duplicadas_pool=0 | completa=False
[SILVA PRICING]
k=1
ALLBEST=1
BID_CPP=0
PD_CPP=0
pd_completa=None
pd_timeout=None
labels_pd=None
nivel_pd=None
melhor_rc=-0.6389209162970388
origem=ALLBEST_SILVA
certifica_k=False
[SILVA CERT] todos_k_certificados=False
[SELECAO MULTI] iter=6 | selecionadas=2 | por_veiculo={0: 1, 1: 1}
GAMMA PI 10.0
GAMMA PI atualizado 10.0
Tempo total nessa geracao : 0.3s
Tempo total no NO: 2.6s
TAMANHO NOVAS COL 2

--- Nova Coluna ---
Veículo: 0
Sequência: [0, 7, 6, 5, 2, 10, 8, 9, 1, 11, 13, 14, 15]
Custo: 95.65
Custo Reduzido: -3.202075
Clientes atendidos: [1, 2, 5, 6, 7, 8, 9, 10, 11, 13, 14]
TAMANHO NOVAS COL 2

--- Nova Coluna ---
Veículo: 1
Sequência: [0, 8, 10, 9, 1, 5, 2, 4, 3, 6, 7, 11, 12, 14, 15]
Custo: 93.41
Custo Reduzido: -0.638921
Clientes atendidos: [1, 2, 3, 4, 5, 6, 7, 8, 9, 10, 11, 12, 14]

[COPIA ACEITA] origem_k=0 | destino_k=1 | custo=96.117675 | rc=-2.738920
[COPIA REJEITADA] origem_k=1 | destino_k=0 | motivo=viabilidade | seq=[0, 8, 10, 9, 1, 5, 2, 4, 3, 6, 7, 11, 12, 14, 15]
[COLUNAS ITER] novas=3 | duplicadas=0 | por_veiculo={0: 1, 1: 2}
[Nó 0] Iter 6 - Obj = 106.4057  Colunas = 23 inst= C:\Users\PolyanaSilva\Documents\BP_VRPTW\instancias\Petro_instancias\14n-2k-6c-008r_ML_silva2024.json
[Nó 0] inst= C:\Users\PolyanaSilva\Documents\BP_VRPTW\instancias\Petro_instancias\14n-2k-6c-008r_ML_silva2024.json Colunas ativas na iteração 6: 
   veic=0 | col=1 | lambda=1.000000 | custo=0.0000 | rota=[0, 15]
   veic=1 | col=11 | lambda=1.000000 | custo=93.4057 | rota=[0, 8, 10, 9, 1, 5, 2, 4, 3, 6, 7, 11, 12, 14, 15]
Diff FO-  Sem melhora 0 
   valor recomposto = 93.405731

   valor recomposto = 93.405731

--- COBERTURA POR CLIENTE ---
cliente 01 | lambda=1.000000 | slack=0.000000 | y_low=0.000000 | y_up=0.000000 | total_real=1.000000
cliente 02 | lambda=1.000000 | slack=0.000000 | y_low=0.000000 | y_up=0.000000 | total_real=1.000000
cliente 03 | lambda=1.000000 | slack=0.000000 | y_low=0.000000 | y_up=0.000000 | total_real=1.000000
cliente 04 | lambda=1.000000 | slack=0.000000 | y_low=0.000000 | y_up=0.000000 | total_real=1.000000
cliente 05 | lambda=1.000000 | slack=0.000000 | y_low=0.000000 | y_up=0.000000 | total_real=1.000000
cliente 06 | lambda=1.000000 | slack=0.000000 | y_low=0.000000 | y_up=0.000000 | total_real=1.000000
cliente 07 | lambda=1.000000 | slack=0.000000 | y_low=0.000000 | y_up=0.000000 | total_real=1.000000
cliente 08 | lambda=1.000000 | slack=0.000000 | y_low=0.000000 | y_up=0.000000 | total_real=1.000000
cliente 09 | lambda=1.000000 | slack=0.000000 | y_low=0.000000 | y_up=0.000000 | total_real=1.000000
cliente 10 | lambda=1.000000 | slack=0.000000 | y_low=0.000000 | y_up=0.000000 | total_real=1.000000
cliente 11 | lambda=1.000000 | slack=0.000000 | y_low=0.000000 | y_up=0.000000 | total_real=1.000000
cliente 12 | lambda=1.000000 | slack=0.000000 | y_low=0.000000 | y_up=0.000000 | total_real=1.000000
cliente 13 | lambda=0.000000 | slack=0.000000 | y_low=0.000000 | y_up=1.000000 | total_real=1.000000
cliente 14 | lambda=1.000000 | slack=0.000000 | y_low=0.000000 | y_up=0.000000 | total_real=1.000000


================ DUAIS DO MESTRE ================

PI (clientes):
  pi[1] =  1.134992
  pi[2] = -0.222535
  pi[3] = -2.253309
  pi[4] =  11.759895
  pi[5] = -0.369241
  pi[6] =  15.000000
  pi[7] =  15.000000
  pi[8] =  15.000000
  pi[9] =  15.000000
  pi[10] =  10.360865
  pi[11] = -3.249560
  pi[12] =  1.883545
  pi[13] =  13.000000
  pi[14] =  15.000000

SIGMA (veículos):
  sigma[0] = -0.000000
  sigma[1] = -0.000000

MU (arcos):
  sem duais de arco
=================================================

 [ETSAB] gamma_pi = 10.000000
[ORDEM PRICING] iter=7 | veiculos=[0, 1]
TESTA ALLBEST_SILVA
[PRICING MULTI] origem=ALLBEST_SILVA | k=0 | geradas=2 | novas_pool=2 | duplicadas_pool=0 | completa=False
[SILVA PRICING]
k=0
ALLBEST=2
BID_CPP=0
PD_CPP=0
pd_completa=None
pd_timeout=None
labels_pd=None
nivel_pd=None
melhor_rc=-3.9741605334874066
origem=ALLBEST_SILVA
certifica_k=False
TESTA ALLBEST_SILVA
[PRICING MULTI] origem=ALLBEST_SILVA | k=1 | geradas=4 | novas_pool=4 | duplicadas_pool=0 | completa=False
[SILVA PRICING]
k=1
ALLBEST=4
BID_CPP=0
PD_CPP=0
pd_completa=None
pd_timeout=None
labels_pd=None
nivel_pd=None
melhor_rc=-14.671469023100755
origem=ALLBEST_SILVA
certifica_k=False
[SILVA CERT] todos_k_certificados=False
[SELECAO MULTI] iter=7 | selecionadas=4 | por_veiculo={0: 2, 1: 2}
GAMMA PI 10.0
GAMMA PI atualizado 10.0
Tempo total nessa geracao : 0.4s
Tempo total no NO: 2.9s
TAMANHO NOVAS COL 4

--- Nova Coluna ---
Veículo: 0
Sequência: [0, 7, 6, 5, 1, 8, 9, 10, 14, 12, 4, 15]
Custo: 95.80
Custo Reduzido: -3.974161
Clientes atendidos: [1, 4, 5, 6, 7, 8, 9, 10, 12, 14]
TAMANHO NOVAS COL 4

--- Nova Coluna ---
Veículo: 1
Sequência: [0, 8, 10, 9, 1, 2, 4, 3, 7, 6, 14, 12, 13, 15]
Custo: 95.99
Custo Reduzido: -14.671469
Clientes atendidos: [1, 2, 3, 4, 6, 7, 8, 9, 10, 12, 13, 14]
TAMANHO NOVAS COL 4

--- Nova Coluna ---
Veículo: 0
Sequência: [0, 1, 8, 9, 10, 6, 7, 2, 4, 5, 14, 12, 15]
Custo: 95.97
Custo Reduzido: -3.575159
Clientes atendidos: [1, 2, 4, 5, 6, 7, 8, 9, 10, 12, 14]
TAMANHO NOVAS COL 4

--- Nova Coluna ---
Veículo: 1
Sequência: [0, 4, 6, 7, 8, 9, 10, 5, 14, 13, 15]
Custo: 95.57
Custo Reduzido: -14.182408
Clientes atendidos: [4, 5, 6, 7, 8, 9, 10, 13, 14]

[COPIA ACEITA] origem_k=0 | destino_k=1 | custo=99.687397 | rc=-0.082660
[COPIA REJEITADA] origem_k=1 | destino_k=0 | motivo=viabilidade | seq=[0, 8, 10, 9, 1, 2, 4, 3, 7, 6, 14, 12, 13, 15]
[LIMITE MULTI] k=1 | motivo=limite_veiculo
Nao adicionou no k 1
[COPIA REJEITADA] origem_k=1 | destino_k=0 | motivo=viabilidade | seq=[0, 4, 6, 7, 8, 9, 10, 5, 14, 13, 15]
[LIMITE MULTI] k=1 | motivo=limite_veiculo
Nao adicionou no k 1
[COLUNAS ITER] novas=4 | duplicadas=0 | por_veiculo={0: 2, 1: 2}
[Nó 0] Rodando MIP periódico após 11 novas colunas realmente adicionadas...
[Nó 0] MIP periódico encontrou solução inteira válida. FO=181.917133
[Nó 0] Iter 7 - Obj = 107.4057  Colunas = 27 inst= C:\Users\PolyanaSilva\Documents\BP_VRPTW\instancias\Petro_instancias\14n-2k-6c-008r_ML_silva2024.json
[Nó 0] inst= C:\Users\PolyanaSilva\Documents\BP_VRPTW\instancias\Petro_instancias\14n-2k-6c-008r_ML_silva2024.json Colunas ativas na iteração 7: 
   veic=0 | col=1 | lambda=1.000000 | custo=0.0000 | rota=[0, 15]
   veic=1 | col=11 | lambda=1.000000 | custo=93.4057 | rota=[0, 8, 10, 9, 1, 5, 2, 4, 3, 6, 7, 11, 12, 14, 15]
MESMA FO-  Sem melhora 1 Recom 93.40573078737023 Ultmf 93.40573078737023  VALOR SUB 0.0
   valor recomposto = 93.405731

   valor recomposto = 93.405731

--- COBERTURA POR CLIENTE ---
cliente 01 | lambda=1.000000 | slack=0.000000 | y_low=0.000000 | y_up=0.000000 | total_real=1.000000
cliente 02 | lambda=1.000000 | slack=0.000000 | y_low=0.000000 | y_up=0.000000 | total_real=1.000000
cliente 03 | lambda=1.000000 | slack=0.000000 | y_low=0.000000 | y_up=0.000000 | total_real=1.000000
cliente 04 | lambda=1.000000 | slack=0.000000 | y_low=0.000000 | y_up=0.000000 | total_real=1.000000
cliente 05 | lambda=1.000000 | slack=0.000000 | y_low=0.000000 | y_up=0.000000 | total_real=1.000000
cliente 06 | lambda=1.000000 | slack=0.000000 | y_low=0.000000 | y_up=0.000000 | total_real=1.000000
cliente 07 | lambda=1.000000 | slack=0.000000 | y_low=0.000000 | y_up=0.000000 | total_real=1.000000
cliente 08 | lambda=1.000000 | slack=0.000000 | y_low=0.000000 | y_up=0.000000 | total_real=1.000000
cliente 09 | lambda=1.000000 | slack=0.000000 | y_low=0.000000 | y_up=0.000000 | total_real=1.000000
cliente 10 | lambda=1.000000 | slack=0.000000 | y_low=0.000000 | y_up=0.000000 | total_real=1.000000
cliente 11 | lambda=1.000000 | slack=0.000000 | y_low=0.000000 | y_up=0.000000 | total_real=1.000000
cliente 12 | lambda=1.000000 | slack=0.000000 | y_low=0.000000 | y_up=0.000000 | total_real=1.000000
cliente 13 | lambda=0.000000 | slack=0.000000 | y_low=0.000000 | y_up=1.000000 | total_real=1.000000
cliente 14 | lambda=1.000000 | slack=0.000000 | y_low=0.000000 | y_up=0.000000 | total_real=1.000000


================ DUAIS DO MESTRE ================

PI (clientes):
  pi[1] =  1.134992
  pi[2] =  1.000927
  pi[3] = -0.390925
  pi[4] =  12.120974
  pi[5] =  13.439844
  pi[6] =  10.191995
  pi[7] =  16.000000
  pi[8] = -0.170164
  pi[9] =  16.000000
  pi[10] =  10.721944
  pi[11] = -2.026098
  pi[12] =  0.021162
  pi[13] =  14.000000
  pi[14] =  15.361079

SIGMA (veículos):
  sigma[0] = -0.000000
  sigma[1] = -0.000000

MU (arcos):
  sem duais de arco
=================================================

 [ETSAB] gamma_pi = 10.000000
[ORDEM PRICING] iter=8 | veiculos=[0, 1]
TESTA ALLBEST_SILVA
[PRICING MULTI] origem=ALLBEST_SILVA | k=0 | geradas=0 | novas_pool=0 | duplicadas_pool=0 | completa=False
TESTA BID_SILVA_CPP
[PRICING MULTI] origem=BID_SILVA_CPP | k=0 | geradas=20 | novas_pool=20 | duplicadas_pool=0 | completa=False
[SILVA PRICING]
k=0
ALLBEST=0
BID_CPP=20
PD_CPP=0
pd_completa=None
pd_timeout=None
labels_pd=None
nivel_pd=None
melhor_rc=-5.334607337392857
origem=BID_SILVA_CPP
certifica_k=False
TESTA ALLBEST_SILVA
[PRICING MULTI] origem=ALLBEST_SILVA | k=1 | geradas=0 | novas_pool=0 | duplicadas_pool=0 | completa=False
TESTA BID_SILVA_CPP
[PRICING MULTI] origem=BID_SILVA_CPP | k=1 | geradas=20 | novas_pool=20 | duplicadas_pool=0 | completa=False
[SILVA PRICING]
k=1
ALLBEST=0
BID_CPP=20
PD_CPP=0
pd_completa=None
pd_timeout=None
labels_pd=None
nivel_pd=None
melhor_rc=-3.3033907976979826
origem=BID_SILVA_CPP
certifica_k=False
[SILVA CERT] todos_k_certificados=False
[SELECAO MULTI] iter=8 | selecionadas=4 | por_veiculo={0: 2, 1: 2}
GAMMA PI 10.0
GAMMA PI atualizado 10.0
Tempo total nessa geracao : 0.3s
Tempo total no NO: 3.2s
TAMANHO NOVAS COL 4

--- Nova Coluna ---
Veículo: 0
Sequência: [0, 10, 9, 5, 7, 6, 15]
Custo: 61.02
Custo Reduzido: -5.334607
Clientes atendidos: [5, 6, 7, 9, 10]
TAMANHO NOVAS COL 4

--- Nova Coluna ---
Veículo: 1
Sequência: [0, 9, 5, 7, 6, 15]
Custo: 52.33
Custo Reduzido: -3.303391
Clientes atendidos: [5, 6, 7, 9]
TAMANHO NOVAS COL 4

--- Nova Coluna ---
Veículo: 0
Sequência: [0, 9, 10, 5, 7, 6, 15]
Custo: 61.02
Custo Reduzido: -5.334607
Clientes atendidos: [5, 6, 7, 9, 10]
TAMANHO NOVAS COL 4

--- Nova Coluna ---
Veículo: 1
Sequência: [0, 9, 5, 6, 7, 15]
Custo: 52.33
Custo Reduzido: -3.303391
Clientes atendidos: [5, 6, 7, 9]

[COPIA ACEITA] origem_k=0 | destino_k=1 | custo=58.063171 | rc=-8.290613
[COPIA ACEITA] origem_k=1 | destino_k=0 | custo=55.284454 | rc=-0.347385
[LIMITE MULTI] k=0 | motivo=limite_veiculo
Nao adicionou no k 0
[LIMITE MULTI] k=1 | motivo=limite_veiculo
Nao adicionou no k 1
[LIMITE MULTI] k=0 | motivo=limite_veiculo
Nao adicionou no k 0
[LIMITE MULTI] k=1 | motivo=limite_veiculo
Nao adicionou no k 1
[COLUNAS ITER] novas=4 | duplicadas=0 | por_veiculo={0: 2, 1: 2}
[Nó 0] Iter 8 - Obj = 108.4057  Colunas = 31 inst= C:\Users\PolyanaSilva\Documents\BP_VRPTW\instancias\Petro_instancias\14n-2k-6c-008r_ML_silva2024.json
[Nó 0] inst= C:\Users\PolyanaSilva\Documents\BP_VRPTW\instancias\Petro_instancias\14n-2k-6c-008r_ML_silva2024.json Colunas ativas na iteração 8: 
   veic=0 | col=1 | lambda=1.000000 | custo=0.0000 | rota=[0, 15]
   veic=1 | col=11 | lambda=1.000000 | custo=93.4057 | rota=[0, 8, 10, 9, 1, 5, 2, 4, 3, 6, 7, 11, 12, 14, 15]
MESMA FO-  Sem melhora 2 Recom 93.40573078737023 Ultmf 93.40573078737023  VALOR SUB 0.0
   valor recomposto = 93.405731

   valor recomposto = 93.405731

--- COBERTURA POR CLIENTE ---
cliente 01 | lambda=1.000000 | slack=0.000000 | y_low=0.000000 | y_up=0.000000 | total_real=1.000000
cliente 02 | lambda=1.000000 | slack=0.000000 | y_low=0.000000 | y_up=0.000000 | total_real=1.000000
cliente 03 | lambda=1.000000 | slack=0.000000 | y_low=0.000000 | y_up=0.000000 | total_real=1.000000
cliente 04 | lambda=1.000000 | slack=0.000000 | y_low=0.000000 | y_up=0.000000 | total_real=1.000000
cliente 05 | lambda=1.000000 | slack=0.000000 | y_low=0.000000 | y_up=0.000000 | total_real=1.000000
cliente 06 | lambda=1.000000 | slack=0.000000 | y_low=0.000000 | y_up=0.000000 | total_real=1.000000
cliente 07 | lambda=1.000000 | slack=0.000000 | y_low=0.000000 | y_up=0.000000 | total_real=1.000000
cliente 08 | lambda=1.000000 | slack=0.000000 | y_low=0.000000 | y_up=0.000000 | total_real=1.000000
cliente 09 | lambda=1.000000 | slack=0.000000 | y_low=0.000000 | y_up=0.000000 | total_real=1.000000
cliente 10 | lambda=1.000000 | slack=0.000000 | y_low=0.000000 | y_up=0.000000 | total_real=1.000000
cliente 11 | lambda=1.000000 | slack=0.000000 | y_low=0.000000 | y_up=0.000000 | total_real=1.000000
cliente 12 | lambda=1.000000 | slack=0.000000 | y_low=0.000000 | y_up=0.000000 | total_real=1.000000
cliente 13 | lambda=0.000000 | slack=0.000000 | y_low=0.000000 | y_up=1.000000 | total_real=1.000000
cliente 14 | lambda=1.000000 | slack=0.000000 | y_low=0.000000 | y_up=0.000000 | total_real=1.000000


================ DUAIS DO MESTRE ================

PI (clientes):
  pi[1] =  3.037998
  pi[2] =  0.926123
  pi[3] = -0.465730
  pi[4] =  15.023979
  pi[5] =  12.611643
  pi[6] =  1.632588
  pi[7] =  17.000000
  pi[8] =  0.561042
  pi[9] =  17.000000
  pi[10] =  11.721944
  pi[11] = -0.197897
  pi[12] =  0.095966
  pi[13] =  15.000000
  pi[14] =  16.361079

SIGMA (veículos):
  sigma[0] = -0.000000
  sigma[1] = -1.903005

MU (arcos):
  sem duais de arco
=================================================

 [ETSAB] gamma_pi = 10.000000
[ORDEM PRICING] iter=9 | veiculos=[0, 1]
TESTA ALLBEST_SILVA
[PRICING MULTI] origem=ALLBEST_SILVA | k=0 | geradas=0 | novas_pool=0 | duplicadas_pool=0 | completa=False
TESTA BID_SILVA_CPP
[PRICING MULTI] origem=BID_SILVA_CPP | k=0 | geradas=20 | novas_pool=20 | duplicadas_pool=0 | completa=False
[SILVA PRICING]
k=0
ALLBEST=0
BID_CPP=20
PD_CPP=0
pd_completa=None
pd_timeout=None
labels_pd=None
nivel_pd=None
melhor_rc=-3.8161069936246967
origem=BID_SILVA_CPP
certifica_k=False
TESTA ALLBEST_SILVA
[PRICING MULTI] origem=ALLBEST_SILVA | k=1 | geradas=0 | novas_pool=0 | duplicadas_pool=0 | completa=False
TESTA BID_SILVA_CPP
[PRICING MULTI] origem=BID_SILVA_CPP | k=1 | geradas=20 | novas_pool=20 | duplicadas_pool=0 | completa=False
[SILVA PRICING]
k=1
ALLBEST=0
BID_CPP=20
PD_CPP=0
pd_completa=None
pd_timeout=None
labels_pd=None
nivel_pd=None
melhor_rc=-3.503245157444888
origem=BID_SILVA_CPP
certifica_k=False
[SILVA CERT] todos_k_certificados=False
[SELECAO MULTI] iter=9 | selecionadas=4 | por_veiculo={0: 2, 1: 2}
GAMMA PI 10.0
GAMMA PI atualizado 10.0
Tempo total nessa geracao : 0.2s
Tempo total no NO: 3.4s
TAMANHO NOVAS COL 4

--- Nova Coluna ---
Veículo: 0
Sequência: [0, 10, 9, 5, 7, 4, 15]
Custo: 69.54
Custo Reduzido: -3.816107
Clientes atendidos: [4, 5, 7, 9, 10]
TAMANHO NOVAS COL 4

--- Nova Coluna ---
Veículo: 1
Sequência: [0, 7, 5, 9, 10, 15]
Custo: 52.93
Custo Reduzido: -3.503245
Clientes atendidos: [5, 7, 9, 10]
TAMANHO NOVAS COL 4

--- Nova Coluna ---
Veículo: 0
Sequência: [0, 9, 10, 5, 7, 4, 15]
Custo: 69.54
Custo Reduzido: -3.816107
Clientes atendidos: [4, 5, 7, 9, 10]
TAMANHO NOVAS COL 4

--- Nova Coluna ---
Veículo: 1
Sequência: [0, 10, 9, 5, 7, 15]
Custo: 52.93
Custo Reduzido: -3.503245
Clientes atendidos: [5, 7, 9, 10]

[COPIA ACEITA] origem_k=0 | destino_k=1 | custo=66.582641 | rc=-4.871920
[COPIA ACEITA] origem_k=1 | destino_k=0 | custo=55.883343 | rc=-2.450245
[LIMITE MULTI] k=0 | motivo=limite_veiculo
Nao adicionou no k 0
[LIMITE MULTI] k=1 | motivo=limite_veiculo
Nao adicionou no k 1
[LIMITE MULTI] k=0 | motivo=limite_veiculo
Nao adicionou no k 0
[LIMITE MULTI] k=1 | motivo=limite_veiculo
Nao adicionou no k 1
[COLUNAS ITER] novas=4 | duplicadas=0 | por_veiculo={0: 2, 1: 2}
[Nó 0] Iter 9 - Obj = 109.4057  Colunas = 35 inst= C:\Users\PolyanaSilva\Documents\BP_VRPTW\instancias\Petro_instancias\14n-2k-6c-008r_ML_silva2024.json
[Nó 0] inst= C:\Users\PolyanaSilva\Documents\BP_VRPTW\instancias\Petro_instancias\14n-2k-6c-008r_ML_silva2024.json Colunas ativas na iteração 9: 
   veic=0 | col=1 | lambda=1.000000 | custo=0.0000 | rota=[0, 15]
   veic=1 | col=11 | lambda=1.000000 | custo=93.4057 | rota=[0, 8, 10, 9, 1, 5, 2, 4, 3, 6, 7, 11, 12, 14, 15]
MESMA FO-  Sem melhora 3 Recom 93.40573078737023 Ultmf 93.40573078737023  VALOR SUB 0.0
   valor recomposto = 93.405731

   valor recomposto = 93.405731

--- COBERTURA POR CLIENTE ---
cliente 01 | lambda=1.000000 | slack=0.000000 | y_low=0.000000 | y_up=0.000000 | total_real=1.000000
cliente 02 | lambda=1.000000 | slack=0.000000 | y_low=0.000000 | y_up=0.000000 | total_real=1.000000
cliente 03 | lambda=1.000000 | slack=0.000000 | y_low=0.000000 | y_up=0.000000 | total_real=1.000000
cliente 04 | lambda=1.000000 | slack=0.000000 | y_low=0.000000 | y_up=0.000000 | total_real=1.000000
cliente 05 | lambda=1.000000 | slack=0.000000 | y_low=0.000000 | y_up=0.000000 | total_real=1.000000
cliente 06 | lambda=1.000000 | slack=0.000000 | y_low=0.000000 | y_up=0.000000 | total_real=1.000000
cliente 07 | lambda=1.000000 | slack=0.000000 | y_low=0.000000 | y_up=0.000000 | total_real=1.000000
cliente 08 | lambda=1.000000 | slack=0.000000 | y_low=0.000000 | y_up=0.000000 | total_real=1.000000
cliente 09 | lambda=1.000000 | slack=0.000000 | y_low=0.000000 | y_up=0.000000 | total_real=1.000000
cliente 10 | lambda=1.000000 | slack=0.000000 | y_low=0.000000 | y_up=0.000000 | total_real=1.000000
cliente 11 | lambda=1.000000 | slack=0.000000 | y_low=0.000000 | y_up=0.000000 | total_real=1.000000
cliente 12 | lambda=1.000000 | slack=0.000000 | y_low=0.000000 | y_up=0.000000 | total_real=1.000000
cliente 13 | lambda=0.000000 | slack=0.000000 | y_low=0.000000 | y_up=1.000000 | total_real=1.000000
cliente 14 | lambda=1.000000 | slack=0.000000 | y_low=0.000000 | y_up=0.000000 | total_real=1.000000


================ DUAIS DO MESTRE ================

PI (clientes):
  pi[1] =  3.237998
  pi[2] =  0.926123
  pi[3] = -0.465730
  pi[4] =  16.223979
  pi[5] =  13.411643
  pi[6] =  15.940538
  pi[7] =  0.092050
  pi[8] = -2.038958
  pi[9] =  18.000000
  pi[10] =  12.721944
  pi[11] =  0.002103
  pi[12] =  0.095966
  pi[13] =  16.000000
  pi[14] =  17.361079

SIGMA (veículos):
  sigma[0] = -0.000000
  sigma[1] = -2.103005

MU (arcos):
  sem duais de arco
=================================================

 [ETSAB] gamma_pi = 10.000000
[ORDEM PRICING] iter=10 | veiculos=[0, 1]
TESTA ALLBEST_SILVA
[PRICING MULTI] origem=ALLBEST_SILVA | k=0 | geradas=5 | novas_pool=5 | duplicadas_pool=0 | completa=False
[SILVA PRICING]
k=0
ALLBEST=5
BID_CPP=0
PD_CPP=0
pd_completa=None
pd_timeout=None
labels_pd=None
nivel_pd=None
melhor_rc=-18.240892781181888
origem=ALLBEST_SILVA
certifica_k=False
TESTA ALLBEST_SILVA
[PRICING MULTI] origem=ALLBEST_SILVA | k=1 | geradas=0 | novas_pool=0 | duplicadas_pool=0 | completa=False
TESTA BID_SILVA_CPP
[PRICING MULTI] origem=BID_SILVA_CPP | k=1 | geradas=20 | novas_pool=20 | duplicadas_pool=0 | completa=False
[SILVA PRICING]
k=1
ALLBEST=0
BID_CPP=20
PD_CPP=0
pd_completa=None
pd_timeout=None
labels_pd=None
nivel_pd=None
melhor_rc=-8.482950203855253
origem=BID_SILVA_CPP
certifica_k=False
[SILVA CERT] todos_k_certificados=False
[SELECAO MULTI] iter=10 | selecionadas=4 | por_veiculo={0: 2, 1: 2}
GAMMA PI 10.0
GAMMA PI atualizado 10.0
Tempo total nessa geracao : 0.3s
Tempo total no NO: 3.7s
TAMANHO NOVAS COL 4

--- Nova Coluna ---
Veículo: 0
Sequência: [0, 10, 9, 2, 4, 6, 5, 1, 11, 13, 14, 15]
Custo: 95.58
Custo Reduzido: -18.240893
Clientes atendidos: [1, 2, 4, 5, 6, 9, 10, 11, 13, 14]
TAMANHO NOVAS COL 4

--- Nova Coluna ---
Veículo: 1
Sequência: [0, 9, 10, 5, 6, 15]
Custo: 49.49
Custo Reduzido: -8.482950
Clientes atendidos: [5, 6, 9, 10]
TAMANHO NOVAS COL 4

--- Nova Coluna ---
Veículo: 0
Sequência: [0, 1, 8, 10, 9, 2, 4, 3, 5, 6, 13, 11, 12, 14, 15]
Custo: 95.53
Custo Reduzido: -15.886949
Clientes atendidos: [1, 2, 3, 4, 5, 6, 8, 9, 10, 11, 12, 13, 14]
TAMANHO NOVAS COL 4

--- Nova Coluna ---
Veículo: 1
Sequência: [0, 10, 9, 5, 6, 15]
Custo: 49.49
Custo Reduzido: -8.482950
Clientes atendidos: [5, 6, 9, 10]

[COPIA ACEITA] origem_k=0 | destino_k=1 | custo=95.757675 | rc=-15.964728
[COPIA ACEITA] origem_k=1 | destino_k=0 | custo=52.444176 | rc=-7.629950
[LIMITE MULTI] k=0 | motivo=limite_veiculo
Nao adicionou no k 0
[LIMITE MULTI] k=1 | motivo=limite_veiculo
Nao adicionou no k 1
[LIMITE MULTI] k=0 | motivo=limite_veiculo
Nao adicionou no k 0
[LIMITE MULTI] k=1 | motivo=limite_veiculo
Nao adicionou no k 1
[COLUNAS ITER] novas=4 | duplicadas=0 | por_veiculo={0: 2, 1: 2}
[Nó 0] Rodando MIP periódico após 12 novas colunas realmente adicionadas...
[Nó 0] MIP periódico encontrou solução inteira válida. FO=181.917133
[Nó 0] Iter 10 - Obj = 110.4057  Colunas = 39 inst= C:\Users\PolyanaSilva\Documents\BP_VRPTW\instancias\Petro_instancias\14n-2k-6c-008r_ML_silva2024.json
[Nó 0] inst= C:\Users\PolyanaSilva\Documents\BP_VRPTW\instancias\Petro_instancias\14n-2k-6c-008r_ML_silva2024.json Colunas ativas na iteração 10: 
   veic=0 | col=1 | lambda=1.000000 | custo=0.0000 | rota=[0, 15]
   veic=1 | col=11 | lambda=1.000000 | custo=93.4057 | rota=[0, 8, 10, 9, 1, 5, 2, 4, 3, 6, 7, 11, 12, 14, 15]
MESMA FO-  Sem melhora 4 Recom 93.40573078737023 Ultmf 93.40573078737023  VALOR SUB 0.0
   valor recomposto = 93.405731

   valor recomposto = 93.405731

--- COBERTURA POR CLIENTE ---
cliente 01 | lambda=1.000000 | slack=0.000000 | y_low=0.000000 | y_up=0.000000 | total_real=1.000000
cliente 02 | lambda=1.000000 | slack=0.000000 | y_low=0.000000 | y_up=0.000000 | total_real=1.000000
cliente 03 | lambda=1.000000 | slack=0.000000 | y_low=0.000000 | y_up=0.000000 | total_real=1.000000
cliente 04 | lambda=1.000000 | slack=0.000000 | y_low=0.000000 | y_up=0.000000 | total_real=1.000000
cliente 05 | lambda=1.000000 | slack=0.000000 | y_low=0.000000 | y_up=0.000000 | total_real=1.000000
cliente 06 | lambda=1.000000 | slack=0.000000 | y_low=0.000000 | y_up=0.000000 | total_real=1.000000
cliente 07 | lambda=1.000000 | slack=0.000000 | y_low=0.000000 | y_up=0.000000 | total_real=1.000000
cliente 08 | lambda=1.000000 | slack=0.000000 | y_low=0.000000 | y_up=0.000000 | total_real=1.000000
cliente 09 | lambda=1.000000 | slack=0.000000 | y_low=0.000000 | y_up=0.000000 | total_real=1.000000
cliente 10 | lambda=1.000000 | slack=0.000000 | y_low=0.000000 | y_up=0.000000 | total_real=1.000000
cliente 11 | lambda=1.000000 | slack=0.000000 | y_low=0.000000 | y_up=0.000000 | total_real=1.000000
cliente 12 | lambda=1.000000 | slack=0.000000 | y_low=0.000000 | y_up=0.000000 | total_real=1.000000
cliente 13 | lambda=0.000000 | slack=0.000000 | y_low=0.000000 | y_up=1.000000 | total_real=1.000000
cliente 14 | lambda=1.000000 | slack=0.000000 | y_low=0.000000 | y_up=0.000000 | total_real=1.000000


================ DUAIS DO MESTRE ================

PI (clientes):
  pi[1] =  1.134992
  pi[2] =  0.176466
  pi[3] = -0.907892
  pi[4] =  15.120974
  pi[5] =  16.072486
  pi[6] =  7.728176
  pi[7] =  12.613427
  pi[8] =  2.270057
  pi[9] =  7.927137
  pi[10] =  13.721944
  pi[11] = -1.658739
  pi[12] =  0.845623
  pi[13] =  17.000000
  pi[14] =  18.361079

SIGMA (veículos):
  sigma[0] = -0.000000
  sigma[1] = -0.000000

MU (arcos):
  sem duais de arco
=================================================

 [ETSAB] gamma_pi = 10.000000
[ORDEM PRICING] iter=11 | veiculos=[0, 1]
TESTA ALLBEST_SILVA
[PRICING MULTI] origem=ALLBEST_SILVA | k=0 | geradas=0 | novas_pool=0 | duplicadas_pool=0 | completa=False
TESTA BID_SILVA_CPP
[PRICING MULTI] origem=BID_SILVA_CPP | k=0 | geradas=20 | novas_pool=20 | duplicadas_pool=0 | completa=False
[SILVA PRICING]
k=0
ALLBEST=0
BID_CPP=20
PD_CPP=0
pd_completa=None
pd_timeout=None
labels_pd=None
nivel_pd=None
melhor_rc=-3.6989993073849803
origem=BID_SILVA_CPP
certifica_k=False
TESTA ALLBEST_SILVA
[PRICING MULTI] origem=ALLBEST_SILVA | k=1 | geradas=0 | novas_pool=0 | duplicadas_pool=0 | completa=False
TESTA BID_SILVA_CPP
[PRICING MULTI] origem=BID_SILVA_CPP | k=1 | geradas=20 | novas_pool=20 | duplicadas_pool=0 | completa=False
[SILVA PRICING]
k=1
ALLBEST=0
BID_CPP=20
PD_CPP=0
pd_completa=None
pd_timeout=None
labels_pd=None
nivel_pd=None
melhor_rc=-2.5859137125857075
origem=BID_SILVA_CPP
certifica_k=False
[SILVA CERT] todos_k_certificados=False
[SELECAO MULTI] iter=11 | selecionadas=4 | por_veiculo={0: 2, 1: 2}
GAMMA PI 10.0
GAMMA PI atualizado 10.0
Tempo total nessa geracao : 0.2s
Tempo total no NO: 3.9s
TAMANHO NOVAS COL 4

--- Nova Coluna ---
Veículo: 0
Sequência: [0, 10, 9, 5, 6, 7, 4, 14, 15]
Custo: 87.85
Custo Reduzido: -3.698999
Clientes atendidos: [4, 5, 6, 7, 9, 10, 14]
TAMANHO NOVAS COL 4

--- Nova Coluna ---
Veículo: 1
Sequência: [0, 10, 9, 5, 7, 6, 4, 13, 15]
Custo: 87.60
Custo Reduzido: -2.585914
Clientes atendidos: [4, 5, 6, 7, 9, 10, 13]
TAMANHO NOVAS COL 4

--- Nova Coluna ---
Veículo: 0
Sequência: [0, 10, 9, 5, 7, 6, 4, 14, 15]
Custo: 87.85
Custo Reduzido: -3.698999
Clientes atendidos: [4, 5, 6, 7, 9, 10, 14]
TAMANHO NOVAS COL 4

--- Nova Coluna ---
Veículo: 1
Sequência: [0, 10, 9, 5, 7, 6, 4, 15]
Custo: 71.72
Custo Reduzido: -1.465670
Clientes atendidos: [4, 5, 6, 7, 9, 10]
[MIP_LOG] iter=10 | colunas_pool=39 | frequencia=10

[COPIA ACEITA] origem_k=0 | destino_k=1 | custo=91.140175 | rc=-0.405048
[COPIA REJEITADA] origem_k=1 | destino_k=0 | motivo=viabilidade | seq=[0, 10, 9, 5, 7, 6, 4, 13, 15]
[LIMITE MULTI] k=1 | motivo=limite_veiculo
Nao adicionou no k 1
Nao adicionou no k 0
[LIMITE MULTI] k=1 | motivo=limite_veiculo
Nao adicionou no k 1
[COLUNAS ITER] novas=4 | duplicadas=0 | por_veiculo={0: 2, 1: 2}
[Nó 0] Iter 11 - Obj = 111.4057  Colunas = 43 inst= C:\Users\PolyanaSilva\Documents\BP_VRPTW\instancias\Petro_instancias\14n-2k-6c-008r_ML_silva2024.json
[Nó 0] inst= C:\Users\PolyanaSilva\Documents\BP_VRPTW\instancias\Petro_instancias\14n-2k-6c-008r_ML_silva2024.json Colunas ativas na iteração 11: 
   veic=0 | col=1 | lambda=1.000000 | custo=0.0000 | rota=[0, 15]
   veic=1 | col=11 | lambda=1.000000 | custo=93.4057 | rota=[0, 8, 10, 9, 1, 5, 2, 4, 3, 6, 7, 11, 12, 14, 15]
MESMA FO-  Sem melhora 5 Recom 93.40573078737023 Ultmf 93.40573078737023  VALOR SUB 0.0
   valor recomposto = 93.405731

   valor recomposto = 93.405731

--- COBERTURA POR CLIENTE ---
cliente 01 | lambda=1.000000 | slack=0.000000 | y_low=0.000000 | y_up=0.000000 | total_real=1.000000
cliente 02 | lambda=1.000000 | slack=0.000000 | y_low=0.000000 | y_up=0.000000 | total_real=1.000000
cliente 03 | lambda=1.000000 | slack=0.000000 | y_low=0.000000 | y_up=0.000000 | total_real=1.000000
cliente 04 | lambda=1.000000 | slack=0.000000 | y_low=0.000000 | y_up=0.000000 | total_real=1.000000
cliente 05 | lambda=1.000000 | slack=0.000000 | y_low=0.000000 | y_up=0.000000 | total_real=1.000000
cliente 06 | lambda=1.000000 | slack=0.000000 | y_low=0.000000 | y_up=0.000000 | total_real=1.000000
cliente 07 | lambda=1.000000 | slack=0.000000 | y_low=0.000000 | y_up=0.000000 | total_real=1.000000
cliente 08 | lambda=1.000000 | slack=0.000000 | y_low=0.000000 | y_up=0.000000 | total_real=1.000000
cliente 09 | lambda=1.000000 | slack=0.000000 | y_low=0.000000 | y_up=0.000000 | total_real=1.000000
cliente 10 | lambda=1.000000 | slack=0.000000 | y_low=0.000000 | y_up=0.000000 | total_real=1.000000
cliente 11 | lambda=1.000000 | slack=0.000000 | y_low=0.000000 | y_up=0.000000 | total_real=1.000000
cliente 12 | lambda=1.000000 | slack=0.000000 | y_low=0.000000 | y_up=0.000000 | total_real=1.000000
cliente 13 | lambda=0.000000 | slack=0.000000 | y_low=0.000000 | y_up=1.000000 | total_real=1.000000
cliente 14 | lambda=1.000000 | slack=0.000000 | y_low=0.000000 | y_up=0.000000 | total_real=1.000000


================ DUAIS DO MESTRE ================

PI (clientes):
  pi[1] =  1.134992
  pi[2] = -6.861961
  pi[3] =  6.130535
  pi[4] =  16.120974
  pi[5] =  17.072486
  pi[6] =  8.427176
  pi[7] =  2.876001
  pi[8] = -1.069371
  pi[9] =  9.266564
  pi[10] =  14.721944
  pi[11] = -1.658739
  pi[12] =  7.884050
  pi[13] =  18.000000
  pi[14] =  19.361079

SIGMA (veículos):
  sigma[0] = -0.000000
  sigma[1] = -0.000000

MU (arcos):
  sem duais de arco
=================================================

 [ETSAB] gamma_pi = 10.000000
[ORDEM PRICING] iter=12 | veiculos=[0, 1]
TESTA ALLBEST_SILVA
[PRICING MULTI] origem=ALLBEST_SILVA | k=0 | geradas=2 | novas_pool=2 | duplicadas_pool=0 | completa=False
[SILVA PRICING]
k=0
ALLBEST=2
BID_CPP=0
PD_CPP=0
pd_completa=None
pd_timeout=None
labels_pd=None
nivel_pd=None
melhor_rc=-21.430002865607705
origem=ALLBEST_SILVA
certifica_k=False
TESTA ALLBEST_SILVA
[PRICING MULTI] origem=ALLBEST_SILVA | k=1 | geradas=0 | novas_pool=0 | duplicadas_pool=0 | completa=False
TESTA BID_SILVA_CPP
[PRICING MULTI] origem=BID_SILVA_CPP | k=1 | geradas=20 | novas_pool=20 | duplicadas_pool=0 | completa=False
[SILVA PRICING]
k=1
ALLBEST=0
BID_CPP=20
PD_CPP=0
pd_completa=None
pd_timeout=None
labels_pd=None
nivel_pd=None
melhor_rc=-3.089377006735724
origem=BID_SILVA_CPP
certifica_k=False
[SILVA CERT] todos_k_certificados=False
[SELECAO MULTI] iter=12 | selecionadas=4 | por_veiculo={0: 2, 1: 2}
GAMMA PI 10.0
GAMMA PI atualizado 10.0
Tempo total nessa geracao : 0.2s
Tempo total no NO: 4.1s
TAMANHO NOVAS COL 4

--- Nova Coluna ---
Veículo: 0
Sequência: [0, 8, 10, 9, 5, 3, 4, 1, 6, 12, 14, 13, 15]
Custo: 95.62
Custo Reduzido: -21.430003
Clientes atendidos: [1, 3, 4, 5, 6, 8, 9, 10, 12, 13, 14]
TAMANHO NOVAS COL 4

--- Nova Coluna ---
Veículo: 1
Sequência: [0, 9, 10, 5, 3, 15]
Custo: 44.10
Custo Reduzido: -3.089377
Clientes atendidos: [3, 5, 9, 10]
TAMANHO NOVAS COL 4

--- Nova Coluna ---
Veículo: 0
Sequência: [0, 4, 3, 5, 8, 9, 10, 6, 11, 12, 14, 13, 1, 15]
Custo: 95.53
Custo Reduzido: -19.862504
Clientes atendidos: [1, 3, 4, 5, 6, 8, 9, 10, 11, 12, 13, 14]
TAMANHO NOVAS COL 4

--- Nova Coluna ---
Veículo: 1
Sequência: [0, 10, 9, 5, 3, 15]
Custo: 44.10
Custo Reduzido: -3.089377
Clientes atendidos: [3, 5, 9, 10]

[COPIA ACEITA] origem_k=0 | destino_k=1 | custo=95.344342 | rc=-21.706089
[COPIA ACEITA] origem_k=1 | destino_k=0 | custo=47.030819 | rc=-0.160711
[LIMITE MULTI] k=0 | motivo=limite_veiculo
Nao adicionou no k 0
[LIMITE MULTI] k=1 | motivo=limite_veiculo
Nao adicionou no k 1
[LIMITE MULTI] k=0 | motivo=limite_veiculo
Nao adicionou no k 0
[LIMITE MULTI] k=1 | motivo=limite_veiculo
Nao adicionou no k 1
[COLUNAS ITER] novas=4 | duplicadas=0 | por_veiculo={0: 2, 1: 2}
[Nó 0] Iter 12 - Obj = 112.4057  Colunas = 47 inst= C:\Users\PolyanaSilva\Documents\BP_VRPTW\instancias\Petro_instancias\14n-2k-6c-008r_ML_silva2024.json
[Nó 0] inst= C:\Users\PolyanaSilva\Documents\BP_VRPTW\instancias\Petro_instancias\14n-2k-6c-008r_ML_silva2024.json Colunas ativas na iteração 12: 
   veic=0 | col=1 | lambda=1.000000 | custo=0.0000 | rota=[0, 15]
   veic=1 | col=11 | lambda=1.000000 | custo=93.4057 | rota=[0, 8, 10, 9, 1, 5, 2, 4, 3, 6, 7, 11, 12, 14, 15]
MESMA FO-  Sem melhora 6 Recom 93.40573078737023 Ultmf 93.40573078737023  VALOR SUB 0.0
   valor recomposto = 93.405731

   valor recomposto = 93.405731

--- COBERTURA POR CLIENTE ---
cliente 01 | lambda=1.000000 | slack=0.000000 | y_low=0.000000 | y_up=0.000000 | total_real=1.000000
cliente 02 | lambda=1.000000 | slack=0.000000 | y_low=0.000000 | y_up=0.000000 | total_real=1.000000
cliente 03 | lambda=1.000000 | slack=0.000000 | y_low=0.000000 | y_up=0.000000 | total_real=1.000000
cliente 04 | lambda=1.000000 | slack=0.000000 | y_low=0.000000 | y_up=0.000000 | total_real=1.000000
cliente 05 | lambda=1.000000 | slack=0.000000 | y_low=0.000000 | y_up=0.000000 | total_real=1.000000
cliente 06 | lambda=1.000000 | slack=0.000000 | y_low=0.000000 | y_up=0.000000 | total_real=1.000000
cliente 07 | lambda=1.000000 | slack=0.000000 | y_low=0.000000 | y_up=0.000000 | total_real=1.000000
cliente 08 | lambda=1.000000 | slack=0.000000 | y_low=0.000000 | y_up=0.000000 | total_real=1.000000
cliente 09 | lambda=1.000000 | slack=0.000000 | y_low=0.000000 | y_up=0.000000 | total_real=1.000000
cliente 10 | lambda=1.000000 | slack=0.000000 | y_low=0.000000 | y_up=0.000000 | total_real=1.000000
cliente 11 | lambda=1.000000 | slack=0.000000 | y_low=0.000000 | y_up=0.000000 | total_real=1.000000
cliente 12 | lambda=1.000000 | slack=0.000000 | y_low=0.000000 | y_up=0.000000 | total_real=1.000000
cliente 13 | lambda=0.000000 | slack=0.000000 | y_low=0.000000 | y_up=1.000000 | total_real=1.000000
cliente 14 | lambda=1.000000 | slack=0.000000 | y_low=0.000000 | y_up=0.000000 | total_real=1.000000


================ DUAIS DO MESTRE ================

PI (clientes):
  pi[1] = -0.378345
  pi[2] = -4.087325
  pi[3] = -5.479178
  pi[4] =  17.120974
  pi[5] =  9.237409
  pi[6] =  0.902504
  pi[7] =  13.972376
  pi[8] =  3.218603
  pi[9] =  9.016600
  pi[10] =  17.235282
  pi[11] =  7.176338
  pi[12] =  5.109414
  pi[13] =  19.000000
  pi[14] =  20.361079

SIGMA (veículos):
  sigma[0] = -0.000000
  sigma[1] = -0.000000

MU (arcos):
  sem duais de arco
=================================================

 [ETSAB] gamma_pi = 10.000000
[ORDEM PRICING] iter=13 | veiculos=[0, 1]
TESTA ALLBEST_SILVA
[PRICING MULTI] origem=ALLBEST_SILVA | k=0 | geradas=3 | novas_pool=3 | duplicadas_pool=0 | completa=False
[SILVA PRICING]
k=0
ALLBEST=3
BID_CPP=0
PD_CPP=0
pd_completa=None
pd_timeout=None
labels_pd=None
nivel_pd=None
melhor_rc=-3.884957045194895
origem=ALLBEST_SILVA
certifica_k=False
TESTA ALLBEST_SILVA
[PRICING MULTI] origem=ALLBEST_SILVA | k=1 | geradas=1 | novas_pool=1 | duplicadas_pool=0 | completa=False
[SILVA PRICING]
k=1
ALLBEST=1
BID_CPP=0
PD_CPP=0
pd_completa=None
pd_timeout=None
labels_pd=None
nivel_pd=None
melhor_rc=-18.40680840232295
origem=ALLBEST_SILVA
certifica_k=False
[SILVA CERT] todos_k_certificados=False
[SELECAO MULTI] iter=13 | selecionadas=3 | por_veiculo={0: 2, 1: 1}
GAMMA PI 10.0
GAMMA PI atualizado 10.0
Tempo total nessa geracao : 0.3s
Tempo total no NO: 4.4s
TAMANHO NOVAS COL 3

--- Nova Coluna ---
Veículo: 0
Sequência: [0, 5, 7, 6, 4, 2, 8, 10, 9, 11, 12, 14, 15]
Custo: 95.38
Custo Reduzido: -3.884957
Clientes atendidos: [2, 4, 5, 6, 7, 8, 9, 10, 11, 12, 14]
TAMANHO NOVAS COL 3

--- Nova Coluna ---
Veículo: 1
Sequência: [0, 5, 4, 7, 10, 8, 9, 1, 12, 14, 13, 15]
Custo: 95.49
Custo Reduzido: -18.406808
Clientes atendidos: [1, 4, 5, 7, 8, 9, 10, 12, 13, 14]
TAMANHO NOVAS COL 3

--- Nova Coluna ---
Veículo: 0
Sequência: [0, 7, 6, 4, 2, 5, 10, 8, 9, 11, 12, 14, 15]
Custo: 95.63
Custo Reduzido: -3.636421
Clientes atendidos: [2, 4, 5, 6, 7, 8, 9, 10, 11, 12, 14]

[COPIA ACEITA] origem_k=0 | destino_k=1 | custo=93.405731 | rc=-5.857523
[COPIA REJEITADA] origem_k=1 | destino_k=0 | motivo=viabilidade | seq=[0, 5, 4, 7, 10, 8, 9, 1, 12, 14, 13, 15]
[LIMITE MULTI] k=1 | motivo=limite_veiculo
Nao adicionou no k 1
[COLUNAS ITER] novas=4 | duplicadas=0 | por_veiculo={0: 2, 1: 2}
[Nó 0] Rodando MIP periódico após 12 novas colunas realmente adicionadas...
[Nó 0] MIP periódico encontrou solução inteira válida. FO=181.917133
[Nó 0] Iter 13 - Obj = 113.4057  Colunas = 51 inst= C:\Users\PolyanaSilva\Documents\BP_VRPTW\instancias\Petro_instancias\14n-2k-6c-008r_ML_silva2024.json
[Nó 0] inst= C:\Users\PolyanaSilva\Documents\BP_VRPTW\instancias\Petro_instancias\14n-2k-6c-008r_ML_silva2024.json Colunas ativas na iteração 13: 
   veic=0 | col=1 | lambda=1.000000 | custo=0.0000 | rota=[0, 15]
   veic=1 | col=11 | lambda=1.000000 | custo=93.4057 | rota=[0, 8, 10, 9, 1, 5, 2, 4, 3, 6, 7, 11, 12, 14, 15]
MESMA FO-  Sem melhora 7 Recom 93.40573078737023 Ultmf 93.40573078737023  VALOR SUB 0.0
   valor recomposto = 93.405731

   valor recomposto = 93.405731

--- COBERTURA POR CLIENTE ---
cliente 01 | lambda=1.000000 | slack=0.000000 | y_low=0.000000 | y_up=0.000000 | total_real=1.000000
cliente 02 | lambda=1.000000 | slack=0.000000 | y_low=0.000000 | y_up=0.000000 | total_real=1.000000
cliente 03 | lambda=1.000000 | slack=0.000000 | y_low=0.000000 | y_up=0.000000 | total_real=1.000000
cliente 04 | lambda=1.000000 | slack=0.000000 | y_low=0.000000 | y_up=0.000000 | total_real=1.000000
cliente 05 | lambda=1.000000 | slack=0.000000 | y_low=0.000000 | y_up=0.000000 | total_real=1.000000
cliente 06 | lambda=1.000000 | slack=0.000000 | y_low=0.000000 | y_up=0.000000 | total_real=1.000000
cliente 07 | lambda=1.000000 | slack=0.000000 | y_low=0.000000 | y_up=0.000000 | total_real=1.000000
cliente 08 | lambda=1.000000 | slack=0.000000 | y_low=0.000000 | y_up=0.000000 | total_real=1.000000
cliente 09 | lambda=1.000000 | slack=0.000000 | y_low=0.000000 | y_up=0.000000 | total_real=1.000000
cliente 10 | lambda=1.000000 | slack=0.000000 | y_low=0.000000 | y_up=0.000000 | total_real=1.000000
cliente 11 | lambda=1.000000 | slack=0.000000 | y_low=0.000000 | y_up=0.000000 | total_real=1.000000
cliente 12 | lambda=1.000000 | slack=0.000000 | y_low=0.000000 | y_up=0.000000 | total_real=1.000000
cliente 13 | lambda=0.000000 | slack=0.000000 | y_low=0.000000 | y_up=1.000000 | total_real=1.000000
cliente 14 | lambda=1.000000 | slack=0.000000 | y_low=0.000000 | y_up=0.000000 | total_real=1.000000


================ DUAIS DO MESTRE ================

PI (clientes):
  pi[1] = -0.038796
  pi[2] = -0.304475
  pi[3] =  11.018420
  pi[4] =  18.460523
  pi[5] =  11.047855
  pi[6] =  0.839310
  pi[7] =  11.999972
  pi[8] = -6.523741
  pi[9] = -1.061251
  pi[10] =  18.235282
  pi[11] =  6.705441
  pi[12] =  1.666113
  pi[13] =  20.000000
  pi[14] =  21.700628

SIGMA (veículos):
  sigma[0] = -0.000000
  sigma[1] = -0.000000

MU (arcos):
  sem duais de arco
=================================================

 [ETSAB] gamma_pi = 10.000000
[ORDEM PRICING] iter=14 | veiculos=[1, 0]
TESTA ALLBEST_SILVA
[PRICING MULTI] origem=ALLBEST_SILVA | k=1 | geradas=0 | novas_pool=0 | duplicadas_pool=0 | completa=False
TESTA BID_SILVA_CPP
[PRICING MULTI] origem=BID_SILVA_CPP | k=1 | geradas=20 | novas_pool=20 | duplicadas_pool=0 | completa=False
[SILVA PRICING]
k=1
ALLBEST=0
BID_CPP=20
PD_CPP=0
pd_completa=None
pd_timeout=None
labels_pd=None
nivel_pd=None
melhor_rc=-5.532425948178613
origem=BID_SILVA_CPP
certifica_k=False
TESTA ALLBEST_SILVA
[PRICING MULTI] origem=ALLBEST_SILVA | k=0 | geradas=0 | novas_pool=0 | duplicadas_pool=0 | completa=False
TESTA BID_SILVA_CPP
[PRICING MULTI] origem=BID_SILVA_CPP | k=0 | geradas=20 | novas_pool=20 | duplicadas_pool=0 | completa=False
[SILVA PRICING]
k=0
ALLBEST=0
BID_CPP=20
PD_CPP=0
pd_completa=None
pd_timeout=None
labels_pd=None
nivel_pd=None
melhor_rc=-2.6037603487415293
origem=BID_SILVA_CPP
certifica_k=False
[SILVA CERT] todos_k_certificados=False
[SELECAO MULTI] iter=14 | selecionadas=4 | por_veiculo={1: 2, 0: 2}
GAMMA PI 10.0
GAMMA PI atualizado 10.0
Tempo total nessa geracao : 0.2s
Tempo total no NO: 4.6s
TAMANHO NOVAS COL 4

--- Nova Coluna ---
Veículo: 1
Sequência: [0, 3, 4, 5, 10, 15]
Custo: 53.23
Custo Reduzido: -5.532426
Clientes atendidos: [3, 4, 5, 10]
TAMANHO NOVAS COL 4

--- Nova Coluna ---
Veículo: 0
Sequência: [0, 10, 5, 3, 4, 15]
Custo: 56.16
Custo Reduzido: -2.603760
Clientes atendidos: [3, 4, 5, 10]
TAMANHO NOVAS COL 4

--- Nova Coluna ---
Veículo: 1
Sequência: [0, 4, 3, 5, 10, 15]
Custo: 53.23
Custo Reduzido: -5.532426
Clientes atendidos: [3, 4, 5, 10]
TAMANHO NOVAS COL 4

--- Nova Coluna ---
Veículo: 0
Sequência: [0, 10, 5, 4, 3, 15]
Custo: 56.16
Custo Reduzido: -2.603760
Clientes atendidos: [3, 4, 5, 10]

[COPIA ACEITA] origem_k=1 | destino_k=0 | custo=56.158319 | rc=-2.603760
[COPIA ACEITA] origem_k=0 | destino_k=1 | custo=53.229653 | rc=-5.532426
[LIMITE MULTI] k=0 | motivo=limite_veiculo
Nao adicionou no k 0
[LIMITE MULTI] k=1 | motivo=limite_veiculo
Nao adicionou no k 1
[LIMITE MULTI] k=0 | motivo=limite_veiculo
Nao adicionou no k 0
[LIMITE MULTI] k=1 | motivo=limite_veiculo
Nao adicionou no k 1
[COLUNAS ITER] novas=4 | duplicadas=0 | por_veiculo={0: 2, 1: 2}
[Nó 0] Iter 14 - Obj = 114.3360  Colunas = 55 inst= C:\Users\PolyanaSilva\Documents\BP_VRPTW\instancias\Petro_instancias\14n-2k-6c-008r_ML_silva2024.json
[Nó 0] inst= C:\Users\PolyanaSilva\Documents\BP_VRPTW\instancias\Petro_instancias\14n-2k-6c-008r_ML_silva2024.json Colunas ativas na iteração 14: 
   veic=0 | col=1 | lambda=0.555556 | custo=0.0000 | rota=[0, 15]
   veic=0 | col=2 | lambda=0.222222 | custo=95.2848 | rota=[0, 10, 8, 9, 2, 3, 1, 5, 7, 6, 14, 11, 13, 12, 15]
   veic=0 | col=6 | lambda=0.111111 | custo=95.5488 | rota=[0, 5, 8, 9, 2, 4, 3, 6, 7, 14, 13, 11, 12, 15]
   veic=0 | col=17 | lambda=0.111111 | custo=95.5845 | rota=[0, 10, 9, 2, 4, 6, 5, 1, 11, 13, 14, 15]
   veic=1 | col=1 | lambda=0.222222 | custo=0.0000 | rota=[0, 15]
   veic=1 | col=3 | lambda=0.111111 | custo=92.0447 | rota=[0, 1, 4, 2, 3, 5, 8, 9, 10, 6, 7, 13, 11, 12, 15]
   veic=1 | col=7 | lambda=0.111111 | custo=96.6838 | rota=[0, 5, 1, 8, 9, 4, 2, 3, 7, 6, 13, 11, 12, 14, 15]
   veic=1 | col=11 | lambda=0.111111 | custo=93.4057 | rota=[0, 8, 10, 9, 1, 5, 2, 4, 3, 6, 7, 11, 12, 14, 15]
   veic=1 | col=13 | lambda=0.222222 | custo=95.9920 | rota=[0, 8, 10, 9, 1, 2, 4, 3, 7, 6, 14, 12, 13, 15]
   veic=1 | col=25 | lambda=0.111111 | custo=95.4866 | rota=[0, 5, 4, 7, 10, 8, 9, 1, 12, 14, 13, 15]
   veic=1 | col=26 | lambda=0.111111 | custo=53.2297 | rota=[0, 3, 4, 5, 10, 15]
Diff FO-  Sem melhora 0 
   valor recomposto = 111.615244

   valor recomposto = 111.615244

--- COBERTURA POR CLIENTE ---
cliente 01 | lambda=1.000000 | slack=0.000000 | y_low=0.000000 | y_up=0.000000 | total_real=1.000000
cliente 02 | lambda=1.000000 | slack=0.000000 | y_low=0.000000 | y_up=0.000000 | total_real=1.000000
cliente 03 | lambda=1.000000 | slack=0.000000 | y_low=0.000000 | y_up=0.000000 | total_real=1.000000
cliente 04 | lambda=1.000000 | slack=0.000000 | y_low=0.000000 | y_up=0.000000 | total_real=1.000000
cliente 05 | lambda=1.000000 | slack=0.000000 | y_low=0.000000 | y_up=0.000000 | total_real=1.000000
cliente 06 | lambda=1.000000 | slack=0.000000 | y_low=0.000000 | y_up=0.000000 | total_real=1.000000
cliente 07 | lambda=1.000000 | slack=0.000000 | y_low=0.000000 | y_up=0.000000 | total_real=1.000000
cliente 08 | lambda=1.000000 | slack=0.000000 | y_low=0.000000 | y_up=0.000000 | total_real=1.000000
cliente 09 | lambda=1.111111 | slack=0.000000 | y_low=0.111111 | y_up=0.000000 | total_real=1.000000
cliente 10 | lambda=1.000000 | slack=0.000000 | y_low=0.000000 | y_up=0.000000 | total_real=1.000000
cliente 11 | lambda=0.777778 | slack=0.000000 | y_low=0.000000 | y_up=0.222222 | total_real=1.000000
cliente 12 | lambda=1.000000 | slack=0.000000 | y_low=0.000000 | y_up=0.000000 | total_real=1.000000
cliente 13 | lambda=1.000000 | slack=0.000000 | y_low=0.000000 | y_up=0.000000 | total_real=1.000000
cliente 14 | lambda=1.000000 | slack=0.000000 | y_low=0.000000 | y_up=0.000000 | total_real=1.000000


================ DUAIS DO MESTRE ================

PI (clientes):
  pi[1] =  1.134992
  pi[2] = -4.039723
  pi[3] =  9.395030
  pi[4] =  19.051292
  pi[5] =  7.131068
  pi[6] =  2.281161
  pi[7] =  11.818433
  pi[8] = -7.523741
  pi[9] = -2.061251
  pi[10] =  17.652263
  pi[11] =  11.212997
  pi[12] =  5.061812
  pi[13] =  20.930318
  pi[14] =  22.291397

SIGMA (veículos):
  sigma[0] = -0.000000
  sigma[1] = -0.000000

MU (arcos):
  sem duais de arco
=================================================

 [ETSAB] gamma_pi = 10.000000
[ORDEM PRICING] iter=15 | veiculos=[1, 0]
TESTA ALLBEST_SILVA
[PRICING MULTI] origem=ALLBEST_SILVA | k=1 | geradas=0 | novas_pool=0 | duplicadas_pool=0 | completa=False
TESTA BID_SILVA_CPP
[PRICING MULTI] origem=BID_SILVA_CPP | k=1 | geradas=20 | novas_pool=20 | duplicadas_pool=0 | completa=False
[SILVA PRICING]
k=1
ALLBEST=0
BID_CPP=20
PD_CPP=0
pd_completa=None
pd_timeout=None
labels_pd=None
nivel_pd=None
melhor_rc=-13.851570841131828
origem=BID_SILVA_CPP
certifica_k=False
TESTA ALLBEST_SILVA
[PRICING MULTI] origem=ALLBEST_SILVA | k=0 | geradas=1 | novas_pool=1 | duplicadas_pool=0 | completa=False
[SILVA PRICING]
k=0
ALLBEST=1
BID_CPP=0
PD_CPP=0
pd_completa=None
pd_timeout=None
labels_pd=None
nivel_pd=None
melhor_rc=-7.056845637369002
origem=ALLBEST_SILVA
certifica_k=False
[SILVA CERT] todos_k_certificados=False
[SELECAO MULTI] iter=15 | selecionadas=3 | por_veiculo={1: 2, 0: 1}
GAMMA PI 10.0
GAMMA PI atualizado 10.0
Tempo total nessa geracao : 0.2s
Tempo total no NO: 4.9s
TAMANHO NOVAS COL 3

--- Nova Coluna ---
Veículo: 1
Sequência: [0, 5, 10, 4, 3, 7, 13, 14, 15]
Custo: 94.42
Custo Reduzido: -13.851571
Clientes atendidos: [3, 4, 5, 7, 10, 13, 14]
TAMANHO NOVAS COL 3

--- Nova Coluna ---
Veículo: 0
Sequência: [0, 1, 4, 2, 3, 5, 10, 7, 6, 14, 11, 12, 15]
Custo: 95.93
Custo Reduzido: -7.056846
Clientes atendidos: [1, 2, 3, 4, 5, 6, 7, 10, 11, 12, 14]
TAMANHO NOVAS COL 3

--- Nova Coluna ---
Veículo: 1
Sequência: [0, 4, 3, 10, 7, 5, 13, 14, 15]
Custo: 94.42
Custo Reduzido: -13.851571
Clientes atendidos: [3, 4, 5, 7, 10, 13, 14]

[COPIA REJEITADA] origem_k=1 | destino_k=0 | motivo=viabilidade | seq=[0, 5, 10, 4, 3, 7, 13, 14, 15]
[COPIA ACEITA] origem_k=0 | destino_k=1 | custo=93.045731 | rc=-9.944992
[COPIA REJEITADA] origem_k=1 | destino_k=0 | motivo=viabilidade | seq=[0, 4, 3, 10, 7, 5, 13, 14, 15]
[LIMITE MULTI] k=1 | motivo=limite_veiculo
Nao adicionou no k 1
[COLUNAS ITER] novas=3 | duplicadas=0 | por_veiculo={0: 1, 1: 2}
[Nó 0] Iter 15 - Obj = 114.2086  Colunas = 58 inst= C:\Users\PolyanaSilva\Documents\BP_VRPTW\instancias\Petro_instancias\14n-2k-6c-008r_ML_silva2024.json
[Nó 0] inst= C:\Users\PolyanaSilva\Documents\BP_VRPTW\instancias\Petro_instancias\14n-2k-6c-008r_ML_silva2024.json Colunas ativas na iteração 15: 
   veic=0 | col=1 | lambda=0.588235 | custo=0.0000 | rota=[0, 15]
   veic=0 | col=2 | lambda=0.176471 | custo=95.2848 | rota=[0, 10, 8, 9, 2, 3, 1, 5, 7, 6, 14, 11, 13, 12, 15]
   veic=0 | col=6 | lambda=0.117647 | custo=95.5488 | rota=[0, 5, 8, 9, 2, 4, 3, 6, 7, 14, 13, 11, 12, 15]
   veic=0 | col=17 | lambda=0.117647 | custo=95.5845 | rota=[0, 10, 9, 2, 4, 6, 5, 1, 11, 13, 14, 15]
   veic=1 | col=1 | lambda=0.235294 | custo=0.0000 | rota=[0, 15]
   veic=1 | col=3 | lambda=0.176471 | custo=92.0447 | rota=[0, 1, 4, 2, 3, 5, 8, 9, 10, 6, 7, 13, 11, 12, 15]
   veic=1 | col=7 | lambda=0.058824 | custo=96.6838 | rota=[0, 5, 1, 8, 9, 4, 2, 3, 7, 6, 13, 11, 12, 14, 15]
   veic=1 | col=11 | lambda=0.176471 | custo=93.4057 | rota=[0, 8, 10, 9, 1, 5, 2, 4, 3, 6, 7, 11, 12, 14, 15]
   veic=1 | col=13 | lambda=0.176471 | custo=95.9920 | rota=[0, 8, 10, 9, 1, 2, 4, 3, 7, 6, 14, 12, 13, 15]
   veic=1 | col=22 | lambda=0.058824 | custo=95.3443 | rota=[0, 8, 10, 9, 5, 3, 4, 1, 6, 12, 14, 13, 15]
   veic=1 | col=25 | lambda=0.058824 | custo=95.4866 | rota=[0, 5, 4, 7, 10, 8, 9, 1, 12, 14, 13, 15]
   veic=1 | col=28 | lambda=0.058824 | custo=94.4182 | rota=[0, 5, 10, 4, 3, 7, 13, 14, 15]
Diff FO-  Sem melhora 0 
   valor recomposto = 111.434173

   valor recomposto = 111.434173

--- COBERTURA POR CLIENTE ---
cliente 01 | lambda=1.000000 | slack=0.000000 | y_low=0.000000 | y_up=0.000000 | total_real=1.000000
cliente 02 | lambda=1.000000 | slack=0.000000 | y_low=0.000000 | y_up=0.000000 | total_real=1.000000
cliente 03 | lambda=1.000000 | slack=0.000000 | y_low=0.000000 | y_up=0.000000 | total_real=1.000000
cliente 04 | lambda=1.000000 | slack=0.000000 | y_low=0.000000 | y_up=0.000000 | total_real=1.000000
cliente 05 | lambda=1.000000 | slack=0.000000 | y_low=0.000000 | y_up=0.000000 | total_real=1.000000
cliente 06 | lambda=1.058824 | slack=0.000000 | y_low=0.058824 | y_up=0.000000 | total_real=1.000000
cliente 07 | lambda=1.000000 | slack=0.000000 | y_low=0.000000 | y_up=0.000000 | total_real=1.000000
cliente 08 | lambda=1.000000 | slack=0.000000 | y_low=0.000000 | y_up=0.000000 | total_real=1.000000
cliente 09 | lambda=1.117647 | slack=0.000000 | y_low=0.117647 | y_up=0.000000 | total_real=1.000000
cliente 10 | lambda=1.000000 | slack=0.000000 | y_low=0.000000 | y_up=0.000000 | total_real=1.000000
cliente 11 | lambda=0.823529 | slack=0.000000 | y_low=0.000000 | y_up=0.176471 | total_real=1.000000
cliente 12 | lambda=1.000000 | slack=0.000000 | y_low=0.000000 | y_up=0.000000 | total_real=1.000000
cliente 13 | lambda=1.000000 | slack=0.000000 | y_low=0.000000 | y_up=0.000000 | total_real=1.000000
cliente 14 | lambda=1.000000 | slack=0.000000 | y_low=0.000000 | y_up=0.000000 | total_real=1.000000


================ DUAIS DO MESTRE ================

PI (clientes):
  pi[1] =  1.134992
  pi[2] =  4.282291
  pi[3] =  6.630252
  pi[4] =  18.923829
  pi[5] =  6.003605
  pi[6] = -4.403538
  pi[7] =  2.368956
  pi[8] =  11.476259
  pi[9] = -3.061251
  pi[10] =  17.524800
  pi[11] =  12.212997
  pi[12] = -1.851396
  pi[13] =  20.802855
  pi[14] =  22.163934

SIGMA (veículos):
  sigma[0] = -0.000000
  sigma[1] = -0.000000

MU (arcos):
  sem duais de arco
=================================================

 [ETSAB] gamma_pi = 10.000000
[ORDEM PRICING] iter=16 | veiculos=[0, 1]
TESTA ALLBEST_SILVA
[PRICING MULTI] origem=ALLBEST_SILVA | k=0 | geradas=1 | novas_pool=1 | duplicadas_pool=0 | completa=False
[SILVA PRICING]
k=0
ALLBEST=1
BID_CPP=0
PD_CPP=0
pd_completa=None
pd_timeout=None
labels_pd=None
nivel_pd=None
melhor_rc=-16.200938020400002
origem=ALLBEST_SILVA
certifica_k=False
TESTA ALLBEST_SILVA
[PRICING MULTI] origem=ALLBEST_SILVA | k=1 | geradas=2 | novas_pool=2 | duplicadas_pool=0 | completa=False
[SILVA PRICING]
k=1
ALLBEST=2
BID_CPP=0
PD_CPP=0
pd_completa=None
pd_timeout=None
labels_pd=None
nivel_pd=None
melhor_rc=-24.989588802996487
origem=ALLBEST_SILVA
certifica_k=False
[SILVA CERT] todos_k_certificados=False
[SELECAO MULTI] iter=16 | selecionadas=3 | por_veiculo={0: 1, 1: 2}
GAMMA PI 10.0
GAMMA PI atualizado 10.0
Tempo total nessa geracao : 0.3s
Tempo total no NO: 5.2s
TAMANHO NOVAS COL 3

--- Nova Coluna ---
Veículo: 0
Sequência: [0, 1, 10, 8, 9, 2, 4, 3, 6, 5, 14, 13, 11, 12, 15]
Custo: 95.64
Custo Reduzido: -16.200938
Clientes atendidos: [1, 2, 3, 4, 5, 6, 8, 9, 10, 11, 12, 13, 14]
TAMANHO NOVAS COL 3

--- Nova Coluna ---
Veículo: 1
Sequência: [0, 4, 2, 3, 7, 1, 8, 10, 5, 11, 14, 12, 13, 15]
Custo: 96.68
Custo Reduzido: -24.989589
Clientes atendidos: [1, 2, 3, 4, 5, 7, 8, 10, 11, 12, 13, 14]
TAMANHO NOVAS COL 3

--- Nova Coluna ---
Veículo: 1
Sequência: [0, 10, 8, 9, 5, 2, 3, 4, 1, 6, 13, 14, 11, 12, 15]
Custo: 96.68
Custo Reduzido: -15.155844
Clientes atendidos: [1, 2, 3, 4, 5, 6, 8, 9, 10, 11, 12, 13, 14]

[COPIA ACEITA] origem_k=0 | destino_k=1 | custo=96.683786 | rc=-15.155844
[COPIA REJEITADA] origem_k=1 | destino_k=0 | motivo=viabilidade | seq=[0, 4, 2, 3, 7, 1, 8, 10, 5, 11, 14, 12, 13, 15]
[COPIA REJEITADA] origem_k=1 | destino_k=0 | motivo=viabilidade | seq=[0, 10, 8, 9, 5, 2, 3, 4, 1, 6, 13, 14, 11, 12, 15]
[LIMITE MULTI] k=1 | motivo=limite_veiculo
Nao adicionou no k 1
[COLUNAS ITER] novas=3 | duplicadas=0 | por_veiculo={0: 1, 1: 2}
[Nó 0] Rodando MIP periódico após 10 novas colunas realmente adicionadas...
[Nó 0] MIP periódico encontrou solução inteira válida. FO=181.917133
[Nó 0] Iter 16 - Obj = 111.6480  Colunas = 61 inst= C:\Users\PolyanaSilva\Documents\BP_VRPTW\instancias\Petro_instancias\14n-2k-6c-008r_ML_silva2024.json
[Nó 0] inst= C:\Users\PolyanaSilva\Documents\BP_VRPTW\instancias\Petro_instancias\14n-2k-6c-008r_ML_silva2024.json Colunas ativas na iteração 16: 
   veic=0 | col=1 | lambda=0.500000 | custo=0.0000 | rota=[0, 15]
   veic=0 | col=2 | lambda=0.166667 | custo=95.2848 | rota=[0, 10, 8, 9, 2, 3, 1, 5, 7, 6, 14, 11, 13, 12, 15]
   veic=0 | col=6 | lambda=0.166667 | custo=95.5488 | rota=[0, 5, 8, 9, 2, 4, 3, 6, 7, 14, 13, 11, 12, 15]
   veic=0 | col=17 | lambda=0.083333 | custo=95.5845 | rota=[0, 10, 9, 2, 4, 6, 5, 1, 11, 13, 14, 15]
   veic=0 | col=28 | lambda=0.083333 | custo=95.6387 | rota=[0, 1, 10, 8, 9, 2, 4, 3, 6, 5, 14, 13, 11, 12, 15]
   veic=1 | col=1 | lambda=0.333333 | custo=0.0000 | rota=[0, 15]
   veic=1 | col=3 | lambda=0.166667 | custo=92.0447 | rota=[0, 1, 4, 2, 3, 5, 8, 9, 10, 6, 7, 13, 11, 12, 15]
   veic=1 | col=8 | lambda=0.083333 | custo=92.3836 | rota=[0, 5, 1, 8, 10, 9, 6, 7, 3, 4, 11, 14, 15]
   veic=1 | col=13 | lambda=0.166667 | custo=95.9920 | rota=[0, 8, 10, 9, 1, 2, 4, 3, 7, 6, 14, 12, 13, 15]
   veic=1 | col=25 | lambda=0.083333 | custo=95.4866 | rota=[0, 5, 4, 7, 10, 8, 9, 1, 12, 14, 13, 15]
   veic=1 | col=29 | lambda=0.083333 | custo=93.0457 | rota=[0, 1, 4, 2, 3, 5, 10, 7, 6, 14, 11, 12, 15]
   veic=1 | col=31 | lambda=0.083333 | custo=96.6838 | rota=[0, 4, 2, 3, 7, 1, 8, 10, 5, 11, 14, 12, 13, 15]

Diff FO-  Sem melhora 0 
   valor recomposto = 110.546944

   valor recomposto = 110.546944

--- COBERTURA POR CLIENTE ---
cliente 01 | lambda=1.000000 | slack=0.000000 | y_low=0.000000 | y_up=0.000000 | total_real=1.000000
cliente 02 | lambda=1.000000 | slack=0.000000 | y_low=0.000000 | y_up=0.000000 | total_real=1.000000
cliente 03 | lambda=1.000000 | slack=0.000000 | y_low=0.000000 | y_up=0.000000 | total_real=1.000000
cliente 04 | lambda=1.000000 | slack=0.000000 | y_low=0.000000 | y_up=0.000000 | total_real=1.000000
cliente 05 | lambda=1.000000 | slack=0.000000 | y_low=0.000000 | y_up=0.000000 | total_real=1.000000
cliente 06 | lambda=1.000000 | slack=0.000000 | y_low=0.000000 | y_up=0.000000 | total_real=1.000000
cliente 07 | lambda=1.000000 | slack=0.000000 | y_low=0.000000 | y_up=0.000000 | total_real=1.000000
cliente 08 | lambda=1.000000 | slack=0.000000 | y_low=0.000000 | y_up=0.000000 | total_real=1.000000
cliente 09 | lambda=1.000000 | slack=0.000000 | y_low=0.000000 | y_up=0.000000 | total_real=1.000000
cliente 10 | lambda=1.000000 | slack=0.000000 | y_low=0.000000 | y_up=0.000000 | total_real=1.000000
cliente 11 | lambda=0.916667 | slack=0.000000 | y_low=0.000000 | y_up=0.083333 | total_real=1.000000
cliente 12 | lambda=1.000000 | slack=0.000000 | y_low=0.000000 | y_up=0.000000 | total_real=1.000000
cliente 13 | lambda=1.000000 | slack=0.000000 | y_low=0.000000 | y_up=0.000000 | total_real=1.000000
cliente 14 | lambda=1.000000 | slack=0.000000 | y_low=0.000000 | y_up=0.000000 | total_real=1.000000


================ DUAIS DO MESTRE ================

PI (clientes):
  pi[1] =  1.003613
  pi[2] = -9.824366
  pi[3] = -1.823650
  pi[4] =  16.363270
  pi[5] =  2.443046
  pi[6] =  14.596462
  pi[7] =  16.009334
  pi[8] = -4.488203
  pi[9] =  0.367778
  pi[10] =  15.095620
  pi[11] =  13.212997
  pi[12] =  6.366030
  pi[13] =  22.722721
  pi[14] =  19.603375

SIGMA (veículos):
  sigma[0] = -0.000000
  sigma[1] = -0.000000

MU (arcos):
  sem duais de arco
=================================================

 [ETSAB] gamma_pi = 10.000000
[ORDEM PRICING] iter=17 | veiculos=[0, 1]
TESTA ALLBEST_SILVA
[PRICING MULTI] origem=ALLBEST_SILVA | k=0 | geradas=3 | novas_pool=3 | duplicadas_pool=0 | completa=False
[SILVA PRICING]
k=0
ALLBEST=3
BID_CPP=0
PD_CPP=0
pd_completa=None
pd_timeout=None
labels_pd=None
nivel_pd=None
melhor_rc=-10.923200005134426
origem=ALLBEST_SILVA
certifica_k=False
TESTA ALLBEST_SILVA
[PRICING MULTI] origem=ALLBEST_SILVA | k=1 | geradas=1 | novas_pool=1 | duplicadas_pool=0 | completa=False
[SILVA PRICING]
k=1
ALLBEST=1
BID_CPP=0
PD_CPP=0
pd_completa=None
pd_timeout=None
labels_pd=None
nivel_pd=None
melhor_rc=-24.62112664724839
origem=ALLBEST_SILVA
certifica_k=False
[SILVA CERT] todos_k_certificados=False
[SELECAO MULTI] iter=17 | selecionadas=3 | por_veiculo={0: 2, 1: 1}
GAMMA PI 10.0
GAMMA PI atualizado 10.0
Tempo total nessa geracao : 0.3s
Tempo total no NO: 5.5s
TAMANHO NOVAS COL 3

--- Nova Coluna ---
Veículo: 0
Sequência: [0, 1, 8, 9, 5, 3, 4, 7, 6, 14, 13, 11, 12, 15]
Custo: 95.45
Custo Reduzido: -10.923200
Clientes atendidos: [1, 3, 4, 5, 6, 7, 8, 9, 11, 12, 13, 14]
TAMANHO NOVAS COL 3

--- Nova Coluna ---
Veículo: 1
Sequência: [0, 6, 7, 4, 9, 10, 5, 14, 11, 13, 15]
Custo: 95.79
Custo Reduzido: -24.621127
Clientes atendidos: [4, 5, 6, 7, 9, 10, 11, 13, 14]
TAMANHO NOVAS COL 3

--- Nova Coluna ---
Veículo: 0
Sequência: [0, 9, 10, 5, 1, 3, 4, 7, 6, 14, 11, 12, 15]
Custo: 95.17
Custo Reduzido: -8.070672
Clientes atendidos: [1, 3, 4, 5, 6, 7, 9, 10, 11, 12, 14]

[COPIA ACEITA] origem_k=0 | destino_k=1 | custo=96.143786 | rc=-10.232986
[COPIA REJEITADA] origem_k=1 | destino_k=0 | motivo=viabilidade | seq=[0, 6, 7, 4, 9, 10, 5, 14, 11, 13, 15]
[LIMITE MULTI] k=1 | motivo=limite_veiculo
Nao adicionou no k 1
[COLUNAS ITER] novas=4 | duplicadas=0 | por_veiculo={0: 2, 1: 2}
[Nó 0] Iter 17 - Obj = 108.7896  Colunas = 65 inst= C:\Users\PolyanaSilva\Documents\BP_VRPTW\instancias\Petro_instancias\14n-2k-6c-008r_ML_silva2024.json
[Nó 0] inst= C:\Users\PolyanaSilva\Documents\BP_VRPTW\instancias\Petro_instancias\14n-2k-6c-008r_ML_silva2024.json Colunas ativas na iteração 17: 
   veic=0 | col=1 | lambda=0.714286 | custo=0.0000 | rota=[0, 15]
   veic=0 | col=2 | lambda=0.142857 | custo=95.2848 | rota=[0, 10, 8, 9, 2, 3, 1, 5, 7, 6, 14, 11, 13, 12, 15]
   veic=0 | col=28 | lambda=0.142857 | custo=95.6387 | rota=[0, 1, 10, 8, 9, 2, 4, 3, 6, 5, 14, 13, 11, 12, 15]
   veic=1 | col=1 | lambda=0.142857 | custo=0.0000 | rota=[0, 15]
   veic=1 | col=3 | lambda=0.142857 | custo=92.0447 | rota=[0, 1, 4, 2, 3, 5, 8, 9, 10, 6, 7, 13, 11, 12, 15]
   veic=1 | col=7 | lambda=0.142857 | custo=96.6838 | rota=[0, 5, 1, 8, 9, 4, 2, 3, 7, 6, 13, 11, 12, 14, 15]
   veic=1 | col=11 | lambda=0.142857 | custo=93.4057 | rota=[0, 8, 10, 9, 1, 5, 2, 4, 3, 6, 7, 11, 12, 14, 15]
   veic=1 | col=13 | lambda=0.142857 | custo=95.9920 | rota=[0, 8, 10, 9, 1, 2, 4, 3, 7, 6, 14, 12, 13, 15]
   veic=1 | col=31 | lambda=0.142857 | custo=96.6838 | rota=[0, 4, 2, 3, 7, 1, 8, 10, 5, 11, 14, 12, 13, 15]
   veic=1 | col=33 | lambda=0.142857 | custo=95.7935 | rota=[0, 6, 7, 4, 9, 10, 5, 14, 11, 13, 15]
Diff FO-  Sem melhora 0 
   valor recomposto = 108.789552

   valor recomposto = 108.789552

--- COBERTURA POR CLIENTE ---
cliente 01 | lambda=1.000000 | slack=0.000000 | y_low=0.000000 | y_up=0.000000 | total_real=1.000000
cliente 02 | lambda=1.000000 | slack=0.000000 | y_low=0.000000 | y_up=0.000000 | total_real=1.000000
cliente 03 | lambda=1.000000 | slack=0.000000 | y_low=0.000000 | y_up=0.000000 | total_real=1.000000
cliente 04 | lambda=1.000000 | slack=0.000000 | y_low=0.000000 | y_up=0.000000 | total_real=1.000000
cliente 05 | lambda=1.000000 | slack=0.000000 | y_low=0.000000 | y_up=0.000000 | total_real=1.000000
cliente 06 | lambda=1.000000 | slack=0.000000 | y_low=0.000000 | y_up=0.000000 | total_real=1.000000
cliente 07 | lambda=1.000000 | slack=0.000000 | y_low=0.000000 | y_up=0.000000 | total_real=1.000000
cliente 08 | lambda=1.000000 | slack=0.000000 | y_low=0.000000 | y_up=0.000000 | total_real=1.000000
cliente 09 | lambda=1.000000 | slack=0.000000 | y_low=0.000000 | y_up=0.000000 | total_real=1.000000
cliente 10 | lambda=1.000000 | slack=0.000000 | y_low=0.000000 | y_up=0.000000 | total_real=1.000000
cliente 11 | lambda=1.000000 | slack=0.000000 | y_low=0.000000 | y_up=0.000000 | total_real=1.000000
cliente 12 | lambda=1.000000 | slack=0.000000 | y_low=0.000000 | y_up=0.000000 | total_real=1.000000
cliente 13 | lambda=1.000000 | slack=0.000000 | y_low=0.000000 | y_up=0.000000 | total_real=1.000000
cliente 14 | lambda=1.000000 | slack=0.000000 | y_low=0.000000 | y_up=0.000000 | total_real=1.000000


================ DUAIS DO MESTRE ================

PI (clientes):
  pi[1] =  1.134992
  pi[2] =  1.230214
  pi[3] = -1.134992
  pi[4] =  13.504795
  pi[5] =  13.733431
  pi[6] =  14.143610
  pi[7] =  13.150860
  pi[8] =  2.397844
  pi[9] = -2.037844
  pi[10] =  12.105766
  pi[11] = -0.935863
  pi[12] =  9.368018
  pi[13] =  15.383821
  pi[14] =  16.744900

SIGMA (veículos):
  sigma[0] = -0.000000
  sigma[1] = -0.000000

MU (arcos):
  sem duais de arco
=================================================

 [ETSAB] gamma_pi = 10.000000
[ORDEM PRICING] iter=18 | veiculos=[1, 0]
TESTA ALLBEST_SILVA
[PRICING MULTI] origem=ALLBEST_SILVA | k=1 | geradas=0 | novas_pool=0 | duplicadas_pool=0 | completa=False
TESTA BID_SILVA_CPP
[PRICING MULTI] origem=BID_SILVA_CPP | k=1 | geradas=20 | novas_pool=20 | duplicadas_pool=0 | completa=False
[SILVA PRICING]
k=1
ALLBEST=0
BID_CPP=20
PD_CPP=0
pd_completa=None
pd_timeout=None
labels_pd=None
nivel_pd=None
melhor_rc=-13.150859725018307
origem=BID_SILVA_CPP
certifica_k=False
TESTA ALLBEST_SILVA
[PRICING MULTI] origem=ALLBEST_SILVA | k=0 | geradas=0 | novas_pool=0 | duplicadas_pool=0 | completa=False
TESTA BID_SILVA_CPP
[PRICING MULTI] origem=BID_SILVA_CPP | k=0 | geradas=20 | novas_pool=20 | duplicadas_pool=0 | completa=False
[SILVA PRICING]
k=0
ALLBEST=0
BID_CPP=20
PD_CPP=0
pd_completa=None
pd_timeout=None
labels_pd=None
nivel_pd=None
melhor_rc=-5.695208241175832
origem=BID_SILVA_CPP
certifica_k=False
[SILVA CERT] todos_k_certificados=False
[SELECAO MULTI] iter=18 | selecionadas=4 | por_veiculo={1: 2, 0: 2}
GAMMA PI 10.0
GAMMA PI atualizado 10.0
Tempo total nessa geracao : 0.2s
Tempo total no NO: 5.7s
TAMANHO NOVAS COL 4

--- Nova Coluna ---
Veículo: 1
Sequência: [0, 6, 7, 5, 10, 4, 13, 14, 12, 15]
Custo: 94.98
Custo Reduzido: -13.150860
Clientes atendidos: [4, 5, 6, 7, 10, 12, 13, 14]
TAMANHO NOVAS COL 4

--- Nova Coluna ---
Veículo: 0
Sequência: [0, 10, 5, 7, 6, 4, 14, 12, 15]
Custo: 87.06
Custo Reduzido: -5.695208
Clientes atendidos: [4, 5, 6, 7, 10, 12, 14]
TAMANHO NOVAS COL 4

--- Nova Coluna ---
Veículo: 1
Sequência: [0, 10, 5, 7, 6, 4, 13, 14, 12, 15]
Custo: 94.98
Custo Reduzido: -13.150860
Clientes atendidos: [4, 5, 6, 7, 10, 12, 13, 14]
TAMANHO NOVAS COL 4

--- Nova Coluna ---
Veículo: 0
Sequência: [0, 10, 5, 6, 7, 4, 14, 12, 15]
Custo: 87.06
Custo Reduzido: -5.695208
Clientes atendidos: [4, 5, 6, 7, 10, 12, 14]

[COPIA REJEITADA] origem_k=1 | destino_k=0 | motivo=viabilidade | seq=[0, 6, 7, 5, 10, 4, 13, 14, 12, 15]
[COPIA ACEITA] origem_k=0 | destino_k=1 | custo=91.706286 | rc=-1.045094
[COPIA REJEITADA] origem_k=1 | destino_k=0 | motivo=viabilidade | seq=[0, 10, 5, 7, 6, 4, 13, 14, 12, 15]
[LIMITE MULTI] k=1 | motivo=limite_veiculo
Nao adicionou no k 1
[LIMITE MULTI] k=1 | motivo=limite_veiculo
Nao adicionou no k 1
[COLUNAS ITER] novas=4 | duplicadas=0 | por_veiculo={0: 2, 1: 2}
[Nó 0] Iter 18 - Obj = 108.7896  Colunas = 69 inst= C:\Users\PolyanaSilva\Documents\BP_VRPTW\instancias\Petro_instancias\14n-2k-6c-008r_ML_silva2024.json
[Nó 0] inst= C:\Users\PolyanaSilva\Documents\BP_VRPTW\instancias\Petro_instancias\14n-2k-6c-008r_ML_silva2024.json Colunas ativas na iteração 18: 
   veic=0 | col=1 | lambda=0.714286 | custo=0.0000 | rota=[0, 15]
   veic=0 | col=2 | lambda=0.142857 | custo=95.2848 | rota=[0, 10, 8, 9, 2, 3, 1, 5, 7, 6, 14, 11, 13, 12, 15]
   veic=0 | col=28 | lambda=0.142857 | custo=95.6387 | rota=[0, 1, 10, 8, 9, 2, 4, 3, 6, 5, 14, 13, 11, 12, 15]
   veic=1 | col=1 | lambda=0.142857 | custo=0.0000 | rota=[0, 15]
   veic=1 | col=3 | lambda=0.142857 | custo=92.0447 | rota=[0, 1, 4, 2, 3, 5, 8, 9, 10, 6, 7, 13, 11, 12, 15]
   veic=1 | col=7 | lambda=0.142857 | custo=96.6838 | rota=[0, 5, 1, 8, 9, 4, 2, 3, 7, 6, 13, 11, 12, 14, 15]
   veic=1 | col=11 | lambda=0.142857 | custo=93.4057 | rota=[0, 8, 10, 9, 1, 5, 2, 4, 3, 6, 7, 11, 12, 14, 15]
   veic=1 | col=13 | lambda=0.142857 | custo=95.9920 | rota=[0, 8, 10, 9, 1, 2, 4, 3, 7, 6, 14, 12, 13, 15]
   veic=1 | col=31 | lambda=0.142857 | custo=96.6838 | rota=[0, 4, 2, 3, 7, 1, 8, 10, 5, 11, 14, 12, 13, 15]
   veic=1 | col=33 | lambda=0.142857 | custo=95.7935 | rota=[0, 6, 7, 4, 9, 10, 5, 14, 11, 13, 15]
MESMA FO-  Sem melhora 1 Recom 108.78955214906237 Ultmf 108.78955214906237  VALOR SUB 0.0
   valor recomposto = 108.789552

   valor recomposto = 108.789552

--- COBERTURA POR CLIENTE ---
cliente 01 | lambda=1.000000 | slack=0.000000 | y_low=0.000000 | y_up=0.000000 | total_real=1.000000
cliente 02 | lambda=1.000000 | slack=0.000000 | y_low=0.000000 | y_up=0.000000 | total_real=1.000000
cliente 03 | lambda=1.000000 | slack=0.000000 | y_low=0.000000 | y_up=0.000000 | total_real=1.000000
cliente 04 | lambda=1.000000 | slack=0.000000 | y_low=0.000000 | y_up=0.000000 | total_real=1.000000
cliente 05 | lambda=1.000000 | slack=0.000000 | y_low=0.000000 | y_up=0.000000 | total_real=1.000000
cliente 06 | lambda=1.000000 | slack=0.000000 | y_low=0.000000 | y_up=0.000000 | total_real=1.000000
cliente 07 | lambda=1.000000 | slack=0.000000 | y_low=0.000000 | y_up=0.000000 | total_real=1.000000
cliente 08 | lambda=1.000000 | slack=0.000000 | y_low=0.000000 | y_up=0.000000 | total_real=1.000000
cliente 09 | lambda=1.000000 | slack=0.000000 | y_low=0.000000 | y_up=0.000000 | total_real=1.000000
cliente 10 | lambda=1.000000 | slack=0.000000 | y_low=0.000000 | y_up=0.000000 | total_real=1.000000
cliente 11 | lambda=1.000000 | slack=0.000000 | y_low=0.000000 | y_up=0.000000 | total_real=1.000000
cliente 12 | lambda=1.000000 | slack=0.000000 | y_low=0.000000 | y_up=0.000000 | total_real=1.000000
cliente 13 | lambda=1.000000 | slack=0.000000 | y_low=0.000000 | y_up=0.000000 | total_real=1.000000
cliente 14 | lambda=1.000000 | slack=0.000000 | y_low=0.000000 | y_up=0.000000 | total_real=1.000000


================ DUAIS DO MESTRE ================

PI (clientes):
  pi[1] =  1.134992
  pi[2] =  1.230214
  pi[3] = -1.134992
  pi[4] =  13.504795
  pi[5] =  11.459396
  pi[6] =  11.869575
  pi[7] =  13.150860
  pi[8] =  11.000634
  pi[9] =  0.236191
  pi[10] =  12.105766
  pi[11] =  1.338172
  pi[12] =  0.765229
  pi[13] =  15.383821
  pi[14] =  16.744900

SIGMA (veículos):
  sigma[0] = -0.000000
  sigma[1] = -0.000000

MU (arcos):
  sem duais de arco
=================================================

 [ETSAB] gamma_pi = 10.000000
[ORDEM PRICING] iter=19 | veiculos=[1, 0]
TESTA ALLBEST_SILVA
[PRICING MULTI] origem=ALLBEST_SILVA | k=1 | geradas=0 | novas_pool=0 | duplicadas_pool=0 | completa=False
TESTA BID_SILVA_CPP
[PRICING MULTI] origem=BID_SILVA_CPP | k=1 | geradas=20 | novas_pool=20 | duplicadas_pool=0 | completa=False
[SILVA PRICING]
k=1
ALLBEST=0
BID_CPP=20
PD_CPP=0
pd_completa=None
pd_timeout=None
labels_pd=None
nivel_pd=None
melhor_rc=-2.3225037422823736
origem=BID_SILVA_CPP
certifica_k=False
TESTA ALLBEST_SILVA
[PRICING MULTI] origem=ALLBEST_SILVA | k=0 | geradas=0 | novas_pool=0 | duplicadas_pool=0 | completa=False
TESTA BID_SILVA_CPP
[PRICING MULTI] origem=BID_SILVA_CPP | k=0 | geradas=20 | novas_pool=20 | duplicadas_pool=0 | completa=False
[SILVA PRICING]
k=0
ALLBEST=0
BID_CPP=20
PD_CPP=0
pd_completa=None
pd_timeout=None
labels_pd=None
nivel_pd=None
melhor_rc=-3.3278732916395053
origem=BID_SILVA_CPP
certifica_k=False
[SILVA CERT] todos_k_certificados=False
[SELECAO MULTI] iter=19 | selecionadas=4 | por_veiculo={1: 2, 0: 2}
GAMMA PI 10.0
GAMMA PI atualizado 10.0
Tempo total nessa geracao : 0.2s
Tempo total no NO: 5.8s
TAMANHO NOVAS COL 4

--- Nova Coluna ---
Veículo: 1
Sequência: [0, 8, 10, 5, 6, 7, 15]
Custo: 57.26
Custo Reduzido: -2.322504
Clientes atendidos: [5, 6, 7, 8, 10]
TAMANHO NOVAS COL 4

--- Nova Coluna ---
Veículo: 0
Sequência: [0, 10, 8, 5, 7, 6, 4, 14, 11, 15]
Custo: 87.85
Custo Reduzido: -3.327873
Clientes atendidos: [4, 5, 6, 7, 8, 10, 11, 14]
TAMANHO NOVAS COL 4

--- Nova Coluna ---
Veículo: 1
Sequência: [0, 10, 8, 5, 6, 7, 15]
Custo: 57.26
Custo Reduzido: -2.322504
Clientes atendidos: [5, 6, 7, 8, 10]
TAMANHO NOVAS COL 4

--- Nova Coluna ---
Veículo: 0
Sequência: [0, 10, 8, 5, 7, 6, 4, 14, 15]
Custo: 87.05
Custo Reduzido: -2.789146
Clientes atendidos: [4, 5, 6, 7, 8, 10, 14]

Nao adicionou no k 0
Nao adicionou no k 1
Nao adicionou no k 0
Nao adicionou no k 1
[COLUNAS ITER] novas=4 | duplicadas=0 | por_veiculo={0: 2, 1: 2}
[Nó 0] Rodando MIP periódico após 12 novas colunas realmente adicionadas...
[Nó 0] MIP periódico encontrou solução inteira válida. FO=181.917133
[Nó 0] Iter 19 - Obj = 108.7896  Colunas = 73 inst= C:\Users\PolyanaSilva\Documents\BP_VRPTW\instancias\Petro_instancias\14n-2k-6c-008r_ML_silva2024.json
[Nó 0] inst= C:\Users\PolyanaSilva\Documents\BP_VRPTW\instancias\Petro_instancias\14n-2k-6c-008r_ML_silva2024.json Colunas ativas na iteração 19: 
   veic=0 | col=1 | lambda=0.714286 | custo=0.0000 | rota=[0, 15]
   veic=0 | col=2 | lambda=0.142857 | custo=95.2848 | rota=[0, 10, 8, 9, 2, 3, 1, 5, 7, 6, 14, 11, 13, 12, 15]
   veic=0 | col=28 | lambda=0.142857 | custo=95.6387 | rota=[0, 1, 10, 8, 9, 2, 4, 3, 6, 5, 14, 13, 11, 12, 15]
   veic=1 | col=1 | lambda=0.142857 | custo=0.0000 | rota=[0, 15]
   veic=1 | col=3 | lambda=0.142857 | custo=92.0447 | rota=[0, 1, 4, 2, 3, 5, 8, 9, 10, 6, 7, 13, 11, 12, 15]
   veic=1 | col=7 | lambda=0.142857 | custo=96.6838 | rota=[0, 5, 1, 8, 9, 4, 2, 3, 7, 6, 13, 11, 12, 14, 15]
   veic=1 | col=11 | lambda=0.142857 | custo=93.4057 | rota=[0, 8, 10, 9, 1, 5, 2, 4, 3, 6, 7, 11, 12, 14, 15]
   veic=1 | col=13 | lambda=0.142857 | custo=95.9920 | rota=[0, 8, 10, 9, 1, 2, 4, 3, 7, 6, 14, 12, 13, 15]
   veic=1 | col=31 | lambda=0.142857 | custo=96.6838 | rota=[0, 4, 2, 3, 7, 1, 8, 10, 5, 11, 14, 12, 13, 15]
   veic=1 | col=33 | lambda=0.142857 | custo=95.7935 | rota=[0, 6, 7, 4, 9, 10, 5, 14, 11, 13, 15]
MESMA FO-  Sem melhora 2 Recom 108.78955214906237 Ultmf 108.78955214906237  VALOR SUB 0.0
   valor recomposto = 108.789552

   valor recomposto = 108.789552

--- COBERTURA POR CLIENTE ---
cliente 01 | lambda=1.000000 | slack=0.000000 | y_low=0.000000 | y_up=0.000000 | total_real=1.000000
cliente 02 | lambda=1.000000 | slack=0.000000 | y_low=0.000000 | y_up=0.000000 | total_real=1.000000
cliente 03 | lambda=1.000000 | slack=0.000000 | y_low=0.000000 | y_up=0.000000 | total_real=1.000000
cliente 04 | lambda=1.000000 | slack=0.000000 | y_low=0.000000 | y_up=0.000000 | total_real=1.000000
cliente 05 | lambda=1.000000 | slack=0.000000 | y_low=0.000000 | y_up=0.000000 | total_real=1.000000
cliente 06 | lambda=1.000000 | slack=0.000000 | y_low=0.000000 | y_up=0.000000 | total_real=1.000000
cliente 07 | lambda=1.000000 | slack=0.000000 | y_low=0.000000 | y_up=0.000000 | total_real=1.000000
cliente 08 | lambda=1.000000 | slack=0.000000 | y_low=0.000000 | y_up=0.000000 | total_real=1.000000
cliente 09 | lambda=1.000000 | slack=0.000000 | y_low=0.000000 | y_up=0.000000 | total_real=1.000000
cliente 10 | lambda=1.000000 | slack=0.000000 | y_low=0.000000 | y_up=0.000000 | total_real=1.000000
cliente 11 | lambda=1.000000 | slack=0.000000 | y_low=0.000000 | y_up=0.000000 | total_real=1.000000
cliente 12 | lambda=1.000000 | slack=0.000000 | y_low=0.000000 | y_up=0.000000 | total_real=1.000000
cliente 13 | lambda=1.000000 | slack=0.000000 | y_low=0.000000 | y_up=0.000000 | total_real=1.000000
cliente 14 | lambda=1.000000 | slack=0.000000 | y_low=0.000000 | y_up=0.000000 | total_real=1.000000


================ DUAIS DO MESTRE ================

PI (clientes):
  pi[1] =  1.134992
  pi[2] =  1.230214
  pi[3] = -1.134992
  pi[4] =  13.504795
  pi[5] =  10.350105
  pi[6] =  10.760284
  pi[7] =  13.150860
  pi[8] =  8.782051
  pi[9] =  1.345482
  pi[10] =  12.105766
  pi[11] =  2.447463
  pi[12] =  2.983811
  pi[13] =  15.383821
  pi[14] =  16.744900

SIGMA (veículos):
  sigma[0] = -0.000000
  sigma[1] = -0.000000

MU (arcos):
  sem duais de arco
=================================================

 [ETSAB] gamma_pi = 10.000000
[ORDEM PRICING] iter=20 | veiculos=[1, 0]
TESTA ALLBEST_SILVA
[PRICING MULTI] origem=ALLBEST_SILVA | k=1 | geradas=0 | novas_pool=0 | duplicadas_pool=0 | completa=False
TESTA BID_SILVA_CPP
[PRICING MULTI] origem=BID_SILVA_CPP | k=1 | geradas=20 | novas_pool=20 | duplicadas_pool=0 | completa=False
[SILVA PRICING]
k=1
ALLBEST=0
BID_CPP=20
PD_CPP=0
pd_completa=None
pd_timeout=None
labels_pd=None
nivel_pd=None
melhor_rc=-6.004351790350398
origem=BID_SILVA_CPP
certifica_k=False
TESTA ALLBEST_SILVA
[PRICING MULTI] origem=ALLBEST_SILVA | k=0 | geradas=0 | novas_pool=0 | duplicadas_pool=0 | completa=False
TESTA BID_SILVA_CPP
[PRICING MULTI] origem=BID_SILVA_CPP | k=0 | geradas=20 | novas_pool=20 | duplicadas_pool=0 | completa=False
[SILVA PRICING]
k=0
ALLBEST=0
BID_CPP=20
PD_CPP=0
pd_completa=None
pd_timeout=None
labels_pd=None
nivel_pd=None
melhor_rc=-2.07769959683215
origem=BID_SILVA_CPP
certifica_k=False
[SILVA CERT] todos_k_certificados=False
[SELECAO MULTI] iter=20 | selecionadas=4 | por_veiculo={1: 2, 0: 2}
GAMMA PI 10.0
GAMMA PI atualizado 10.0
Tempo total nessa geracao : 0.2s
Tempo total no NO: 6.0s
TAMANHO NOVAS COL 4

--- Nova Coluna ---
Veículo: 1
Sequência: [0, 10, 8, 5, 4, 6, 7, 13, 14, 15]
Custo: 94.78
Custo Reduzido: -6.004352
Clientes atendidos: [4, 5, 6, 7, 8, 10, 13, 14]
TAMANHO NOVAS COL 4

--- Nova Coluna ---
Veículo: 0
Sequência: [0, 10, 8, 5, 6, 7, 4, 14, 11, 12, 15]
Custo: 88.75
Custo Reduzido: -2.077700
Clientes atendidos: [4, 5, 6, 7, 8, 10, 11, 12, 14]
TAMANHO NOVAS COL 4

--- Nova Coluna ---
Veículo: 1
Sequência: [0, 8, 10, 5, 7, 6, 4, 13, 14, 15]
Custo: 94.78
Custo Reduzido: -6.004352
Clientes atendidos: [4, 5, 6, 7, 8, 10, 13, 14]
TAMANHO NOVAS COL 4

--- Nova Coluna ---
Veículo: 0
Sequência: [0, 8, 10, 5, 6, 7, 4, 14, 11, 12, 15]
Custo: 88.75
Custo Reduzido: -2.077700
Clientes atendidos: [4, 5, 6, 7, 8, 10, 11, 12, 14]

[COPIA REJEITADA] origem_k=1 | destino_k=0 | motivo=viabilidade | seq=[0, 10, 8, 5, 4, 6, 7, 13, 14, 15]
Nao adicionou no k 1
[COPIA REJEITADA] origem_k=1 | destino_k=0 | motivo=viabilidade | seq=[0, 8, 10, 5, 7, 6, 4, 13, 14, 15]
Nao adicionou no k 1
[COLUNAS ITER] novas=4 | duplicadas=0 | por_veiculo={0: 2, 1: 2}
[Nó 0] Iter 20 - Obj = 108.7896  Colunas = 77 inst= C:\Users\PolyanaSilva\Documents\BP_VRPTW\instancias\Petro_instancias\14n-2k-6c-008r_ML_silva2024.json
[Nó 0] inst= C:\Users\PolyanaSilva\Documents\BP_VRPTW\instancias\Petro_instancias\14n-2k-6c-008r_ML_silva2024.json Colunas ativas na iteração 20: 
   veic=0 | col=1 | lambda=0.714286 | custo=0.0000 | rota=[0, 15]
   veic=0 | col=2 | lambda=0.142857 | custo=95.2848 | rota=[0, 10, 8, 9, 2, 3, 1, 5, 7, 6, 14, 11, 13, 12, 15]
   veic=0 | col=28 | lambda=0.142857 | custo=95.6387 | rota=[0, 1, 10, 8, 9, 2, 4, 3, 6, 5, 14, 13, 11, 12, 15]
   veic=1 | col=1 | lambda=0.142857 | custo=0.0000 | rota=[0, 15]
   veic=1 | col=3 | lambda=0.142857 | custo=92.0447 | rota=[0, 1, 4, 2, 3, 5, 8, 9, 10, 6, 7, 13, 11, 12, 15]
   veic=1 | col=7 | lambda=0.142857 | custo=96.6838 | rota=[0, 5, 1, 8, 9, 4, 2, 3, 7, 6, 13, 11, 12, 14, 15]
   veic=1 | col=11 | lambda=0.142857 | custo=93.4057 | rota=[0, 8, 10, 9, 1, 5, 2, 4, 3, 6, 7, 11, 12, 14, 15]
   veic=1 | col=13 | lambda=0.142857 | custo=95.9920 | rota=[0, 8, 10, 9, 1, 2, 4, 3, 7, 6, 14, 12, 13, 15]
   veic=1 | col=31 | lambda=0.142857 | custo=96.6838 | rota=[0, 4, 2, 3, 7, 1, 8, 10, 5, 11, 14, 12, 13, 15]
   veic=1 | col=33 | lambda=0.142857 | custo=95.7935 | rota=[0, 6, 7, 4, 9, 10, 5, 14, 11, 13, 15]
MESMA FO-  Sem melhora 3 Recom 108.78955214906239 Ultmf 108.78955214906237  VALOR SUB 1.4210854715202004e-14
   valor recomposto = 108.789552

   valor recomposto = 108.789552

--- COBERTURA POR CLIENTE ---
cliente 01 | lambda=1.000000 | slack=0.000000 | y_low=0.000000 | y_up=0.000000 | total_real=1.000000
cliente 02 | lambda=1.000000 | slack=0.000000 | y_low=0.000000 | y_up=0.000000 | total_real=1.000000
cliente 03 | lambda=1.000000 | slack=0.000000 | y_low=0.000000 | y_up=0.000000 | total_real=1.000000
cliente 04 | lambda=1.000000 | slack=0.000000 | y_low=0.000000 | y_up=0.000000 | total_real=1.000000
cliente 05 | lambda=1.000000 | slack=0.000000 | y_low=0.000000 | y_up=0.000000 | total_real=1.000000
cliente 06 | lambda=1.000000 | slack=0.000000 | y_low=0.000000 | y_up=0.000000 | total_real=1.000000
cliente 07 | lambda=1.000000 | slack=0.000000 | y_low=0.000000 | y_up=0.000000 | total_real=1.000000
cliente 08 | lambda=1.000000 | slack=0.000000 | y_low=0.000000 | y_up=0.000000 | total_real=1.000000
cliente 09 | lambda=1.000000 | slack=0.000000 | y_low=0.000000 | y_up=0.000000 | total_real=1.000000
cliente 10 | lambda=1.000000 | slack=0.000000 | y_low=0.000000 | y_up=0.000000 | total_real=1.000000
cliente 11 | lambda=1.000000 | slack=0.000000 | y_low=0.000000 | y_up=0.000000 | total_real=1.000000
cliente 12 | lambda=1.000000 | slack=0.000000 | y_low=0.000000 | y_up=0.000000 | total_real=1.000000
cliente 13 | lambda=1.000000 | slack=0.000000 | y_low=0.000000 | y_up=0.000000 | total_real=1.000000
cliente 14 | lambda=1.000000 | slack=0.000000 | y_low=0.000000 | y_up=0.000000 | total_real=1.000000


================ DUAIS DO MESTRE ================

PI (clientes):
  pi[1] =  1.134992
  pi[2] =  1.230214
  pi[3] = -1.134992
  pi[4] =  13.504795
  pi[5] =  5.631514
  pi[6] =  6.041692
  pi[7] =  13.150860
  pi[8] = -0.655132
  pi[9] =  6.064073
  pi[10] =  12.105766
  pi[11] =  7.166055
  pi[12] =  12.420994
  pi[13] =  15.383821
  pi[14] =  16.744900

SIGMA (veículos):
  sigma[0] = -0.000000
  sigma[1] = -0.000000

MU (arcos):
  sem duais de arco
=================================================

 [ETSAB] gamma_pi = 10.000000
[ORDEM PRICING] iter=21 | veiculos=[1, 0]
TESTA ALLBEST_SILVA
[PRICING MULTI] origem=ALLBEST_SILVA | k=1 | geradas=0 | novas_pool=0 | duplicadas_pool=0 | completa=False
TESTA BID_SILVA_CPP
[PRICING MULTI] origem=BID_SILVA_CPP | k=1 | geradas=20 | novas_pool=20 | duplicadas_pool=0 | completa=False
[SILVA PRICING]
k=1
ALLBEST=0
BID_CPP=20
PD_CPP=0
pd_completa=None
pd_timeout=None
labels_pd=None
nivel_pd=None
melhor_rc=-6.064073495979654
origem=BID_SILVA_CPP
certifica_k=False
TESTA ALLBEST_SILVA
[PRICING MULTI] origem=ALLBEST_SILVA | k=0 | geradas=0 | novas_pool=0 | duplicadas_pool=0 | completa=False
TESTA BID_SILVA_CPP
[PRICING MULTI] origem=BID_SILVA_CPP | k=0 | geradas=12 | novas_pool=12 | duplicadas_pool=0 | completa=False
[SILVA PRICING]
k=0
ALLBEST=0
BID_CPP=12
PD_CPP=0
pd_completa=None
pd_timeout=None
labels_pd=None
nivel_pd=None
melhor_rc=-2.101378952496912
origem=BID_SILVA_CPP
certifica_k=False
[SILVA CERT] todos_k_certificados=False
[SELECAO MULTI] iter=21 | selecionadas=4 | por_veiculo={1: 2, 0: 2}
GAMMA PI 10.0
GAMMA PI atualizado 10.0
Tempo total nessa geracao : 0.1s
Tempo total no NO: 6.2s
TAMANHO NOVAS COL 4

--- Nova Coluna ---
Veículo: 1
Sequência: [0, 9, 10, 5, 4, 7, 6, 13, 12, 14, 15]
Custo: 94.98
Custo Reduzido: -6.064073
Clientes atendidos: [4, 5, 6, 7, 9, 10, 12, 13, 14]
TAMANHO NOVAS COL 4

--- Nova Coluna ---
Veículo: 0
Sequência: [0, 9, 10, 6, 7, 4, 14, 11, 12, 5, 15]
Custo: 90.73
Custo Reduzido: -2.101379
Clientes atendidos: [4, 5, 6, 7, 9, 10, 11, 12, 14]
TAMANHO NOVAS COL 4

--- Nova Coluna ---
Veículo: 1
Sequência: [0, 10, 9, 4, 7, 6, 5, 13, 12, 14, 15]
Custo: 94.98
Custo Reduzido: -6.064073
Clientes atendidos: [4, 5, 6, 7, 9, 10, 12, 13, 14]
TAMANHO NOVAS COL 4

--- Nova Coluna ---
Veículo: 0
Sequência: [0, 10, 9, 4, 7, 6, 14, 11, 12, 5, 15]
Custo: 90.73
Custo Reduzido: -2.101379
Clientes atendidos: [4, 5, 6, 7, 9, 10, 11, 12, 14]
[MIP_LOG] iter=20 | colunas_pool=77 | frequencia=10

[COPIA REJEITADA] origem_k=1 | destino_k=0 | motivo=viabilidade | seq=[0, 9, 10, 5, 4, 7, 6, 13, 12, 14, 15]
Nao adicionou no k 1
[COPIA REJEITADA] origem_k=1 | destino_k=0 | motivo=viabilidade | seq=[0, 10, 9, 4, 7, 6, 5, 13, 12, 14, 15]
Nao adicionou no k 1
[COLUNAS ITER] novas=4 | duplicadas=0 | por_veiculo={0: 2, 1: 2}
[Nó 0] Iter 21 - Obj = 108.7896  Colunas = 81 inst= C:\Users\PolyanaSilva\Documents\BP_VRPTW\instancias\Petro_instancias\14n-2k-6c-008r_ML_silva2024.json
[Nó 0] inst= C:\Users\PolyanaSilva\Documents\BP_VRPTW\instancias\Petro_instancias\14n-2k-6c-008r_ML_silva2024.json Colunas ativas na iteração 21: 
   veic=0 | col=1 | lambda=0.714286 | custo=0.0000 | rota=[0, 15]
   veic=0 | col=2 | lambda=0.142857 | custo=95.2848 | rota=[0, 10, 8, 9, 2, 3, 1, 5, 7, 6, 14, 11, 13, 12, 15]
   veic=0 | col=28 | lambda=0.142857 | custo=95.6387 | rota=[0, 1, 10, 8, 9, 2, 4, 3, 6, 5, 14, 13, 11, 12, 15]
   veic=1 | col=1 | lambda=0.142857 | custo=0.0000 | rota=[0, 15]
   veic=1 | col=3 | lambda=0.142857 | custo=92.0447 | rota=[0, 1, 4, 2, 3, 5, 8, 9, 10, 6, 7, 13, 11, 12, 15]
   veic=1 | col=7 | lambda=0.142857 | custo=96.6838 | rota=[0, 5, 1, 8, 9, 4, 2, 3, 7, 6, 13, 11, 12, 14, 15]
   veic=1 | col=11 | lambda=0.142857 | custo=93.4057 | rota=[0, 8, 10, 9, 1, 5, 2, 4, 3, 6, 7, 11, 12, 14, 15]
   veic=1 | col=13 | lambda=0.142857 | custo=95.9920 | rota=[0, 8, 10, 9, 1, 2, 4, 3, 7, 6, 14, 12, 13, 15]
   veic=1 | col=31 | lambda=0.142857 | custo=96.6838 | rota=[0, 4, 2, 3, 7, 1, 8, 10, 5, 11, 14, 12, 13, 15]
   veic=1 | col=33 | lambda=0.142857 | custo=95.7935 | rota=[0, 6, 7, 4, 9, 10, 5, 14, 11, 13, 15]
MESMA FO-  Sem melhora 4 Recom 108.78955214906237 Ultmf 108.78955214906237  VALOR SUB 0.0
   valor recomposto = 108.789552

   valor recomposto = 108.789552

--- COBERTURA POR CLIENTE ---
cliente 01 | lambda=1.000000 | slack=0.000000 | y_low=0.000000 | y_up=0.000000 | total_real=1.000000
cliente 02 | lambda=1.000000 | slack=0.000000 | y_low=0.000000 | y_up=0.000000 | total_real=1.000000
cliente 03 | lambda=1.000000 | slack=0.000000 | y_low=0.000000 | y_up=0.000000 | total_real=1.000000
cliente 04 | lambda=1.000000 | slack=0.000000 | y_low=0.000000 | y_up=0.000000 | total_real=1.000000
cliente 05 | lambda=1.000000 | slack=0.000000 | y_low=0.000000 | y_up=0.000000 | total_real=1.000000
cliente 06 | lambda=1.000000 | slack=0.000000 | y_low=0.000000 | y_up=0.000000 | total_real=1.000000
cliente 07 | lambda=1.000000 | slack=0.000000 | y_low=0.000000 | y_up=0.000000 | total_real=1.000000
cliente 08 | lambda=1.000000 | slack=0.000000 | y_low=0.000000 | y_up=0.000000 | total_real=1.000000
cliente 09 | lambda=1.000000 | slack=0.000000 | y_low=0.000000 | y_up=0.000000 | total_real=1.000000
cliente 10 | lambda=1.000000 | slack=0.000000 | y_low=0.000000 | y_up=0.000000 | total_real=1.000000
cliente 11 | lambda=1.000000 | slack=0.000000 | y_low=0.000000 | y_up=0.000000 | total_real=1.000000
cliente 12 | lambda=1.000000 | slack=0.000000 | y_low=0.000000 | y_up=0.000000 | total_real=1.000000
cliente 13 | lambda=1.000000 | slack=0.000000 | y_low=0.000000 | y_up=0.000000 | total_real=1.000000
cliente 14 | lambda=1.000000 | slack=0.000000 | y_low=0.000000 | y_up=0.000000 | total_real=1.000000


================ DUAIS DO MESTRE ================

PI (clientes):
  pi[1] =  1.134992
  pi[2] =  1.230214
  pi[3] = -1.134992
  pi[4] =  13.504795
  pi[5] =  1.668819
  pi[6] =  8.682584
  pi[7] =  13.150860
  pi[8] =  1.446247
  pi[9] =  3.423182
  pi[10] =  12.105766
  pi[11] =  11.128749
  pi[12] =  10.319615
  pi[13] =  15.383821
  pi[14] =  16.744900

SIGMA (veículos):
  sigma[0] = -0.000000
  sigma[1] = -0.000000

MU (arcos):
  sem duais de arco
=================================================

 [ETSAB] gamma_pi = 10.000000
[ORDEM PRICING] iter=22 | veiculos=[1, 0]
TESTA ALLBEST_SILVA
[PRICING MULTI] origem=ALLBEST_SILVA | k=1 | geradas=0 | novas_pool=0 | duplicadas_pool=0 | completa=False
TESTA BID_SILVA_CPP
[PRICING MULTI] origem=BID_SILVA_CPP | k=1 | geradas=20 | novas_pool=20 | duplicadas_pool=0 | completa=False
[SILVA PRICING]
k=1
ALLBEST=0
BID_CPP=20
PD_CPP=0
pd_completa=None
pd_timeout=None
labels_pd=None
nivel_pd=None
melhor_rc=-10.329304616505048
origem=BID_SILVA_CPP
certifica_k=False
TESTA ALLBEST_SILVA
[PRICING MULTI] origem=ALLBEST_SILVA | k=0 | geradas=0 | novas_pool=0 | duplicadas_pool=0 | completa=False
TESTA BID_SILVA_CPP
[PRICING MULTI] origem=BID_SILVA_CPP | k=0 | geradas=18 | novas_pool=18 | duplicadas_pool=0 | completa=False
[SILVA PRICING]
k=0
ALLBEST=0
BID_CPP=18
PD_CPP=0
pd_completa=None
pd_timeout=None
labels_pd=None
nivel_pd=None
melhor_rc=-1.2048341419693145
origem=BID_SILVA_CPP
certifica_k=False
[SILVA CERT] todos_k_certificados=False
[SELECAO MULTI] iter=22 | selecionadas=4 | por_veiculo={1: 2, 0: 2}
GAMMA PI 10.0
GAMMA PI atualizado 10.0
Tempo total nessa geracao : 0.1s
Tempo total no NO: 6.3s
TAMANHO NOVAS COL 4

--- Nova Coluna ---
Veículo: 1
Sequência: [0, 9, 10, 4, 7, 6, 5, 13, 14, 11, 12, 15]
Custo: 95.78
Custo Reduzido: -10.329305
Clientes atendidos: [4, 5, 6, 7, 9, 10, 11, 12, 13, 14]
TAMANHO NOVAS COL 4

--- Nova Coluna ---
Veículo: 0
Sequência: [0, 9, 10, 7, 6, 4, 11, 14, 12, 15]
Custo: 87.86
Custo Reduzido: -1.204834
Clientes atendidos: [4, 6, 7, 9, 10, 11, 12, 14]
TAMANHO NOVAS COL 4

--- Nova Coluna ---
Veículo: 1
Sequência: [0, 10, 9, 7, 6, 4, 5, 13, 11, 14, 12, 15]
Custo: 95.78
Custo Reduzido: -10.329305
Clientes atendidos: [4, 5, 6, 7, 9, 10, 11, 12, 13, 14]
TAMANHO NOVAS COL 4

--- Nova Coluna ---
Veículo: 0
Sequência: [0, 10, 9, 4, 7, 6, 14, 11, 12, 15]
Custo: 87.86
Custo Reduzido: -1.204834
Clientes atendidos: [4, 6, 7, 9, 10, 11, 12, 14]

[COPIA REJEITADA] origem_k=1 | destino_k=0 | motivo=viabilidade | seq=[0, 9, 10, 4, 7, 6, 5, 13, 14, 11, 12, 15]
Nao adicionou no k 1
[COPIA REJEITADA] origem_k=1 | destino_k=0 | motivo=viabilidade | seq=[0, 10, 9, 7, 6, 4, 5, 13, 11, 14, 12, 15]
Nao adicionou no k 1
[COLUNAS ITER] novas=4 | duplicadas=0 | por_veiculo={0: 2, 1: 2}
[Nó 0] Rodando MIP periódico após 12 novas colunas realmente adicionadas...
[Nó 0] MIP periódico encontrou solução inteira válida. FO=181.917133
[Nó 0] Iter 22 - Obj = 108.7896  Colunas = 85 inst= C:\Users\PolyanaSilva\Documents\BP_VRPTW\instancias\Petro_instancias\14n-2k-6c-008r_ML_silva2024.json
[Nó 0] inst= C:\Users\PolyanaSilva\Documents\BP_VRPTW\instancias\Petro_instancias\14n-2k-6c-008r_ML_silva2024.json Colunas ativas na iteração 22: 
   veic=0 | col=1 | lambda=0.714286 | custo=0.0000 | rota=[0, 15]
   veic=0 | col=2 | lambda=0.142857 | custo=95.2848 | rota=[0, 10, 8, 9, 2, 3, 1, 5, 7, 6, 14, 11, 13, 12, 15]
   veic=0 | col=28 | lambda=0.142857 | custo=95.6387 | rota=[0, 1, 10, 8, 9, 2, 4, 3, 6, 5, 14, 13, 11, 12, 15]
   veic=1 | col=1 | lambda=0.142857 | custo=0.0000 | rota=[0, 15]
   veic=1 | col=3 | lambda=0.142857 | custo=92.0447 | rota=[0, 1, 4, 2, 3, 5, 8, 9, 10, 6, 7, 13, 11, 12, 15]
   veic=1 | col=7 | lambda=0.142857 | custo=96.6838 | rota=[0, 5, 1, 8, 9, 4, 2, 3, 7, 6, 13, 11, 12, 14, 15]
   veic=1 | col=11 | lambda=0.142857 | custo=93.4057 | rota=[0, 8, 10, 9, 1, 5, 2, 4, 3, 6, 7, 11, 12, 14, 15]
   veic=1 | col=13 | lambda=0.142857 | custo=95.9920 | rota=[0, 8, 10, 9, 1, 2, 4, 3, 7, 6, 14, 12, 13, 15]
   veic=1 | col=31 | lambda=0.142857 | custo=96.6838 | rota=[0, 4, 2, 3, 7, 1, 8, 10, 5, 11, 14, 12, 13, 15]
   veic=1 | col=33 | lambda=0.142857 | custo=95.7935 | rota=[0, 6, 7, 4, 9, 10, 5, 14, 11, 13, 15]
MESMA FO-  Sem melhora 5 Recom 108.78955214906227 Ultmf 108.78955214906237  VALOR SUB -9.947598300641403e-14
   valor recomposto = 108.789552

   valor recomposto = 108.789552

--- COBERTURA POR CLIENTE ---
cliente 01 | lambda=1.000000 | slack=0.000000 | y_low=0.000000 | y_up=0.000000 | total_real=1.000000
cliente 02 | lambda=1.000000 | slack=0.000000 | y_low=0.000000 | y_up=0.000000 | total_real=1.000000
cliente 03 | lambda=1.000000 | slack=0.000000 | y_low=0.000000 | y_up=0.000000 | total_real=1.000000
cliente 04 | lambda=1.000000 | slack=0.000000 | y_low=0.000000 | y_up=0.000000 | total_real=1.000000
cliente 05 | lambda=1.000000 | slack=0.000000 | y_low=0.000000 | y_up=0.000000 | total_real=1.000000
cliente 06 | lambda=1.000000 | slack=0.000000 | y_low=0.000000 | y_up=0.000000 | total_real=1.000000
cliente 07 | lambda=1.000000 | slack=0.000000 | y_low=0.000000 | y_up=0.000000 | total_real=1.000000
cliente 08 | lambda=1.000000 | slack=0.000000 | y_low=0.000000 | y_up=0.000000 | total_real=1.000000
cliente 09 | lambda=1.000000 | slack=0.000000 | y_low=0.000000 | y_up=0.000000 | total_real=1.000000
cliente 10 | lambda=1.000000 | slack=0.000000 | y_low=0.000000 | y_up=0.000000 | total_real=1.000000
cliente 11 | lambda=1.000000 | slack=0.000000 | y_low=0.000000 | y_up=0.000000 | total_real=1.000000
cliente 12 | lambda=1.000000 | slack=0.000000 | y_low=0.000000 | y_up=0.000000 | total_real=1.000000
cliente 13 | lambda=1.000000 | slack=0.000000 | y_low=0.000000 | y_up=0.000000 | total_real=1.000000
cliente 14 | lambda=1.000000 | slack=0.000000 | y_low=0.000000 | y_up=0.000000 | total_real=1.000000


================ DUAIS DO MESTRE ================

PI (clientes):
  pi[1] =  1.134992
  pi[2] =  1.230214
  pi[3] =  5.011952
  pi[4] =  13.504795
  pi[5] =  11.998124
  pi[6] =  6.261358
  pi[7] =  13.150860
  pi[8] =  5.628607
  pi[9] =  5.844408
  pi[10] =  12.105766
  pi[11] =  0.799444
  pi[12] = -0.009690
  pi[13] =  15.383821
  pi[14] =  16.744900

SIGMA (veículos):
  sigma[0] = -0.000000
  sigma[1] = -0.000000

MU (arcos):
  sem duais de arco
=================================================

 [ETSAB] gamma_pi = 10.000000
[ORDEM PRICING] iter=23 | veiculos=[1, 0]
TESTA ALLBEST_SILVA
[PRICING MULTI] origem=ALLBEST_SILVA | k=1 | geradas=0 | novas_pool=0 | duplicadas_pool=0 | completa=False
TESTA BID_SILVA_CPP
[PRICING MULTI] origem=BID_SILVA_CPP | k=1 | geradas=20 | novas_pool=20 | duplicadas_pool=0 | completa=False
[SILVA PRICING]
k=1
ALLBEST=0
BID_CPP=20
PD_CPP=0
pd_completa=None
pd_timeout=None
labels_pd=None
nivel_pd=None
melhor_rc=-0.9314602440708626
origem=BID_SILVA_CPP
certifica_k=False
TESTA ALLBEST_SILVA
[PRICING MULTI] origem=ALLBEST_SILVA | k=0 | geradas=0 | novas_pool=0 | duplicadas_pool=0 | completa=False
TESTA BID_SILVA_CPP
[PRICING MULTI] origem=BID_SILVA_CPP | k=0 | geradas=20 | novas_pool=20 | duplicadas_pool=0 | completa=False
[SILVA PRICING]
k=0
ALLBEST=0
BID_CPP=20
PD_CPP=0
pd_completa=None
pd_timeout=None
labels_pd=None
nivel_pd=None
melhor_rc=-0.6989902833145827
origem=BID_SILVA_CPP
certifica_k=False
[SILVA CERT] todos_k_certificados=False
[SELECAO MULTI] iter=23 | selecionadas=4 | por_veiculo={1: 2, 0: 2}
GAMMA PI 10.0
GAMMA PI atualizado 10.0
Tempo total nessa geracao : 0.2s
Tempo total no NO: 6.5s
TAMANHO NOVAS COL 4

--- Nova Coluna ---
Veículo: 1
Sequência: [0, 10, 8, 9, 5, 7, 6, 3, 4, 13, 15]
Custo: 87.96
Custo Reduzido: -0.931460
Clientes atendidos: [3, 4, 5, 6, 7, 8, 9, 10, 13]
TAMANHO NOVAS COL 4

--- Nova Coluna ---
Veículo: 0
Sequência: [0, 10, 8, 9, 5, 7, 6, 3, 4, 14, 15]
Custo: 89.55
Custo Reduzido: -0.698990
Clientes atendidos: [3, 4, 5, 6, 7, 8, 9, 10, 14]
TAMANHO NOVAS COL 4

--- Nova Coluna ---
Veículo: 1
Sequência: [0, 8, 10, 9, 5, 7, 6, 4, 3, 13, 15]
Custo: 87.96
Custo Reduzido: -0.931460
Clientes atendidos: [3, 4, 5, 6, 7, 8, 9, 10, 13]
TAMANHO NOVAS COL 4

--- Nova Coluna ---
Veículo: 0
Sequência: [0, 10, 8, 9, 5, 7, 6, 4, 3, 14, 15]
Custo: 89.55
Custo Reduzido: -0.698990
Clientes atendidos: [3, 4, 5, 6, 7, 8, 9, 10, 14]

[COPIA REJEITADA] origem_k=1 | destino_k=0 | motivo=viabilidade | seq=[0, 10, 8, 9, 5, 7, 6, 3, 4, 13, 15]
Nao adicionou no k 1
[COPIA REJEITADA] origem_k=1 | destino_k=0 | motivo=viabilidade | seq=[0, 8, 10, 9, 5, 7, 6, 4, 3, 13, 15]
Nao adicionou no k 1
[COLUNAS ITER] novas=4 | duplicadas=0 | por_veiculo={0: 2, 1: 2}
[Nó 0] Iter 23 - Obj = 108.7896  Colunas = 89 inst= C:\Users\PolyanaSilva\Documents\BP_VRPTW\instancias\Petro_instancias\14n-2k-6c-008r_ML_silva2024.json
[Nó 0] inst= C:\Users\PolyanaSilva\Documents\BP_VRPTW\instancias\Petro_instancias\14n-2k-6c-008r_ML_silva2024.json Colunas ativas na iteração 23: 
   veic=0 | col=1 | lambda=0.714286 | custo=0.0000 | rota=[0, 15]
   veic=0 | col=2 | lambda=0.142857 | custo=95.2848 | rota=[0, 10, 8, 9, 2, 3, 1, 5, 7, 6, 14, 11, 13, 12, 15]
   veic=0 | col=28 | lambda=0.142857 | custo=95.6387 | rota=[0, 1, 10, 8, 9, 2, 4, 3, 6, 5, 14, 13, 11, 12, 15]
   veic=1 | col=1 | lambda=0.142857 | custo=0.0000 | rota=[0, 15]
   veic=1 | col=3 | lambda=0.142857 | custo=92.0447 | rota=[0, 1, 4, 2, 3, 5, 8, 9, 10, 6, 7, 13, 11, 12, 15]
   veic=1 | col=7 | lambda=0.142857 | custo=96.6838 | rota=[0, 5, 1, 8, 9, 4, 2, 3, 7, 6, 13, 11, 12, 14, 15]
   veic=1 | col=11 | lambda=0.142857 | custo=93.4057 | rota=[0, 8, 10, 9, 1, 5, 2, 4, 3, 6, 7, 11, 12, 14, 15]
   veic=1 | col=13 | lambda=0.142857 | custo=95.9920 | rota=[0, 8, 10, 9, 1, 2, 4, 3, 7, 6, 14, 12, 13, 15]
   veic=1 | col=31 | lambda=0.142857 | custo=96.6838 | rota=[0, 4, 2, 3, 7, 1, 8, 10, 5, 11, 14, 12, 13, 15]
   veic=1 | col=33 | lambda=0.142857 | custo=95.7935 | rota=[0, 6, 7, 4, 9, 10, 5, 14, 11, 13, 15]
MESMA FO-  Sem melhora 6 Recom 108.78955214906239 Ultmf 108.78955214906237  VALOR SUB 1.4210854715202004e-14
   valor recomposto = 108.789552

   valor recomposto = 108.789552

--- COBERTURA POR CLIENTE ---
cliente 01 | lambda=1.000000 | slack=0.000000 | y_low=0.000000 | y_up=0.000000 | total_real=1.000000
cliente 02 | lambda=1.000000 | slack=0.000000 | y_low=0.000000 | y_up=0.000000 | total_real=1.000000
cliente 03 | lambda=1.000000 | slack=0.000000 | y_low=0.000000 | y_up=0.000000 | total_real=1.000000
cliente 04 | lambda=1.000000 | slack=0.000000 | y_low=0.000000 | y_up=0.000000 | total_real=1.000000
cliente 05 | lambda=1.000000 | slack=0.000000 | y_low=0.000000 | y_up=0.000000 | total_real=1.000000
cliente 06 | lambda=1.000000 | slack=0.000000 | y_low=0.000000 | y_up=0.000000 | total_real=1.000000
cliente 07 | lambda=1.000000 | slack=0.000000 | y_low=0.000000 | y_up=0.000000 | total_real=1.000000
cliente 08 | lambda=1.000000 | slack=0.000000 | y_low=0.000000 | y_up=0.000000 | total_real=1.000000
cliente 09 | lambda=1.000000 | slack=0.000000 | y_low=0.000000 | y_up=0.000000 | total_real=1.000000
cliente 10 | lambda=1.000000 | slack=0.000000 | y_low=0.000000 | y_up=0.000000 | total_real=1.000000
cliente 11 | lambda=1.000000 | slack=0.000000 | y_low=0.000000 | y_up=0.000000 | total_real=1.000000
cliente 12 | lambda=1.000000 | slack=0.000000 | y_low=0.000000 | y_up=0.000000 | total_real=1.000000
cliente 13 | lambda=1.000000 | slack=0.000000 | y_low=0.000000 | y_up=0.000000 | total_real=1.000000
cliente 14 | lambda=1.000000 | slack=0.000000 | y_low=0.000000 | y_up=0.000000 | total_real=1.000000


================ DUAIS DO MESTRE ================

PI (clientes):
  pi[1] =  2.066453
  pi[2] =  1.230214
  pi[3] =  4.546222
  pi[4] =  13.504795
  pi[5] =  11.998124
  pi[6] =  6.727088
  pi[7] =  13.150860
  pi[8] =  5.162877
  pi[9] =  5.378678
  pi[10] =  12.105766
  pi[11] =  0.799444
  pi[12] = -0.009690
  pi[13] =  15.383821
  pi[14] =  16.744900

SIGMA (veículos):
  sigma[0] = -0.000000
  sigma[1] = -0.000000

MU (arcos):
  sem duais de arco
=================================================

 [ETSAB] gamma_pi = 10.000000
[ORDEM PRICING] iter=24 | veiculos=[1, 0]
TESTA ALLBEST_SILVA
[PRICING MULTI] origem=ALLBEST_SILVA | k=1 | geradas=1 | novas_pool=1 | duplicadas_pool=0 | completa=False
[SILVA PRICING]
k=1
ALLBEST=1
BID_CPP=0
PD_CPP=0
pd_completa=None
pd_timeout=None
labels_pd=None
nivel_pd=None
melhor_rc=-4.546222306217288
origem=ALLBEST_SILVA
certifica_k=False
TESTA ALLBEST_SILVA
[PRICING MULTI] origem=ALLBEST_SILVA | k=0 | geradas=0 | novas_pool=0 | duplicadas_pool=0 | completa=False
TESTA BID_SILVA_CPP
[PRICING MULTI] origem=BID_SILVA_CPP | k=0 | geradas=0 | novas_pool=0 | duplicadas_pool=0 | completa=False
TESTA PD_SILVA_CPP
[PRICING MULTI] origem=PD_SILVA_CPP | k=0 | geradas=0 | novas_pool=0 | duplicadas_pool=0 | completa=False | timeout=False
[SILVA PRICING]
k=0
ALLBEST=0
BID_CPP=0
PD_CPP=0
pd_completa=False
pd_timeout=False
labels_pd=3000000
nivel_pd=8
melhor_rc=None
origem=None
certifica_k=False
[SILVA CERT] todos_k_certificados=False
[SELECAO MULTI] iter=24 | selecionadas=1 | por_veiculo={1: 1}
GAMMA PI 10.0
GAMMA PI atualizado 10.0
Tempo total nessa geracao : 1.4s
Tempo total no NO: 7.9s
TAMANHO NOVAS COL 1

--- Nova Coluna ---
Veículo: 1
Sequência: [0, 7, 6, 5, 10, 8, 3, 4, 14, 13, 11, 15]
Custo: 95.58
Custo Reduzido: -4.546222
Clientes atendidos: [3, 4, 5, 6, 7, 8, 10, 11, 13, 14]

[COPIA REJEITADA] origem_k=1 | destino_k=0 | motivo=viabilidade | seq=[0, 7, 6, 5, 10, 8, 3, 4, 14, 13, 11, 15]
[COLUNAS ITER] novas=1 | duplicadas=0 | por_veiculo={0: 0, 1: 1}
[Nó 0] Iter 24 - Obj = 108.7896  Colunas = 90 inst= C:\Users\PolyanaSilva\Documents\BP_VRPTW\instancias\Petro_instancias\14n-2k-6c-008r_ML_silva2024.json
[Nó 0] inst= C:\Users\PolyanaSilva\Documents\BP_VRPTW\instancias\Petro_instancias\14n-2k-6c-008r_ML_silva2024.json Colunas ativas na iteração 24: 
   veic=0 | col=1 | lambda=0.714286 | custo=0.0000 | rota=[0, 15]
   veic=0 | col=2 | lambda=0.142857 | custo=95.2848 | rota=[0, 10, 8, 9, 2, 3, 1, 5, 7, 6, 14, 11, 13, 12, 15]
   veic=0 | col=28 | lambda=0.142857 | custo=95.6387 | rota=[0, 1, 10, 8, 9, 2, 4, 3, 6, 5, 14, 13, 11, 12, 15]
   veic=1 | col=1 | lambda=0.142857 | custo=0.0000 | rota=[0, 15]
   veic=1 | col=3 | lambda=0.142857 | custo=92.0447 | rota=[0, 1, 4, 2, 3, 5, 8, 9, 10, 6, 7, 13, 11, 12, 15]
   veic=1 | col=7 | lambda=0.142857 | custo=96.6838 | rota=[0, 5, 1, 8, 9, 4, 2, 3, 7, 6, 13, 11, 12, 14, 15]
   veic=1 | col=11 | lambda=0.142857 | custo=93.4057 | rota=[0, 8, 10, 9, 1, 5, 2, 4, 3, 6, 7, 11, 12, 14, 15]
   veic=1 | col=13 | lambda=0.142857 | custo=95.9920 | rota=[0, 8, 10, 9, 1, 2, 4, 3, 7, 6, 14, 12, 13, 15]
   veic=1 | col=31 | lambda=0.142857 | custo=96.6838 | rota=[0, 4, 2, 3, 7, 1, 8, 10, 5, 11, 14, 12, 13, 15]
   veic=1 | col=33 | lambda=0.142857 | custo=95.7935 | rota=[0, 6, 7, 4, 9, 10, 5, 14, 11, 13, 15]
MESMA FO-  Sem melhora 7 Recom 108.7895521490624 Ultmf 108.78955214906237  VALOR SUB 2.842170943040401e-14
   valor recomposto = 108.789552

   valor recomposto = 108.789552

--- COBERTURA POR CLIENTE ---
cliente 01 | lambda=1.000000 | slack=0.000000 | y_low=0.000000 | y_up=0.000000 | total_real=1.000000
cliente 02 | lambda=1.000000 | slack=0.000000 | y_low=0.000000 | y_up=0.000000 | total_real=1.000000
cliente 03 | lambda=1.000000 | slack=0.000000 | y_low=0.000000 | y_up=0.000000 | total_real=1.000000
cliente 04 | lambda=1.000000 | slack=0.000000 | y_low=0.000000 | y_up=0.000000 | total_real=1.000000
cliente 05 | lambda=1.000000 | slack=0.000000 | y_low=0.000000 | y_up=0.000000 | total_real=1.000000
cliente 06 | lambda=1.000000 | slack=0.000000 | y_low=0.000000 | y_up=0.000000 | total_real=1.000000
cliente 07 | lambda=1.000000 | slack=0.000000 | y_low=0.000000 | y_up=0.000000 | total_real=1.000000
cliente 08 | lambda=1.000000 | slack=0.000000 | y_low=0.000000 | y_up=0.000000 | total_real=1.000000
cliente 09 | lambda=1.000000 | slack=0.000000 | y_low=0.000000 | y_up=0.000000 | total_real=1.000000
cliente 10 | lambda=1.000000 | slack=0.000000 | y_low=0.000000 | y_up=0.000000 | total_real=1.000000
cliente 11 | lambda=1.000000 | slack=0.000000 | y_low=0.000000 | y_up=0.000000 | total_real=1.000000
cliente 12 | lambda=1.000000 | slack=0.000000 | y_low=0.000000 | y_up=0.000000 | total_real=1.000000
cliente 13 | lambda=1.000000 | slack=0.000000 | y_low=0.000000 | y_up=0.000000 | total_real=1.000000
cliente 14 | lambda=1.000000 | slack=0.000000 | y_low=0.000000 | y_up=0.000000 | total_real=1.000000


================ DUAIS DO MESTRE ================

PI (clientes):
  pi[1] =  2.066453
  pi[2] =  1.230214
  pi[3] =  9.092445
  pi[4] =  13.504795
  pi[5] =  11.998124
  pi[6] =  2.180865
  pi[7] =  13.150860
  pi[8] =  0.616655
  pi[9] =  9.924900
  pi[10] =  12.105766
  pi[11] =  0.799444
  pi[12] = -0.009690
  pi[13] =  15.383821
  pi[14] =  16.744900

SIGMA (veículos):
  sigma[0] = -0.000000
  sigma[1] = -0.000000

MU (arcos):
  sem duais de arco
=================================================

 [ETSAB] gamma_pi = 10.000000
[ORDEM PRICING] iter=25 | veiculos=[0, 1]
TESTA ALLBEST_SILVA
[PRICING MULTI] origem=ALLBEST_SILVA | k=0 | geradas=0 | novas_pool=0 | duplicadas_pool=0 | completa=False
TESTA BID_SILVA_CPP
[PRICING MULTI] origem=BID_SILVA_CPP | k=0 | geradas=20 | novas_pool=20 | duplicadas_pool=0 | completa=False
[SILVA PRICING]
k=0
ALLBEST=0
BID_CPP=20
PD_CPP=0
pd_completa=None
pd_timeout=None
labels_pd=None
nivel_pd=None
melhor_rc=-0.03172882557791468
origem=BID_SILVA_CPP
certifica_k=False
TESTA ALLBEST_SILVA
[PRICING MULTI] origem=ALLBEST_SILVA | k=1 | geradas=0 | novas_pool=0 | duplicadas_pool=0 | completa=False
TESTA BID_SILVA_CPP
[PRICING MULTI] origem=BID_SILVA_CPP | k=1 | geradas=20 | novas_pool=20 | duplicadas_pool=0 | completa=False
[SILVA PRICING]
k=1
ALLBEST=0
BID_CPP=20
PD_CPP=0
pd_completa=None
pd_timeout=None
labels_pd=None
nivel_pd=None
melhor_rc=-1.674241381886329
origem=BID_SILVA_CPP
certifica_k=False
[SILVA CERT] todos_k_certificados=False
[SELECAO MULTI] iter=25 | selecionadas=4 | por_veiculo={0: 2, 1: 2}
GAMMA PI 10.0
GAMMA PI atualizado 10.0
Tempo total nessa geracao : 0.2s
Tempo total no NO: 8.1s
TAMANHO NOVAS COL 4

--- Nova Coluna ---
Veículo: 0
Sequência: [0, 9, 10, 5, 4, 3, 7, 14, 11, 15]
Custo: 87.29
Custo Reduzido: -0.031729
Clientes atendidos: [3, 4, 5, 7, 9, 10, 11, 14]
TAMANHO NOVAS COL 4

--- Nova Coluna ---
Veículo: 1
Sequência: [0, 9, 10, 5, 3, 4, 7, 15]
Custo: 68.10
Custo Reduzido: -1.674241
Clientes atendidos: [3, 4, 5, 7, 9, 10]
TAMANHO NOVAS COL 4

--- Nova Coluna ---
Veículo: 0
Sequência: [0, 10, 9, 3, 4, 5, 7, 14, 11, 15]
Custo: 87.29
Custo Reduzido: -0.031729
Clientes atendidos: [3, 4, 5, 7, 9, 10, 11, 14]
TAMANHO NOVAS COL 4

--- Nova Coluna ---
Veículo: 1
Sequência: [0, 4, 3, 5, 9, 10, 15]
Custo: 54.99
Custo Reduzido: -1.637488
Clientes atendidos: [3, 4, 5, 9, 10]

Nao adicionou no k 1
Nao adicionou no k 0
Nao adicionou no k 1
Nao adicionou no k 0
[COLUNAS ITER] novas=4 | duplicadas=0 | por_veiculo={0: 2, 1: 2}
[Nó 0] Iter 25 - Obj = 108.7896  Colunas = 94 inst= C:\Users\PolyanaSilva\Documents\BP_VRPTW\instancias\Petro_instancias\14n-2k-6c-008r_ML_silva2024.json
[Nó 0] inst= C:\Users\PolyanaSilva\Documents\BP_VRPTW\instancias\Petro_instancias\14n-2k-6c-008r_ML_silva2024.json Colunas ativas na iteração 25: 
   veic=0 | col=1 | lambda=0.714286 | custo=0.0000 | rota=[0, 15]
   veic=0 | col=2 | lambda=0.142857 | custo=95.2848 | rota=[0, 10, 8, 9, 2, 3, 1, 5, 7, 6, 14, 11, 13, 12, 15]
   veic=0 | col=28 | lambda=0.142857 | custo=95.6387 | rota=[0, 1, 10, 8, 9, 2, 4, 3, 6, 5, 14, 13, 11, 12, 15]
   veic=1 | col=1 | lambda=0.142857 | custo=0.0000 | rota=[0, 15]
   veic=1 | col=3 | lambda=0.142857 | custo=92.0447 | rota=[0, 1, 4, 2, 3, 5, 8, 9, 10, 6, 7, 13, 11, 12, 15]
   veic=1 | col=7 | lambda=0.142857 | custo=96.6838 | rota=[0, 5, 1, 8, 9, 4, 2, 3, 7, 6, 13, 11, 12, 14, 15]
   veic=1 | col=11 | lambda=0.142857 | custo=93.4057 | rota=[0, 8, 10, 9, 1, 5, 2, 4, 3, 6, 7, 11, 12, 14, 15]
   veic=1 | col=13 | lambda=0.142857 | custo=95.9920 | rota=[0, 8, 10, 9, 1, 2, 4, 3, 7, 6, 14, 12, 13, 15]
   veic=1 | col=31 | lambda=0.142857 | custo=96.6838 | rota=[0, 4, 2, 3, 7, 1, 8, 10, 5, 11, 14, 12, 13, 15]
   veic=1 | col=33 | lambda=0.142857 | custo=95.7935 | rota=[0, 6, 7, 4, 9, 10, 5, 14, 11, 13, 15]
MESMA FO-  Sem melhora 8 Recom 108.7895521490624 Ultmf 108.78955214906237  VALOR SUB 2.842170943040401e-14
   valor recomposto = 108.789552

   valor recomposto = 108.789552

--- COBERTURA POR CLIENTE ---
cliente 01 | lambda=1.000000 | slack=0.000000 | y_low=0.000000 | y_up=0.000000 | total_real=1.000000
cliente 02 | lambda=1.000000 | slack=0.000000 | y_low=0.000000 | y_up=0.000000 | total_real=1.000000
cliente 03 | lambda=1.000000 | slack=0.000000 | y_low=0.000000 | y_up=0.000000 | total_real=1.000000
cliente 04 | lambda=1.000000 | slack=0.000000 | y_low=0.000000 | y_up=0.000000 | total_real=1.000000
cliente 05 | lambda=1.000000 | slack=0.000000 | y_low=0.000000 | y_up=0.000000 | total_real=1.000000
cliente 06 | lambda=1.000000 | slack=0.000000 | y_low=0.000000 | y_up=0.000000 | total_real=1.000000
cliente 07 | lambda=1.000000 | slack=0.000000 | y_low=0.000000 | y_up=0.000000 | total_real=1.000000
cliente 08 | lambda=1.000000 | slack=0.000000 | y_low=0.000000 | y_up=0.000000 | total_real=1.000000
cliente 09 | lambda=1.000000 | slack=0.000000 | y_low=0.000000 | y_up=0.000000 | total_real=1.000000
cliente 10 | lambda=1.000000 | slack=0.000000 | y_low=0.000000 | y_up=0.000000 | total_real=1.000000
cliente 11 | lambda=1.000000 | slack=0.000000 | y_low=0.000000 | y_up=0.000000 | total_real=1.000000
cliente 12 | lambda=1.000000 | slack=0.000000 | y_low=0.000000 | y_up=0.000000 | total_real=1.000000
cliente 13 | lambda=1.000000 | slack=0.000000 | y_low=0.000000 | y_up=0.000000 | total_real=1.000000
cliente 14 | lambda=1.000000 | slack=0.000000 | y_low=0.000000 | y_up=0.000000 | total_real=1.000000


================ DUAIS DO MESTRE ================

PI (clientes):
  pi[1] =  11.158897
  pi[2] =  1.230214
  pi[3] = -0.000000
  pi[4] =  13.504795
  pi[5] =  11.998124
  pi[6] =  11.273310
  pi[7] =  13.150860
  pi[8] =  0.616655
  pi[9] =  0.832456
  pi[10] =  12.105766
  pi[11] =  0.799444
  pi[12] = -0.009690
  pi[13] =  15.383821
  pi[14] =  16.744900

SIGMA (veículos):
  sigma[0] = -0.000000
  sigma[1] = -0.000000

MU (arcos):
  sem duais de arco
=================================================

 [ETSAB] gamma_pi = 10.000000
[ORDEM PRICING] iter=26 | veiculos=[0, 1]
TESTA ALLBEST_SILVA
[PRICING MULTI] origem=ALLBEST_SILVA | k=0 | geradas=0 | novas_pool=0 | duplicadas_pool=0 | completa=False
TESTA BID_SILVA_CPP
[PRICING MULTI] origem=BID_SILVA_CPP | k=0 | geradas=20 | novas_pool=20 | duplicadas_pool=0 | completa=False
[SILVA PRICING]
k=0
ALLBEST=0
BID_CPP=20
PD_CPP=0
pd_completa=None
pd_timeout=None
labels_pd=None
nivel_pd=None
melhor_rc=-1.2371337935352358
origem=BID_SILVA_CPP
certifica_k=False
TESTA ALLBEST_SILVA
[PRICING MULTI] origem=ALLBEST_SILVA | k=1 | geradas=0 | novas_pool=0 | duplicadas_pool=0 | completa=False
TESTA BID_SILVA_CPP
[PRICING MULTI] origem=BID_SILVA_CPP | k=1 | geradas=20 | novas_pool=20 | duplicadas_pool=0 | completa=False
[SILVA PRICING]
k=1
ALLBEST=0
BID_CPP=20
PD_CPP=0
pd_completa=None
pd_timeout=None
labels_pd=None
nivel_pd=None
melhor_rc=-0.9773420458802455
origem=BID_SILVA_CPP
certifica_k=False
[SILVA CERT] todos_k_certificados=False
[SELECAO MULTI] iter=26 | selecionadas=4 | por_veiculo={0: 2, 1: 2}
GAMMA PI 10.0
GAMMA PI atualizado 10.0
Tempo total nessa geracao : 0.2s
Tempo total no NO: 8.3s
TAMANHO NOVAS COL 4

--- Nova Coluna ---
Veículo: 0
Sequência: [0, 1, 10, 5, 6, 7, 4, 14, 11, 15]
Custo: 89.50
Custo Reduzido: -1.237134
Clientes atendidos: [1, 4, 5, 6, 7, 10, 11, 14]
TAMANHO NOVAS COL 4

--- Nova Coluna ---
Veículo: 1
Sequência: [0, 1, 10, 5, 7, 6, 4, 13, 15]
Custo: 87.60
Custo Reduzido: -0.977342
Clientes atendidos: [1, 4, 5, 6, 7, 10, 13]
TAMANHO NOVAS COL 4

--- Nova Coluna ---
Veículo: 0
Sequência: [0, 1, 10, 5, 7, 6, 4, 14, 11, 15]
Custo: 89.50
Custo Reduzido: -1.237134
Clientes atendidos: [1, 4, 5, 6, 7, 10, 11, 14]
TAMANHO NOVAS COL 4

--- Nova Coluna ---
Veículo: 1
Sequência: [0, 1, 10, 5, 6, 7, 4, 13, 15]
Custo: 87.60
Custo Reduzido: -0.977342
Clientes atendidos: [1, 4, 5, 6, 7, 10, 13]

Nao adicionou no k 1
[COPIA REJEITADA] origem_k=1 | destino_k=0 | motivo=viabilidade | seq=[0, 1, 10, 5, 7, 6, 4, 13, 15]
Nao adicionou no k 1
[COPIA REJEITADA] origem_k=1 | destino_k=0 | motivo=viabilidade | seq=[0, 1, 10, 5, 6, 7, 4, 13, 15]
[COLUNAS ITER] novas=4 | duplicadas=0 | por_veiculo={0: 2, 1: 2}
[Nó 0] Rodando MIP periódico após 13 novas colunas realmente adicionadas...
[Nó 0] MIP periódico encontrou solução inteira válida. FO=181.917133
[Nó 0] Iter 26 - Obj = 108.7896  Colunas = 98 inst= C:\Users\PolyanaSilva\Documents\BP_VRPTW\instancias\Petro_instancias\14n-2k-6c-008r_ML_silva2024.json
[Nó 0] inst= C:\Users\PolyanaSilva\Documents\BP_VRPTW\instancias\Petro_instancias\14n-2k-6c-008r_ML_silva2024.json Colunas ativas na iteração 26: 
   veic=0 | col=1 | lambda=0.714286 | custo=0.0000 | rota=[0, 15]
   veic=0 | col=2 | lambda=0.142857 | custo=95.2848 | rota=[0, 10, 8, 9, 2, 3, 1, 5, 7, 6, 14, 11, 13, 12, 15]
   veic=0 | col=28 | lambda=0.142857 | custo=95.6387 | rota=[0, 1, 10, 8, 9, 2, 4, 3, 6, 5, 14, 13, 11, 12, 15]
   veic=1 | col=1 | lambda=0.142857 | custo=0.0000 | rota=[0, 15]
   veic=1 | col=3 | lambda=0.142857 | custo=92.0447 | rota=[0, 1, 4, 2, 3, 5, 8, 9, 10, 6, 7, 13, 11, 12, 15]
   veic=1 | col=7 | lambda=0.142857 | custo=96.6838 | rota=[0, 5, 1, 8, 9, 4, 2, 3, 7, 6, 13, 11, 12, 14, 15]
   veic=1 | col=11 | lambda=0.142857 | custo=93.4057 | rota=[0, 8, 10, 9, 1, 5, 2, 4, 3, 6, 7, 11, 12, 14, 15]
   veic=1 | col=13 | lambda=0.142857 | custo=95.9920 | rota=[0, 8, 10, 9, 1, 2, 4, 3, 7, 6, 14, 12, 13, 15]
   veic=1 | col=31 | lambda=0.142857 | custo=96.6838 | rota=[0, 4, 2, 3, 7, 1, 8, 10, 5, 11, 14, 12, 13, 15]
   veic=1 | col=33 | lambda=0.142857 | custo=95.7935 | rota=[0, 6, 7, 4, 9, 10, 5, 14, 11, 13, 15]
MESMA FO-  Sem melhora 9 Recom 108.78955214906239 Ultmf 108.78955214906237  VALOR SUB 1.4210854715202004e-14
   valor recomposto = 108.789552

   valor recomposto = 108.789552

--- COBERTURA POR CLIENTE ---
cliente 01 | lambda=1.000000 | slack=0.000000 | y_low=0.000000 | y_up=0.000000 | total_real=1.000000
cliente 02 | lambda=1.000000 | slack=0.000000 | y_low=0.000000 | y_up=0.000000 | total_real=1.000000
cliente 03 | lambda=1.000000 | slack=0.000000 | y_low=0.000000 | y_up=0.000000 | total_real=1.000000
cliente 04 | lambda=1.000000 | slack=0.000000 | y_low=0.000000 | y_up=0.000000 | total_real=1.000000
cliente 05 | lambda=1.000000 | slack=0.000000 | y_low=0.000000 | y_up=0.000000 | total_real=1.000000
cliente 06 | lambda=1.000000 | slack=0.000000 | y_low=0.000000 | y_up=0.000000 | total_real=1.000000
cliente 07 | lambda=1.000000 | slack=0.000000 | y_low=0.000000 | y_up=0.000000 | total_real=1.000000
cliente 08 | lambda=1.000000 | slack=0.000000 | y_low=0.000000 | y_up=0.000000 | total_real=1.000000
cliente 09 | lambda=1.000000 | slack=0.000000 | y_low=0.000000 | y_up=0.000000 | total_real=1.000000
cliente 10 | lambda=1.000000 | slack=0.000000 | y_low=0.000000 | y_up=0.000000 | total_real=1.000000
cliente 11 | lambda=1.000000 | slack=0.000000 | y_low=0.000000 | y_up=0.000000 | total_real=1.000000
cliente 12 | lambda=1.000000 | slack=0.000000 | y_low=0.000000 | y_up=0.000000 | total_real=1.000000
cliente 13 | lambda=1.000000 | slack=0.000000 | y_low=0.000000 | y_up=0.000000 | total_real=1.000000
cliente 14 | lambda=1.000000 | slack=0.000000 | y_low=0.000000 | y_up=0.000000 | total_real=1.000000


================ DUAIS DO MESTRE ================

PI (clientes):
  pi[1] =  10.334141
  pi[2] =  1.642592
  pi[3] = -0.000000
  pi[4] =  13.504795
  pi[5] =  11.998124
  pi[6] =  10.860932
  pi[7] =  13.150860
  pi[8] =  1.029033
  pi[9] =  1.244834
  pi[10] =  12.105766
  pi[11] =  0.799444
  pi[12] = -0.009690
  pi[13] =  15.383821
  pi[14] =  16.744900

SIGMA (veículos):
  sigma[0] = -0.000000
  sigma[1] = -0.000000

MU (arcos):
  sem duais de arco
=================================================

 [ETSAB] gamma_pi = 10.000000
[ORDEM PRICING] iter=27 | veiculos=[0, 1]
TESTA ALLBEST_SILVA
[PRICING MULTI] origem=ALLBEST_SILVA | k=0 | geradas=0 | novas_pool=0 | duplicadas_pool=0 | completa=False
TESTA BID_SILVA_CPP
[PRICING MULTI] origem=BID_SILVA_CPP | k=0 | geradas=20 | novas_pool=20 | duplicadas_pool=0 | completa=False
[SILVA PRICING]
k=0
ALLBEST=0
BID_CPP=20
PD_CPP=0
pd_completa=None
pd_timeout=None
labels_pd=None
nivel_pd=None
melhor_rc=-2.209457213897643
origem=BID_SILVA_CPP
certifica_k=False
TESTA ALLBEST_SILVA
[PRICING MULTI] origem=ALLBEST_SILVA | k=1 | geradas=0 | novas_pool=0 | duplicadas_pool=0 | completa=False
TESTA BID_SILVA_CPP
[PRICING MULTI] origem=BID_SILVA_CPP | k=1 | geradas=20 | novas_pool=20 | duplicadas_pool=0 | completa=False
[SILVA PRICING]
k=1
ALLBEST=0
BID_CPP=20
PD_CPP=0
pd_completa=None
pd_timeout=None
labels_pd=None
nivel_pd=None
melhor_rc=-9.66510869774013
origem=BID_SILVA_CPP
certifica_k=False
[SILVA CERT] todos_k_certificados=False
[SELECAO MULTI] iter=27 | selecionadas=4 | por_veiculo={0: 2, 1: 2}
GAMMA PI 10.0
GAMMA PI atualizado 10.0
Tempo total nessa geracao : 0.2s
Tempo total no NO: 8.5s
TAMANHO NOVAS COL 4

--- Nova Coluna ---
Veículo: 0
Sequência: [0, 1, 5, 6, 7, 4, 13, 14, 15]
Custo: 89.77
Custo Reduzido: -2.209457
Clientes atendidos: [1, 4, 5, 6, 7, 13, 14]
TAMANHO NOVAS COL 4

--- Nova Coluna ---
Veículo: 1
Sequência: [0, 10, 1, 5, 7, 6, 4, 13, 14, 15]
Custo: 94.42
Custo Reduzido: -9.665109
Clientes atendidos: [1, 4, 5, 6, 7, 10, 13, 14]
TAMANHO NOVAS COL 4

--- Nova Coluna ---
Veículo: 0
Sequência: [0, 1, 5, 7, 6, 4, 13, 14, 15]
Custo: 89.77
Custo Reduzido: -2.209457
Clientes atendidos: [1, 4, 5, 6, 7, 13, 14]
TAMANHO NOVAS COL 4

--- Nova Coluna ---
Veículo: 1
Sequência: [0, 1, 10, 5, 7, 6, 4, 13, 14, 15]
Custo: 94.42
Custo Reduzido: -9.665109
Clientes atendidos: [1, 4, 5, 6, 7, 10, 13, 14]

Nao adicionou no k 1
[COPIA REJEITADA] origem_k=1 | destino_k=0 | motivo=viabilidade | seq=[0, 10, 1, 5, 7, 6, 4, 13, 14, 15]
Nao adicionou no k 1
[COPIA REJEITADA] origem_k=1 | destino_k=0 | motivo=viabilidade | seq=[0, 1, 10, 5, 7, 6, 4, 13, 14, 15]
[COLUNAS ITER] novas=4 | duplicadas=0 | por_veiculo={0: 2, 1: 2}
[Nó 0] Iter 27 - Obj = 108.7896  Colunas = 102 inst= C:\Users\PolyanaSilva\Documents\BP_VRPTW\instancias\Petro_instancias\14n-2k-6c-008r_ML_silva2024.json
[Nó 0] inst= C:\Users\PolyanaSilva\Documents\BP_VRPTW\instancias\Petro_instancias\14n-2k-6c-008r_ML_silva2024.json Colunas ativas na iteração 27: 
   veic=0 | col=1 | lambda=0.714286 | custo=0.0000 | rota=[0, 15]
   veic=0 | col=2 | lambda=0.142857 | custo=95.2848 | rota=[0, 10, 8, 9, 2, 3, 1, 5, 7, 6, 14, 11, 13, 12, 15]
   veic=0 | col=28 | lambda=0.142857 | custo=95.6387 | rota=[0, 1, 10, 8, 9, 2, 4, 3, 6, 5, 14, 13, 11, 12, 15]
   veic=1 | col=1 | lambda=0.142857 | custo=0.0000 | rota=[0, 15]
   veic=1 | col=3 | lambda=0.142857 | custo=92.0447 | rota=[0, 1, 4, 2, 3, 5, 8, 9, 10, 6, 7, 13, 11, 12, 15]
   veic=1 | col=7 | lambda=0.142857 | custo=96.6838 | rota=[0, 5, 1, 8, 9, 4, 2, 3, 7, 6, 13, 11, 12, 14, 15]
   veic=1 | col=11 | lambda=0.142857 | custo=93.4057 | rota=[0, 8, 10, 9, 1, 5, 2, 4, 3, 6, 7, 11, 12, 14, 15]
   veic=1 | col=13 | lambda=0.142857 | custo=95.9920 | rota=[0, 8, 10, 9, 1, 2, 4, 3, 7, 6, 14, 12, 13, 15]
   veic=1 | col=31 | lambda=0.142857 | custo=96.6838 | rota=[0, 4, 2, 3, 7, 1, 8, 10, 5, 11, 14, 12, 13, 15]
   veic=1 | col=33 | lambda=0.142857 | custo=95.7935 | rota=[0, 6, 7, 4, 9, 10, 5, 14, 11, 13, 15]
MESMA FO-  Sem melhora 10 Recom 108.78955214906239 Ultmf 108.78955214906237  VALOR SUB 1.4210854715202004e-14
   valor recomposto = 108.789552

   valor recomposto = 108.789552

--- COBERTURA POR CLIENTE ---
cliente 01 | lambda=1.000000 | slack=0.000000 | y_low=0.000000 | y_up=0.000000 | total_real=1.000000
cliente 02 | lambda=1.000000 | slack=0.000000 | y_low=0.000000 | y_up=0.000000 | total_real=1.000000
cliente 03 | lambda=1.000000 | slack=0.000000 | y_low=0.000000 | y_up=0.000000 | total_real=1.000000
cliente 04 | lambda=1.000000 | slack=0.000000 | y_low=0.000000 | y_up=0.000000 | total_real=1.000000
cliente 05 | lambda=1.000000 | slack=0.000000 | y_low=0.000000 | y_up=0.000000 | total_real=1.000000
cliente 06 | lambda=1.000000 | slack=0.000000 | y_low=0.000000 | y_up=0.000000 | total_real=1.000000
cliente 07 | lambda=1.000000 | slack=0.000000 | y_low=0.000000 | y_up=0.000000 | total_real=1.000000
cliente 08 | lambda=1.000000 | slack=0.000000 | y_low=0.000000 | y_up=0.000000 | total_real=1.000000
cliente 09 | lambda=1.000000 | slack=0.000000 | y_low=0.000000 | y_up=0.000000 | total_real=1.000000
cliente 10 | lambda=1.000000 | slack=0.000000 | y_low=0.000000 | y_up=0.000000 | total_real=1.000000
cliente 11 | lambda=1.000000 | slack=0.000000 | y_low=0.000000 | y_up=0.000000 | total_real=1.000000
cliente 12 | lambda=1.000000 | slack=0.000000 | y_low=0.000000 | y_up=0.000000 | total_real=1.000000
cliente 13 | lambda=1.000000 | slack=0.000000 | y_low=0.000000 | y_up=0.000000 | total_real=1.000000
cliente 14 | lambda=1.000000 | slack=0.000000 | y_low=0.000000 | y_up=0.000000 | total_real=1.000000


================ DUAIS DO MESTRE ================

PI (clientes):
  pi[1] =  7.644841
  pi[2] =  1.230214
  pi[3] = -0.360074
  pi[4] =  13.504795
  pi[5] =  8.123993
  pi[6] =  7.759254
  pi[7] =  13.150860
  pi[8] =  4.490785
  pi[9] =  4.346512
  pi[10] =  12.105766
  pi[11] =  4.673575
  pi[12] = -0.009690
  pi[13] =  15.383821
  pi[14] =  16.744900

SIGMA (veículos):
  sigma[0] = -0.000000
  sigma[1] = -0.000000

MU (arcos):
  sem duais de arco
=================================================

 [ETSAB] gamma_pi = 10.000000
[ORDEM PRICING] iter=28 | veiculos=[0, 1]
TESTA ALLBEST_SILVA
[PRICING MULTI] origem=ALLBEST_SILVA | k=0 | geradas=0 | novas_pool=0 | duplicadas_pool=0 | completa=False
TESTA BID_SILVA_CPP
[PRICING MULTI] origem=BID_SILVA_CPP | k=0 | geradas=16 | novas_pool=16 | duplicadas_pool=0 | completa=False
[SILVA PRICING]
k=0
ALLBEST=0
BID_CPP=16
PD_CPP=0
pd_completa=None
pd_timeout=None
labels_pd=None
nivel_pd=None
melhor_rc=-0.3279850182658315
origem=BID_SILVA_CPP
certifica_k=False
TESTA ALLBEST_SILVA
[PRICING MULTI] origem=ALLBEST_SILVA | k=1 | geradas=0 | novas_pool=0 | duplicadas_pool=0 | completa=False
TESTA BID_SILVA_CPP
[PRICING MULTI] origem=BID_SILVA_CPP | k=1 | geradas=20 | novas_pool=20 | duplicadas_pool=0 | completa=False
[SILVA PRICING]
k=1
ALLBEST=0
BID_CPP=20
PD_CPP=0
pd_completa=None
pd_timeout=None
labels_pd=None
nivel_pd=None
melhor_rc=-8.004915035910361
origem=BID_SILVA_CPP
certifica_k=False
[SILVA CERT] todos_k_certificados=False
[SELECAO MULTI] iter=28 | selecionadas=4 | por_veiculo={0: 2, 1: 2}
GAMMA PI 10.0
GAMMA PI atualizado 10.0
Tempo total nessa geracao : 0.2s
Tempo total no NO: 8.8s
TAMANHO NOVAS COL 4

--- Nova Coluna ---
Veículo: 0
Sequência: [0, 1, 10, 8, 9, 5, 6, 7, 4, 14, 11, 15]
Custo: 92.22
Custo Reduzido: -0.327985
Clientes atendidos: [1, 4, 5, 6, 7, 8, 9, 10, 11, 14]
TAMANHO NOVAS COL 4

--- Nova Coluna ---
Veículo: 1
Sequência: [0, 8, 10, 1, 5, 7, 6, 4, 13, 14, 11, 15]
Custo: 95.58
Custo Reduzido: -8.004915
Clientes atendidos: [1, 4, 5, 6, 7, 8, 10, 11, 13, 14]
TAMANHO NOVAS COL 4

--- Nova Coluna ---
Veículo: 0
Sequência: [0, 1, 8, 10, 9, 5, 6, 7, 4, 14, 11, 15]
Custo: 92.22
Custo Reduzido: -0.327985
Clientes atendidos: [1, 4, 5, 6, 7, 8, 9, 10, 11, 14]
TAMANHO NOVAS COL 4

--- Nova Coluna ---
Veículo: 1
Sequência: [0, 1, 10, 8, 5, 7, 6, 4, 13, 14, 11, 15]
Custo: 95.58
Custo Reduzido: -8.004915
Clientes atendidos: [1, 4, 5, 6, 7, 8, 10, 11, 13, 14]

[COPIA ACEITA] origem_k=0 | destino_k=1 | custo=92.299620 | rc=-0.245661
[COPIA REJEITADA] origem_k=1 | destino_k=0 | motivo=viabilidade | seq=[0, 8, 10, 1, 5, 7, 6, 4, 13, 14, 11, 15]
[LIMITE MULTI] k=1 | motivo=limite_veiculo
Nao adicionou no k 1
[COPIA REJEITADA] origem_k=1 | destino_k=0 | motivo=viabilidade | seq=[0, 1, 10, 8, 5, 7, 6, 4, 13, 14, 11, 15]
[LIMITE MULTI] k=1 | motivo=limite_veiculo
Nao adicionou no k 1
[COLUNAS ITER] novas=4 | duplicadas=0 | por_veiculo={0: 2, 1: 2}
[Nó 0] Iter 28 - Obj = 108.7896  Colunas = 106 inst= C:\Users\PolyanaSilva\Documents\BP_VRPTW\instancias\Petro_instancias\14n-2k-6c-008r_ML_silva2024.json
[Nó 0] inst= C:\Users\PolyanaSilva\Documents\BP_VRPTW\instancias\Petro_instancias\14n-2k-6c-008r_ML_silva2024.json Colunas ativas na iteração 28: 
   veic=0 | col=1 | lambda=0.714286 | custo=0.0000 | rota=[0, 15]
   veic=0 | col=2 | lambda=0.142857 | custo=95.2848 | rota=[0, 10, 8, 9, 2, 3, 1, 5, 7, 6, 14, 11, 13, 12, 15]
   veic=0 | col=28 | lambda=0.142857 | custo=95.6387 | rota=[0, 1, 10, 8, 9, 2, 4, 3, 6, 5, 14, 13, 11, 12, 15]
   veic=1 | col=1 | lambda=0.142857 | custo=0.0000 | rota=[0, 15]
   veic=1 | col=3 | lambda=0.142857 | custo=92.0447 | rota=[0, 1, 4, 2, 3, 5, 8, 9, 10, 6, 7, 13, 11, 12, 15]
   veic=1 | col=7 | lambda=0.142857 | custo=96.6838 | rota=[0, 5, 1, 8, 9, 4, 2, 3, 7, 6, 13, 11, 12, 14, 15]
   veic=1 | col=11 | lambda=0.142857 | custo=93.4057 | rota=[0, 8, 10, 9, 1, 5, 2, 4, 3, 6, 7, 11, 12, 14, 15]
   veic=1 | col=13 | lambda=0.142857 | custo=95.9920 | rota=[0, 8, 10, 9, 1, 2, 4, 3, 7, 6, 14, 12, 13, 15]
   veic=1 | col=31 | lambda=0.142857 | custo=96.6838 | rota=[0, 4, 2, 3, 7, 1, 8, 10, 5, 11, 14, 12, 13, 15]
   veic=1 | col=33 | lambda=0.142857 | custo=95.7935 | rota=[0, 6, 7, 4, 9, 10, 5, 14, 11, 13, 15]
MESMA FO-  Sem melhora 11 Recom 108.78955214906236 Ultmf 108.78955214906237  VALOR SUB -1.4210854715202004e-14
   valor recomposto = 108.789552

   valor recomposto = 108.789552

--- COBERTURA POR CLIENTE ---
cliente 01 | lambda=1.000000 | slack=0.000000 | y_low=0.000000 | y_up=0.000000 | total_real=1.000000
cliente 02 | lambda=1.000000 | slack=0.000000 | y_low=0.000000 | y_up=0.000000 | total_real=1.000000
cliente 03 | lambda=1.000000 | slack=0.000000 | y_low=0.000000 | y_up=0.000000 | total_real=1.000000
cliente 04 | lambda=1.000000 | slack=0.000000 | y_low=0.000000 | y_up=0.000000 | total_real=1.000000
cliente 05 | lambda=1.000000 | slack=0.000000 | y_low=0.000000 | y_up=0.000000 | total_real=1.000000
cliente 06 | lambda=1.000000 | slack=0.000000 | y_low=0.000000 | y_up=0.000000 | total_real=1.000000
cliente 07 | lambda=1.000000 | slack=0.000000 | y_low=0.000000 | y_up=0.000000 | total_real=1.000000
cliente 08 | lambda=1.000000 | slack=0.000000 | y_low=0.000000 | y_up=0.000000 | total_real=1.000000
cliente 09 | lambda=1.000000 | slack=0.000000 | y_low=0.000000 | y_up=0.000000 | total_real=1.000000
cliente 10 | lambda=1.000000 | slack=0.000000 | y_low=0.000000 | y_up=0.000000 | total_real=1.000000
cliente 11 | lambda=1.000000 | slack=0.000000 | y_low=0.000000 | y_up=0.000000 | total_real=1.000000
cliente 12 | lambda=1.000000 | slack=0.000000 | y_low=0.000000 | y_up=0.000000 | total_real=1.000000
cliente 13 | lambda=1.000000 | slack=0.000000 | y_low=0.000000 | y_up=0.000000 | total_real=1.000000
cliente 14 | lambda=1.000000 | slack=0.000000 | y_low=0.000000 | y_up=0.000000 | total_real=1.000000


================ DUAIS DO MESTRE ================

PI (clientes):
  pi[1] =  5.707776
  pi[2] =  1.230214
  pi[3] =  5.707776
  pi[4] =  13.504795
  pi[5] =  12.126451
  pi[6] =  5.693861
  pi[7] =  13.150860
  pi[8] =  0.488327
  pi[9] =  6.411904
  pi[10] =  12.105766
  pi[11] =  0.671117
  pi[12] = -0.138017
  pi[13] =  15.383821
  pi[14] =  16.744900

SIGMA (veículos):
  sigma[0] = -0.000000
  sigma[1] = -0.000000

MU (arcos):
  sem duais de arco
=================================================

 [ETSAB] gamma_pi = 10.000000
[ORDEM PRICING] iter=29 | veiculos=[0, 1]
TESTA ALLBEST_SILVA
[PRICING MULTI] origem=ALLBEST_SILVA | k=0 | geradas=0 | novas_pool=0 | duplicadas_pool=0 | completa=False
TESTA BID_SILVA_CPP
[PRICING MULTI] origem=BID_SILVA_CPP | k=0 | geradas=0 | novas_pool=0 | duplicadas_pool=0 | completa=False
TESTA PD_SILVA_CPP
[PRICING MULTI] origem=PD_SILVA_CPP | k=0 | geradas=0 | novas_pool=0 | duplicadas_pool=0 | completa=False | timeout=False
[SILVA PRICING]
k=0
ALLBEST=0
BID_CPP=0
PD_CPP=0
pd_completa=False
pd_timeout=False
labels_pd=3000000
nivel_pd=8
melhor_rc=None
origem=None
certifica_k=False
TESTA ALLBEST_SILVA
[PRICING MULTI] origem=ALLBEST_SILVA | k=1 | geradas=1 | novas_pool=1 | duplicadas_pool=0 | completa=False
[SILVA PRICING]
k=1
ALLBEST=1
BID_CPP=0
PD_CPP=0
pd_completa=None
pd_timeout=None
labels_pd=None
nivel_pd=None
melhor_rc=-0.39267970710696964
origem=ALLBEST_SILVA
certifica_k=False
[SILVA CERT] todos_k_certificados=False
[SELECAO MULTI] iter=29 | selecionadas=1 | por_veiculo={1: 1}
GAMMA PI 10.0
GAMMA PI atualizado 10.0
Tempo total nessa geracao : 1.4s
Tempo total no NO: 10.1s
TAMANHO NOVAS COL 1

--- Nova Coluna ---
Veículo: 1
Sequência: [0, 1, 7, 5, 2, 4, 9, 10, 14, 13, 15]
Custo: 95.97
Custo Reduzido: -0.392680
Clientes atendidos: [1, 2, 4, 5, 7, 9, 10, 13, 14]

[COPIA REJEITADA] origem_k=1 | destino_k=0 | motivo=viabilidade | seq=[0, 1, 7, 5, 2, 4, 9, 10, 14, 13, 15]
[COLUNAS ITER] novas=1 | duplicadas=0 | por_veiculo={0: 0, 1: 1}
[Nó 0] Iter 29 - Obj = 108.7896  Colunas = 107 inst= C:\Users\PolyanaSilva\Documents\BP_VRPTW\instancias\Petro_instancias\14n-2k-6c-008r_ML_silva2024.json
[Nó 0] inst= C:\Users\PolyanaSilva\Documents\BP_VRPTW\instancias\Petro_instancias\14n-2k-6c-008r_ML_silva2024.json Colunas ativas na iteração 29: 
   veic=0 | col=1 | lambda=0.714286 | custo=0.0000 | rota=[0, 15]
   veic=0 | col=2 | lambda=0.142857 | custo=95.2848 | rota=[0, 10, 8, 9, 2, 3, 1, 5, 7, 6, 14, 11, 13, 12, 15]
   veic=0 | col=28 | lambda=0.142857 | custo=95.6387 | rota=[0, 1, 10, 8, 9, 2, 4, 3, 6, 5, 14, 13, 11, 12, 15]
   veic=1 | col=1 | lambda=0.142857 | custo=0.0000 | rota=[0, 15]
   veic=1 | col=3 | lambda=0.142857 | custo=92.0447 | rota=[0, 1, 4, 2, 3, 5, 8, 9, 10, 6, 7, 13, 11, 12, 15]
   veic=1 | col=7 | lambda=0.142857 | custo=96.6838 | rota=[0, 5, 1, 8, 9, 4, 2, 3, 7, 6, 13, 11, 12, 14, 15]
   veic=1 | col=11 | lambda=0.142857 | custo=93.4057 | rota=[0, 8, 10, 9, 1, 5, 2, 4, 3, 6, 7, 11, 12, 14, 15]
   veic=1 | col=13 | lambda=0.142857 | custo=95.9920 | rota=[0, 8, 10, 9, 1, 2, 4, 3, 7, 6, 14, 12, 13, 15]
   veic=1 | col=31 | lambda=0.142857 | custo=96.6838 | rota=[0, 4, 2, 3, 7, 1, 8, 10, 5, 11, 14, 12, 13, 15]
   veic=1 | col=33 | lambda=0.142857 | custo=95.7935 | rota=[0, 6, 7, 4, 9, 10, 5, 14, 11, 13, 15]
MESMA FO-  Sem melhora 12 Recom 108.78955214906243 Ultmf 108.78955214906237  VALOR SUB 5.684341886080802e-14
   valor recomposto = 108.789552

   valor recomposto = 108.789552

--- COBERTURA POR CLIENTE ---
cliente 01 | lambda=1.000000 | slack=0.000000 | y_low=0.000000 | y_up=0.000000 | total_real=1.000000
cliente 02 | lambda=1.000000 | slack=0.000000 | y_low=0.000000 | y_up=0.000000 | total_real=1.000000
cliente 03 | lambda=1.000000 | slack=0.000000 | y_low=0.000000 | y_up=0.000000 | total_real=1.000000
cliente 04 | lambda=1.000000 | slack=0.000000 | y_low=0.000000 | y_up=0.000000 | total_real=1.000000
cliente 05 | lambda=1.000000 | slack=0.000000 | y_low=0.000000 | y_up=0.000000 | total_real=1.000000
cliente 06 | lambda=1.000000 | slack=0.000000 | y_low=0.000000 | y_up=0.000000 | total_real=1.000000
cliente 07 | lambda=1.000000 | slack=0.000000 | y_low=0.000000 | y_up=0.000000 | total_real=1.000000
cliente 08 | lambda=1.000000 | slack=0.000000 | y_low=0.000000 | y_up=0.000000 | total_real=1.000000
cliente 09 | lambda=1.000000 | slack=0.000000 | y_low=0.000000 | y_up=0.000000 | total_real=1.000000
cliente 10 | lambda=1.000000 | slack=0.000000 | y_low=0.000000 | y_up=0.000000 | total_real=1.000000
cliente 11 | lambda=1.000000 | slack=0.000000 | y_low=0.000000 | y_up=0.000000 | total_real=1.000000
cliente 12 | lambda=1.000000 | slack=0.000000 | y_low=0.000000 | y_up=0.000000 | total_real=1.000000
cliente 13 | lambda=1.000000 | slack=0.000000 | y_low=0.000000 | y_up=0.000000 | total_real=1.000000
cliente 14 | lambda=1.000000 | slack=0.000000 | y_low=0.000000 | y_up=0.000000 | total_real=1.000000


================ DUAIS DO MESTRE ================

PI (clientes):
  pi[1] =  5.511436
  pi[2] =  1.230214
  pi[3] =  5.511436
  pi[4] =  13.504795
  pi[5] =  11.862099
  pi[6] =  5.625849
  pi[7] =  13.150860
  pi[8] =  0.752680
  pi[9] =  6.479917
  pi[10] =  12.105766
  pi[11] =  0.935469
  pi[12] = -0.009690
  pi[13] =  15.383821
  pi[14] =  16.744900

SIGMA (veículos):
  sigma[0] = -0.000000
  sigma[1] = -0.000000

MU (arcos):
  sem duais de arco
=================================================

 [ETSAB] gamma_pi = 10.000000
[ORDEM PRICING] iter=30 | veiculos=[0, 1]
TESTA ALLBEST_SILVA
[PRICING MULTI] origem=ALLBEST_SILVA | k=0 | geradas=0 | novas_pool=0 | duplicadas_pool=0 | completa=False
TESTA BID_SILVA_CPP
[PRICING MULTI] origem=BID_SILVA_CPP | k=0 | geradas=0 | novas_pool=0 | duplicadas_pool=0 | completa=False
TESTA PD_SILVA_CPP
[PRICING MULTI] origem=PD_SILVA_CPP | k=0 | geradas=0 | novas_pool=0 | duplicadas_pool=0 | completa=False | timeout=False
[SILVA PRICING]
k=0
ALLBEST=0
BID_CPP=0
PD_CPP=0
pd_completa=False
pd_timeout=False
labels_pd=3000000
nivel_pd=8
melhor_rc=None
origem=None
certifica_k=False
TESTA ALLBEST_SILVA
[PRICING MULTI] origem=ALLBEST_SILVA | k=1 | geradas=0 | novas_pool=0 | duplicadas_pool=0 | completa=False
TESTA BID_SILVA_CPP
[PRICING MULTI] origem=BID_SILVA_CPP | k=1 | geradas=20 | novas_pool=20 | duplicadas_pool=0 | completa=False
[SILVA PRICING]
k=1
ALLBEST=0
BID_CPP=20
PD_CPP=0
pd_completa=None
pd_timeout=None
labels_pd=None
nivel_pd=None
melhor_rc=-1.5377480150933298
origem=BID_SILVA_CPP
certifica_k=False
[SILVA CERT] todos_k_certificados=False
[SELECAO MULTI] iter=30 | selecionadas=2 | por_veiculo={1: 2}
GAMMA PI 10.0
GAMMA PI atualizado 10.0
Tempo total nessa geracao : 1.4s
Tempo total no NO: 11.6s
TAMANHO NOVAS COL 2

--- Nova Coluna ---
Veículo: 1
Sequência: [0, 1, 9, 10, 5, 4, 3, 7, 6, 13, 15]
Custo: 87.60
Custo Reduzido: -1.537748
Clientes atendidos: [1, 3, 4, 5, 6, 7, 9, 10, 13]
TAMANHO NOVAS COL 2

--- Nova Coluna ---
Veículo: 1
Sequência: [0, 1, 9, 10, 5, 3, 4, 7, 6, 13, 15]
Custo: 87.60
Custo Reduzido: -1.537748
Clientes atendidos: [1, 3, 4, 5, 6, 7, 9, 10, 13]

[COPIA REJEITADA] origem_k=1 | destino_k=0 | motivo=viabilidade | seq=[0, 1, 9, 10, 5, 4, 3, 7, 6, 13, 15]
[COPIA REJEITADA] origem_k=1 | destino_k=0 | motivo=viabilidade | seq=[0, 1, 9, 10, 5, 3, 4, 7, 6, 13, 15]
[COLUNAS ITER] novas=2 | duplicadas=0 | por_veiculo={0: 0, 1: 2}
[Nó 0] Rodando MIP periódico após 11 novas colunas realmente adicionadas...
[Nó 0] MIP periódico encontrou solução inteira válida. FO=181.917133
[Nó 0] Iter 30 - Obj = 108.7896  Colunas = 109 inst= C:\Users\PolyanaSilva\Documents\BP_VRPTW\instancias\Petro_instancias\14n-2k-6c-008r_ML_silva2024.json
[Nó 0] inst= C:\Users\PolyanaSilva\Documents\BP_VRPTW\instancias\Petro_instancias\14n-2k-6c-008r_ML_silva2024.json Colunas ativas na iteração 30: 
   veic=0 | col=1 | lambda=0.714286 | custo=0.0000 | rota=[0, 15]
   veic=0 | col=2 | lambda=0.142857 | custo=95.2848 | rota=[0, 10, 8, 9, 2, 3, 1, 5, 7, 6, 14, 11, 13, 12, 15]
   veic=0 | col=28 | lambda=0.142857 | custo=95.6387 | rota=[0, 1, 10, 8, 9, 2, 4, 3, 6, 5, 14, 13, 11, 12, 15]
   veic=1 | col=1 | lambda=0.142857 | custo=0.0000 | rota=[0, 15]
   veic=1 | col=3 | lambda=0.142857 | custo=92.0447 | rota=[0, 1, 4, 2, 3, 5, 8, 9, 10, 6, 7, 13, 11, 12, 15]
   veic=1 | col=7 | lambda=0.142857 | custo=96.6838 | rota=[0, 5, 1, 8, 9, 4, 2, 3, 7, 6, 13, 11, 12, 14, 15]
   veic=1 | col=11 | lambda=0.142857 | custo=93.4057 | rota=[0, 8, 10, 9, 1, 5, 2, 4, 3, 6, 7, 11, 12, 14, 15]
   veic=1 | col=13 | lambda=0.142857 | custo=95.9920 | rota=[0, 8, 10, 9, 1, 2, 4, 3, 7, 6, 14, 12, 13, 15]
   veic=1 | col=31 | lambda=0.142857 | custo=96.6838 | rota=[0, 4, 2, 3, 7, 1, 8, 10, 5, 11, 14, 12, 13, 15]
   veic=1 | col=33 | lambda=0.142857 | custo=95.7935 | rota=[0, 6, 7, 4, 9, 10, 5, 14, 11, 13, 15]
MESMA FO-  Sem melhora 13 Recom 108.7895521490624 Ultmf 108.78955214906237  VALOR SUB 2.842170943040401e-14
   valor recomposto = 108.789552

   valor recomposto = 108.789552

--- COBERTURA POR CLIENTE ---
cliente 01 | lambda=1.000000 | slack=0.000000 | y_low=0.000000 | y_up=0.000000 | total_real=1.000000
cliente 02 | lambda=1.000000 | slack=0.000000 | y_low=0.000000 | y_up=0.000000 | total_real=1.000000
cliente 03 | lambda=1.000000 | slack=0.000000 | y_low=0.000000 | y_up=0.000000 | total_real=1.000000
cliente 04 | lambda=1.000000 | slack=0.000000 | y_low=0.000000 | y_up=0.000000 | total_real=1.000000
cliente 05 | lambda=1.000000 | slack=0.000000 | y_low=0.000000 | y_up=0.000000 | total_real=1.000000
cliente 06 | lambda=1.000000 | slack=0.000000 | y_low=0.000000 | y_up=0.000000 | total_real=1.000000
cliente 07 | lambda=1.000000 | slack=0.000000 | y_low=0.000000 | y_up=0.000000 | total_real=1.000000
cliente 08 | lambda=1.000000 | slack=0.000000 | y_low=0.000000 | y_up=0.000000 | total_real=1.000000
cliente 09 | lambda=1.000000 | slack=0.000000 | y_low=0.000000 | y_up=0.000000 | total_real=1.000000
cliente 10 | lambda=1.000000 | slack=0.000000 | y_low=0.000000 | y_up=0.000000 | total_real=1.000000
cliente 11 | lambda=1.000000 | slack=0.000000 | y_low=0.000000 | y_up=0.000000 | total_real=1.000000
cliente 12 | lambda=1.000000 | slack=0.000000 | y_low=0.000000 | y_up=0.000000 | total_real=1.000000
cliente 13 | lambda=1.000000 | slack=0.000000 | y_low=0.000000 | y_up=0.000000 | total_real=1.000000
cliente 14 | lambda=1.000000 | slack=0.000000 | y_low=0.000000 | y_up=0.000000 | total_real=1.000000


================ DUAIS DO MESTRE ================

PI (clientes):
  pi[1] =  1.134992
  pi[2] =  1.230214
  pi[3] =  1.134992
  pi[4] =  13.504795
  pi[5] =  3.109211
  pi[6] =  1.249405
  pi[7] =  13.150860
  pi[8] =  9.505567
  pi[9] =  10.856361
  pi[10] =  12.105766
  pi[11] =  9.688357
  pi[12] = -0.009690
  pi[13] =  15.383821
  pi[14] =  16.744900

SIGMA (veículos):
  sigma[0] = -0.000000
  sigma[1] = -0.000000

MU (arcos):
  sem duais de arco
=================================================

 [ETSAB] gamma_pi = 10.000000
[ORDEM PRICING] iter=31 | veiculos=[0, 1]
TESTA ALLBEST_SILVA
[PRICING MULTI] origem=ALLBEST_SILVA | k=0 | geradas=0 | novas_pool=0 | duplicadas_pool=0 | completa=False
TESTA BID_SILVA_CPP
[PRICING MULTI] origem=BID_SILVA_CPP | k=0 | geradas=20 | novas_pool=20 | duplicadas_pool=0 | completa=False
[SILVA PRICING]
k=0
ALLBEST=0
BID_CPP=20
PD_CPP=0
pd_completa=None
pd_timeout=None
labels_pd=None
nivel_pd=None
melhor_rc=-1.0163116789497177
origem=BID_SILVA_CPP
certifica_k=False
TESTA ALLBEST_SILVA
[PRICING MULTI] origem=ALLBEST_SILVA | k=1 | geradas=0 | novas_pool=0 | duplicadas_pool=0 | completa=False
TESTA BID_SILVA_CPP
[PRICING MULTI] origem=BID_SILVA_CPP | k=1 | geradas=20 | novas_pool=20 | duplicadas_pool=0 | completa=False
[SILVA PRICING]
k=1
ALLBEST=0
BID_CPP=20
PD_CPP=0
pd_completa=None
pd_timeout=None
labels_pd=None
nivel_pd=None
melhor_rc=-1.8530355362962734
origem=BID_SILVA_CPP
certifica_k=False
[SILVA CERT] todos_k_certificados=False
[SELECAO MULTI] iter=31 | selecionadas=4 | por_veiculo={0: 2, 1: 2}
GAMMA PI 10.0
GAMMA PI atualizado 10.0
Tempo total nessa geracao : 0.2s
Tempo total no NO: 11.8s
TAMANHO NOVAS COL 4

--- Nova Coluna ---
Veículo: 0
Sequência: [0, 8, 10, 9, 5, 7, 4, 14, 11, 15]
Custo: 87.65
Custo Reduzido: -1.016312
Clientes atendidos: [4, 5, 7, 8, 9, 10, 11, 14]
TAMANHO NOVAS COL 4

--- Nova Coluna ---
Veículo: 1
Sequência: [0, 1, 8, 10, 9, 5, 7, 4, 3, 13, 14, 15]
Custo: 94.78
Custo Reduzido: -1.853036
Clientes atendidos: [1, 3, 4, 5, 7, 8, 9, 10, 13, 14]
TAMANHO NOVAS COL 4

--- Nova Coluna ---
Veículo: 0
Sequência: [0, 8, 9, 10, 5, 4, 7, 14, 11, 15]
Custo: 87.65
Custo Reduzido: -1.016312
Clientes atendidos: [4, 5, 7, 8, 9, 10, 11, 14]
TAMANHO NOVAS COL 4

--- Nova Coluna ---
Veículo: 1
Sequência: [0, 8, 10, 9, 5, 7, 4, 3, 1, 13, 14, 15]
Custo: 94.92
Custo Reduzido: -1.714607
Clientes atendidos: [1, 3, 4, 5, 7, 8, 9, 10, 13, 14]
[MIP_LOG] iter=30 | colunas_pool=109 | frequencia=10

Nao adicionou no k 1
[COPIA REJEITADA] origem_k=1 | destino_k=0 | motivo=viabilidade | seq=[0, 1, 8, 10, 9, 5, 7, 4, 3, 13, 14, 15]
Nao adicionou no k 1
[COPIA REJEITADA] origem_k=1 | destino_k=0 | motivo=viabilidade | seq=[0, 8, 10, 9, 5, 7, 4, 3, 1, 13, 14, 15]
[COLUNAS ITER] novas=4 | duplicadas=0 | por_veiculo={0: 2, 1: 2}
[Nó 0] Iter 31 - Obj = 108.7896  Colunas = 113 inst= C:\Users\PolyanaSilva\Documents\BP_VRPTW\instancias\Petro_instancias\14n-2k-6c-008r_ML_silva2024.json
[Nó 0] inst= C:\Users\PolyanaSilva\Documents\BP_VRPTW\instancias\Petro_instancias\14n-2k-6c-008r_ML_silva2024.json Colunas ativas na iteração 31: 
   veic=0 | col=1 | lambda=0.714286 | custo=0.0000 | rota=[0, 15]
   veic=0 | col=2 | lambda=0.142857 | custo=95.2848 | rota=[0, 10, 8, 9, 2, 3, 1, 5, 7, 6, 14, 11, 13, 12, 15]
   veic=0 | col=28 | lambda=0.142857 | custo=95.6387 | rota=[0, 1, 10, 8, 9, 2, 4, 3, 6, 5, 14, 13, 11, 12, 15]
   veic=1 | col=1 | lambda=0.142857 | custo=0.0000 | rota=[0, 15]
   veic=1 | col=3 | lambda=0.142857 | custo=92.0447 | rota=[0, 1, 4, 2, 3, 5, 8, 9, 10, 6, 7, 13, 11, 12, 15]
   veic=1 | col=7 | lambda=0.142857 | custo=96.6838 | rota=[0, 5, 1, 8, 9, 4, 2, 3, 7, 6, 13, 11, 12, 14, 15]
   veic=1 | col=11 | lambda=0.142857 | custo=93.4057 | rota=[0, 8, 10, 9, 1, 5, 2, 4, 3, 6, 7, 11, 12, 14, 15]
   veic=1 | col=13 | lambda=0.142857 | custo=95.9920 | rota=[0, 8, 10, 9, 1, 2, 4, 3, 7, 6, 14, 12, 13, 15]
   veic=1 | col=31 | lambda=0.142857 | custo=96.6838 | rota=[0, 4, 2, 3, 7, 1, 8, 10, 5, 11, 14, 12, 13, 15]
   veic=1 | col=33 | lambda=0.142857 | custo=95.7935 | rota=[0, 6, 7, 4, 9, 10, 5, 14, 11, 13, 15]
MESMA FO-  Sem melhora 14 Recom 108.78955214906239 Ultmf 108.78955214906237  VALOR SUB 1.4210854715202004e-14
   valor recomposto = 108.789552

   valor recomposto = 108.789552

--- COBERTURA POR CLIENTE ---
cliente 01 | lambda=1.000000 | slack=0.000000 | y_low=0.000000 | y_up=0.000000 | total_real=1.000000
cliente 02 | lambda=1.000000 | slack=0.000000 | y_low=0.000000 | y_up=0.000000 | total_real=1.000000
cliente 03 | lambda=1.000000 | slack=0.000000 | y_low=0.000000 | y_up=0.000000 | total_real=1.000000
cliente 04 | lambda=1.000000 | slack=0.000000 | y_low=0.000000 | y_up=0.000000 | total_real=1.000000
cliente 05 | lambda=1.000000 | slack=0.000000 | y_low=0.000000 | y_up=0.000000 | total_real=1.000000
cliente 06 | lambda=1.000000 | slack=0.000000 | y_low=0.000000 | y_up=0.000000 | total_real=1.000000
cliente 07 | lambda=1.000000 | slack=0.000000 | y_low=0.000000 | y_up=0.000000 | total_real=1.000000
cliente 08 | lambda=1.000000 | slack=0.000000 | y_low=0.000000 | y_up=0.000000 | total_real=1.000000
cliente 09 | lambda=1.000000 | slack=0.000000 | y_low=0.000000 | y_up=0.000000 | total_real=1.000000
cliente 10 | lambda=1.000000 | slack=0.000000 | y_low=0.000000 | y_up=0.000000 | total_real=1.000000
cliente 11 | lambda=1.000000 | slack=0.000000 | y_low=0.000000 | y_up=0.000000 | total_real=1.000000
cliente 12 | lambda=1.000000 | slack=0.000000 | y_low=0.000000 | y_up=0.000000 | total_real=1.000000
cliente 13 | lambda=1.000000 | slack=0.000000 | y_low=0.000000 | y_up=0.000000 | total_real=1.000000
cliente 14 | lambda=1.000000 | slack=0.000000 | y_low=0.000000 | y_up=0.000000 | total_real=1.000000


================ DUAIS DO MESTRE ================

PI (clientes):
  pi[1] =  1.134992
  pi[2] =  3.233436
  pi[3] = -0.360074
  pi[4] =  13.504795
  pi[5] =  3.767554
  pi[6] =  1.757561
  pi[7] =  13.150860
  pi[8] =  8.997411
  pi[9] =  10.348205
  pi[10] =  12.105766
  pi[11] =  9.030014
  pi[12] = -0.009690
  pi[13] =  15.383821
  pi[14] =  16.744900

SIGMA (veículos):
  sigma[0] = -0.000000
  sigma[1] = -0.000000

MU (arcos):
  sem duais de arco
=================================================

 [ETSAB] gamma_pi = 10.000000
[ORDEM PRICING] iter=32 | veiculos=[0, 1]
TESTA ALLBEST_SILVA
[PRICING MULTI] origem=ALLBEST_SILVA | k=0 | geradas=0 | novas_pool=0 | duplicadas_pool=0 | completa=False
TESTA BID_SILVA_CPP
[PRICING MULTI] origem=BID_SILVA_CPP | k=0 | geradas=20 | novas_pool=20 | duplicadas_pool=0 | completa=False
[SILVA PRICING]
k=0
ALLBEST=0
BID_CPP=20
PD_CPP=0
pd_completa=None
pd_timeout=None
labels_pd=None
nivel_pd=None
melhor_rc=-2.6934359637428535
origem=BID_SILVA_CPP
certifica_k=False
TESTA ALLBEST_SILVA
[PRICING MULTI] origem=ALLBEST_SILVA | k=1 | geradas=0 | novas_pool=0 | duplicadas_pool=0 | completa=False
TESTA BID_SILVA_CPP
[PRICING MULTI] origem=BID_SILVA_CPP | k=1 | geradas=20 | novas_pool=20 | duplicadas_pool=0 | completa=False
[SILVA PRICING]
k=1
ALLBEST=0
BID_CPP=20
PD_CPP=0
pd_completa=None
pd_timeout=None
labels_pd=None
nivel_pd=None
melhor_rc=-2.7620260166641764
origem=BID_SILVA_CPP
certifica_k=False
[SILVA CERT] todos_k_certificados=False
[SELECAO MULTI] iter=32 | selecionadas=4 | por_veiculo={0: 2, 1: 2}
GAMMA PI 10.0
GAMMA PI atualizado 10.0
Tempo total nessa geracao : 0.2s
Tempo total no NO: 12.0s
TAMANHO NOVAS COL 4

--- Nova Coluna ---
Veículo: 0
Sequência: [0, 8, 9, 10, 5, 7, 4, 2, 14, 11, 15]
Custo: 88.19
Custo Reduzido: -2.693436
Clientes atendidos: [2, 4, 5, 7, 8, 9, 10, 11, 14]
TAMANHO NOVAS COL 4

--- Nova Coluna ---
Veículo: 1
Sequência: [0, 8, 9, 10, 5, 7, 4, 2, 1, 13, 14, 15]
Custo: 95.61
Custo Reduzido: -2.762026
Clientes atendidos: [1, 2, 4, 5, 7, 8, 9, 10, 13, 14]
TAMANHO NOVAS COL 4

--- Nova Coluna ---
Veículo: 0
Sequência: [0, 8, 10, 9, 5, 7, 4, 2, 14, 11, 15]
Custo: 88.19
Custo Reduzido: -2.693436
Clientes atendidos: [2, 4, 5, 7, 8, 9, 10, 11, 14]
TAMANHO NOVAS COL 4

--- Nova Coluna ---
Veículo: 1
Sequência: [0, 10, 8, 9, 5, 7, 4, 2, 1, 13, 14, 15]
Custo: 95.61
Custo Reduzido: -2.762026
Clientes atendidos: [1, 2, 4, 5, 7, 8, 9, 10, 13, 14]

Nao adicionou no k 1
[COPIA REJEITADA] origem_k=1 | destino_k=0 | motivo=viabilidade | seq=[0, 8, 9, 10, 5, 7, 4, 2, 1, 13, 14, 15]
Nao adicionou no k 1
[COPIA REJEITADA] origem_k=1 | destino_k=0 | motivo=viabilidade | seq=[0, 10, 8, 9, 5, 7, 4, 2, 1, 13, 14, 15]
[COLUNAS ITER] novas=4 | duplicadas=0 | por_veiculo={0: 2, 1: 2}
[Nó 0] Iter 32 - Obj = 108.7896  Colunas = 117 inst= C:\Users\PolyanaSilva\Documents\BP_VRPTW\instancias\Petro_instancias\14n-2k-6c-008r_ML_silva2024.json
[Nó 0] inst= C:\Users\PolyanaSilva\Documents\BP_VRPTW\instancias\Petro_instancias\14n-2k-6c-008r_ML_silva2024.json Colunas ativas na iteração 32: 
   veic=0 | col=1 | lambda=0.714286 | custo=0.0000 | rota=[0, 15]
   veic=0 | col=2 | lambda=0.142857 | custo=95.2848 | rota=[0, 10, 8, 9, 2, 3, 1, 5, 7, 6, 14, 11, 13, 12, 15]
   veic=0 | col=28 | lambda=0.142857 | custo=95.6387 | rota=[0, 1, 10, 8, 9, 2, 4, 3, 6, 5, 14, 13, 11, 12, 15]
   veic=1 | col=1 | lambda=0.142857 | custo=0.0000 | rota=[0, 15]
   veic=1 | col=3 | lambda=0.142857 | custo=92.0447 | rota=[0, 1, 4, 2, 3, 5, 8, 9, 10, 6, 7, 13, 11, 12, 15]
   veic=1 | col=7 | lambda=0.142857 | custo=96.6838 | rota=[0, 5, 1, 8, 9, 4, 2, 3, 7, 6, 13, 11, 12, 14, 15]
   veic=1 | col=11 | lambda=0.142857 | custo=93.4057 | rota=[0, 8, 10, 9, 1, 5, 2, 4, 3, 6, 7, 11, 12, 14, 15]
   veic=1 | col=13 | lambda=0.142857 | custo=95.9920 | rota=[0, 8, 10, 9, 1, 2, 4, 3, 7, 6, 14, 12, 13, 15]
   veic=1 | col=31 | lambda=0.142857 | custo=96.6838 | rota=[0, 4, 2, 3, 7, 1, 8, 10, 5, 11, 14, 12, 13, 15]
   veic=1 | col=33 | lambda=0.142857 | custo=95.7935 | rota=[0, 6, 7, 4, 9, 10, 5, 14, 11, 13, 15]
MESMA FO-  Sem melhora 15 Recom 108.78955214906235 Ultmf 108.78955214906237  VALOR SUB -2.842170943040401e-14
   valor recomposto = 108.789552

   valor recomposto = 108.789552

--- COBERTURA POR CLIENTE ---
cliente 01 | lambda=1.000000 | slack=0.000000 | y_low=0.000000 | y_up=0.000000 | total_real=1.000000
cliente 02 | lambda=1.000000 | slack=0.000000 | y_low=0.000000 | y_up=0.000000 | total_real=1.000000
cliente 03 | lambda=1.000000 | slack=0.000000 | y_low=0.000000 | y_up=0.000000 | total_real=1.000000
cliente 04 | lambda=1.000000 | slack=0.000000 | y_low=0.000000 | y_up=0.000000 | total_real=1.000000
cliente 05 | lambda=1.000000 | slack=0.000000 | y_low=0.000000 | y_up=0.000000 | total_real=1.000000
cliente 06 | lambda=1.000000 | slack=0.000000 | y_low=0.000000 | y_up=0.000000 | total_real=1.000000
cliente 07 | lambda=1.000000 | slack=0.000000 | y_low=0.000000 | y_up=0.000000 | total_real=1.000000
cliente 08 | lambda=1.000000 | slack=0.000000 | y_low=0.000000 | y_up=0.000000 | total_real=1.000000
cliente 09 | lambda=1.000000 | slack=0.000000 | y_low=0.000000 | y_up=0.000000 | total_real=1.000000
cliente 10 | lambda=1.000000 | slack=0.000000 | y_low=0.000000 | y_up=0.000000 | total_real=1.000000
cliente 11 | lambda=1.000000 | slack=0.000000 | y_low=0.000000 | y_up=0.000000 | total_real=1.000000
cliente 12 | lambda=1.000000 | slack=0.000000 | y_low=0.000000 | y_up=0.000000 | total_real=1.000000
cliente 13 | lambda=1.000000 | slack=0.000000 | y_low=0.000000 | y_up=0.000000 | total_real=1.000000
cliente 14 | lambda=1.000000 | slack=0.000000 | y_low=0.000000 | y_up=0.000000 | total_real=1.000000


================ DUAIS DO MESTRE ================

PI (clientes):
  pi[1] =  11.711685
  pi[2] =  1.230214
  pi[3] =  0.398730
  pi[4] =  13.504795
  pi[5] =  0.519913
  pi[6] =  0.513143
  pi[7] =  13.150860
  pi[8] = -0.334863
  pi[9] =  11.592623
  pi[10] =  12.105766
  pi[11] =  12.277655
  pi[12] = -0.009690
  pi[13] =  15.383821
  pi[14] =  16.744900

SIGMA (veículos):
  sigma[0] = -0.000000
  sigma[1] = -0.000000

MU (arcos):
  sem duais de arco
=================================================

 [ETSAB] gamma_pi = 10.000000
[ORDEM PRICING] iter=33 | veiculos=[0, 1]
TESTA ALLBEST_SILVA
[PRICING MULTI] origem=ALLBEST_SILVA | k=0 | geradas=0 | novas_pool=0 | duplicadas_pool=0 | completa=False
TESTA BID_SILVA_CPP
[PRICING MULTI] origem=BID_SILVA_CPP | k=0 | geradas=20 | novas_pool=20 | duplicadas_pool=0 | completa=False
[SILVA PRICING]
k=0
ALLBEST=0
BID_CPP=20
PD_CPP=0
pd_completa=None
pd_timeout=None
labels_pd=None
nivel_pd=None
melhor_rc=-3.7987790970155757
origem=BID_SILVA_CPP
certifica_k=False
TESTA ALLBEST_SILVA
[PRICING MULTI] origem=ALLBEST_SILVA | k=1 | geradas=0 | novas_pool=0 | duplicadas_pool=0 | completa=False
TESTA BID_SILVA_CPP
[PRICING MULTI] origem=BID_SILVA_CPP | k=1 | geradas=20 | novas_pool=20 | duplicadas_pool=0 | completa=False
[SILVA PRICING]
k=1
ALLBEST=0
BID_CPP=20
PD_CPP=0
pd_completa=None
pd_timeout=None
labels_pd=None
nivel_pd=None
melhor_rc=-2.5396569817000785
origem=BID_SILVA_CPP
certifica_k=False
[SILVA CERT] todos_k_certificados=False
[SELECAO MULTI] iter=33 | selecionadas=4 | por_veiculo={0: 2, 1: 2}
GAMMA PI 10.0
GAMMA PI atualizado 10.0
Tempo total nessa geracao : 0.2s
Tempo total no NO: 12.1s
TAMANHO NOVAS COL 4

--- Nova Coluna ---
Veículo: 0
Sequência: [0, 10, 9, 1, 4, 7, 11, 14, 15]
Custo: 87.29
Custo Reduzido: -3.798779
Clientes atendidos: [1, 4, 7, 9, 10, 11, 14]
TAMANHO NOVAS COL 4

--- Nova Coluna ---
Veículo: 1
Sequência: [0, 1, 10, 9, 5, 7, 4, 2, 13, 11, 15]
Custo: 88.94
Custo Reduzido: -2.539657
Clientes atendidos: [1, 2, 4, 5, 7, 9, 10, 11, 13]
TAMANHO NOVAS COL 4

--- Nova Coluna ---
Veículo: 0
Sequência: [0, 1, 10, 9, 7, 4, 11, 14, 15]
Custo: 87.29
Custo Reduzido: -3.798779
Clientes atendidos: [1, 4, 7, 9, 10, 11, 14]
TAMANHO NOVAS COL 4

--- Nova Coluna ---
Veículo: 1
Sequência: [0, 1, 9, 10, 5, 7, 4, 2, 13, 11, 15]
Custo: 88.94
Custo Reduzido: -2.539657
Clientes atendidos: [1, 2, 4, 5, 7, 9, 10, 11, 13]

Nao adicionou no k 1
[COPIA REJEITADA] origem_k=1 | destino_k=0 | motivo=viabilidade | seq=[0, 1, 10, 9, 5, 7, 4, 2, 13, 11, 15]
Nao adicionou no k 1
[COPIA REJEITADA] origem_k=1 | destino_k=0 | motivo=viabilidade | seq=[0, 1, 9, 10, 5, 7, 4, 2, 13, 11, 15]
[COLUNAS ITER] novas=4 | duplicadas=0 | por_veiculo={0: 2, 1: 2}
[Nó 0] Rodando MIP periódico após 12 novas colunas realmente adicionadas...
[Nó 0] MIP periódico encontrou solução inteira válida. FO=181.917133
[Nó 0] Iter 33 - Obj = 108.7896  Colunas = 121 inst= C:\Users\PolyanaSilva\Documents\BP_VRPTW\instancias\Petro_instancias\14n-2k-6c-008r_ML_silva2024.json
[Nó 0] inst= C:\Users\PolyanaSilva\Documents\BP_VRPTW\instancias\Petro_instancias\14n-2k-6c-008r_ML_silva2024.json Colunas ativas na iteração 33: 
   veic=0 | col=1 | lambda=0.714286 | custo=0.0000 | rota=[0, 15]
   veic=0 | col=2 | lambda=0.142857 | custo=95.2848 | rota=[0, 10, 8, 9, 2, 3, 1, 5, 7, 6, 14, 11, 13, 12, 15]
   veic=0 | col=28 | lambda=0.142857 | custo=95.6387 | rota=[0, 1, 10, 8, 9, 2, 4, 3, 6, 5, 14, 13, 11, 12, 15]
   veic=1 | col=1 | lambda=0.142857 | custo=0.0000 | rota=[0, 15]
   veic=1 | col=3 | lambda=0.142857 | custo=92.0447 | rota=[0, 1, 4, 2, 3, 5, 8, 9, 10, 6, 7, 13, 11, 12, 15]
   veic=1 | col=7 | lambda=0.142857 | custo=96.6838 | rota=[0, 5, 1, 8, 9, 4, 2, 3, 7, 6, 13, 11, 12, 14, 15]
   veic=1 | col=11 | lambda=0.142857 | custo=93.4057 | rota=[0, 8, 10, 9, 1, 5, 2, 4, 3, 6, 7, 11, 12, 14, 15]
   veic=1 | col=13 | lambda=0.142857 | custo=95.9920 | rota=[0, 8, 10, 9, 1, 2, 4, 3, 7, 6, 14, 12, 13, 15]
   veic=1 | col=31 | lambda=0.142857 | custo=96.6838 | rota=[0, 4, 2, 3, 7, 1, 8, 10, 5, 11, 14, 12, 13, 15]
   veic=1 | col=33 | lambda=0.142857 | custo=95.7935 | rota=[0, 6, 7, 4, 9, 10, 5, 14, 11, 13, 15]
MESMA FO-  Sem melhora 16 Recom 108.78955214906239 Ultmf 108.78955214906237  VALOR SUB 1.4210854715202004e-14
   valor recomposto = 108.789552

   valor recomposto = 108.789552

--- COBERTURA POR CLIENTE ---
cliente 01 | lambda=1.000000 | slack=0.000000 | y_low=0.000000 | y_up=0.000000 | total_real=1.000000
cliente 02 | lambda=1.000000 | slack=0.000000 | y_low=0.000000 | y_up=0.000000 | total_real=1.000000
cliente 03 | lambda=1.000000 | slack=0.000000 | y_low=0.000000 | y_up=0.000000 | total_real=1.000000
cliente 04 | lambda=1.000000 | slack=0.000000 | y_low=0.000000 | y_up=0.000000 | total_real=1.000000
cliente 05 | lambda=1.000000 | slack=0.000000 | y_low=0.000000 | y_up=0.000000 | total_real=1.000000
cliente 06 | lambda=1.000000 | slack=0.000000 | y_low=0.000000 | y_up=0.000000 | total_real=1.000000
cliente 07 | lambda=1.000000 | slack=0.000000 | y_low=0.000000 | y_up=0.000000 | total_real=1.000000
cliente 08 | lambda=1.000000 | slack=0.000000 | y_low=0.000000 | y_up=0.000000 | total_real=1.000000
cliente 09 | lambda=1.000000 | slack=0.000000 | y_low=0.000000 | y_up=0.000000 | total_real=1.000000
cliente 10 | lambda=1.000000 | slack=0.000000 | y_low=0.000000 | y_up=0.000000 | total_real=1.000000
cliente 11 | lambda=1.000000 | slack=0.000000 | y_low=0.000000 | y_up=0.000000 | total_real=1.000000
cliente 12 | lambda=1.000000 | slack=0.000000 | y_low=0.000000 | y_up=0.000000 | total_real=1.000000
cliente 13 | lambda=1.000000 | slack=0.000000 | y_low=0.000000 | y_up=0.000000 | total_real=1.000000
cliente 14 | lambda=1.000000 | slack=0.000000 | y_low=0.000000 | y_up=0.000000 | total_real=1.000000


================ DUAIS DO MESTRE ================

PI (clientes):
  pi[1] =  10.028324
  pi[2] =  2.086510
  pi[3] =  1.255026
  pi[4] =  13.504795
  pi[5] =  3.088800
  pi[6] =  2.225734
  pi[7] =  13.150860
  pi[8] = -0.364093
  pi[9] =  9.880032
  pi[10] =  12.105766
  pi[11] =  9.708768
  pi[12] = -0.009690
  pi[13] =  15.383821
  pi[14] =  16.744900

SIGMA (veículos):
  sigma[0] = -0.000000
  sigma[1] = -0.000000

MU (arcos):
  sem duais de arco
=================================================

 [ETSAB] gamma_pi = 10.000000
[ORDEM PRICING] iter=34 | veiculos=[0, 1]
TESTA ALLBEST_SILVA
[PRICING MULTI] origem=ALLBEST_SILVA | k=0 | geradas=0 | novas_pool=0 | duplicadas_pool=0 | completa=False
TESTA BID_SILVA_CPP
[PRICING MULTI] origem=BID_SILVA_CPP | k=0 | geradas=20 | novas_pool=20 | duplicadas_pool=0 | completa=False
[SILVA PRICING]
k=0
ALLBEST=0
BID_CPP=20
PD_CPP=0
pd_completa=None
pd_timeout=None
labels_pd=None
nivel_pd=None
melhor_rc=-0.9227394426441062
origem=BID_SILVA_CPP
certifica_k=False
TESTA ALLBEST_SILVA
[PRICING MULTI] origem=ALLBEST_SILVA | k=1 | geradas=0 | novas_pool=0 | duplicadas_pool=0 | completa=False
TESTA BID_SILVA_CPP
[PRICING MULTI] origem=BID_SILVA_CPP | k=1 | geradas=20 | novas_pool=20 | duplicadas_pool=0 | completa=False
[SILVA PRICING]
k=1
ALLBEST=0
BID_CPP=20
PD_CPP=0
pd_completa=None
pd_timeout=None
labels_pd=None
nivel_pd=None
melhor_rc=-1.015577183580799
origem=BID_SILVA_CPP
certifica_k=False
[SILVA CERT] todos_k_certificados=False
[SELECAO MULTI] iter=34 | selecionadas=4 | por_veiculo={0: 2, 1: 2}
GAMMA PI 10.0
GAMMA PI atualizado 10.0
Tempo total nessa geracao : 0.2s
Tempo total no NO: 12.3s
TAMANHO NOVAS COL 4

--- Nova Coluna ---
Veículo: 0
Sequência: [0, 1, 10, 9, 5, 4, 7, 14, 11, 15]
Custo: 87.29
Custo Reduzido: -0.922739
Clientes atendidos: [1, 4, 5, 7, 9, 10, 11, 14]
TAMANHO NOVAS COL 4

--- Nova Coluna ---
Veículo: 1
Sequência: [0, 1, 10, 9, 2, 4, 7, 5, 13, 14, 15]
Custo: 94.96
Custo Reduzido: -1.015577
Clientes atendidos: [1, 2, 4, 5, 7, 9, 10, 13, 14]
TAMANHO NOVAS COL 4

--- Nova Coluna ---
Veículo: 0
Sequência: [0, 1, 10, 9, 5, 7, 4, 14, 11, 15]
Custo: 87.29
Custo Reduzido: -0.922739
Clientes atendidos: [1, 4, 5, 7, 9, 10, 11, 14]
TAMANHO NOVAS COL 4

--- Nova Coluna ---
Veículo: 1
Sequência: [0, 1, 10, 9, 4, 2, 7, 5, 13, 14, 15]
Custo: 94.96
Custo Reduzido: -1.015577
Clientes atendidos: [1, 2, 4, 5, 7, 9, 10, 13, 14]

Nao adicionou no k 1
[COPIA REJEITADA] origem_k=1 | destino_k=0 | motivo=viabilidade | seq=[0, 1, 10, 9, 2, 4, 7, 5, 13, 14, 15]
Nao adicionou no k 1
[COPIA REJEITADA] origem_k=1 | destino_k=0 | motivo=viabilidade | seq=[0, 1, 10, 9, 4, 2, 7, 5, 13, 14, 15]
[COLUNAS ITER] novas=4 | duplicadas=0 | por_veiculo={0: 2, 1: 2}
[Nó 0] Iter 34 - Obj = 108.7896  Colunas = 125 inst= C:\Users\PolyanaSilva\Documents\BP_VRPTW\instancias\Petro_instancias\14n-2k-6c-008r_ML_silva2024.json
[Nó 0] inst= C:\Users\PolyanaSilva\Documents\BP_VRPTW\instancias\Petro_instancias\14n-2k-6c-008r_ML_silva2024.json Colunas ativas na iteração 34: 
   veic=0 | col=1 | lambda=0.714286 | custo=0.0000 | rota=[0, 15]
   veic=0 | col=2 | lambda=0.142857 | custo=95.2848 | rota=[0, 10, 8, 9, 2, 3, 1, 5, 7, 6, 14, 11, 13, 12, 15]
   veic=0 | col=28 | lambda=0.142857 | custo=95.6387 | rota=[0, 1, 10, 8, 9, 2, 4, 3, 6, 5, 14, 13, 11, 12, 15]
   veic=1 | col=1 | lambda=0.142857 | custo=0.0000 | rota=[0, 15]
   veic=1 | col=3 | lambda=0.142857 | custo=92.0447 | rota=[0, 1, 4, 2, 3, 5, 8, 9, 10, 6, 7, 13, 11, 12, 15]
   veic=1 | col=7 | lambda=0.142857 | custo=96.6838 | rota=[0, 5, 1, 8, 9, 4, 2, 3, 7, 6, 13, 11, 12, 14, 15]
   veic=1 | col=11 | lambda=0.142857 | custo=93.4057 | rota=[0, 8, 10, 9, 1, 5, 2, 4, 3, 6, 7, 11, 12, 14, 15]
   veic=1 | col=13 | lambda=0.142857 | custo=95.9920 | rota=[0, 8, 10, 9, 1, 2, 4, 3, 7, 6, 14, 12, 13, 15]
   veic=1 | col=31 | lambda=0.142857 | custo=96.6838 | rota=[0, 4, 2, 3, 7, 1, 8, 10, 5, 11, 14, 12, 13, 15]
   veic=1 | col=33 | lambda=0.142857 | custo=95.7935 | rota=[0, 6, 7, 4, 9, 10, 5, 14, 11, 13, 15]
MESMA FO-  Sem melhora 17 Recom 108.78955214906239 Ultmf 108.78955214906237  VALOR SUB 1.4210854715202004e-14
   valor recomposto = 108.789552

   valor recomposto = 108.789552

--- COBERTURA POR CLIENTE ---
cliente 01 | lambda=1.000000 | slack=0.000000 | y_low=0.000000 | y_up=0.000000 | total_real=1.000000
cliente 02 | lambda=1.000000 | slack=0.000000 | y_low=0.000000 | y_up=0.000000 | total_real=1.000000
cliente 03 | lambda=1.000000 | slack=0.000000 | y_low=0.000000 | y_up=0.000000 | total_real=1.000000
cliente 04 | lambda=1.000000 | slack=0.000000 | y_low=0.000000 | y_up=0.000000 | total_real=1.000000
cliente 05 | lambda=1.000000 | slack=0.000000 | y_low=0.000000 | y_up=0.000000 | total_real=1.000000
cliente 06 | lambda=1.000000 | slack=0.000000 | y_low=0.000000 | y_up=0.000000 | total_real=1.000000
cliente 07 | lambda=1.000000 | slack=0.000000 | y_low=0.000000 | y_up=0.000000 | total_real=1.000000
cliente 08 | lambda=1.000000 | slack=0.000000 | y_low=0.000000 | y_up=0.000000 | total_real=1.000000
cliente 09 | lambda=1.000000 | slack=0.000000 | y_low=0.000000 | y_up=0.000000 | total_real=1.000000
cliente 10 | lambda=1.000000 | slack=0.000000 | y_low=0.000000 | y_up=0.000000 | total_real=1.000000
cliente 11 | lambda=1.000000 | slack=0.000000 | y_low=0.000000 | y_up=0.000000 | total_real=1.000000
cliente 12 | lambda=1.000000 | slack=0.000000 | y_low=0.000000 | y_up=0.000000 | total_real=1.000000
cliente 13 | lambda=1.000000 | slack=0.000000 | y_low=0.000000 | y_up=0.000000 | total_real=1.000000
cliente 14 | lambda=1.000000 | slack=0.000000 | y_low=0.000000 | y_up=0.000000 | total_real=1.000000


================ DUAIS DO MESTRE ================

PI (clientes):
  pi[1] =  9.059166
  pi[2] =  2.063300
  pi[3] =  1.231816
  pi[4] =  13.504795
  pi[5] =  3.019172
  pi[6] =  2.179315
  pi[7] =  13.150860
  pi[8] =  0.651484
  pi[9] =  9.926451
  pi[10] =  12.105766
  pi[11] =  9.778396
  pi[12] = -0.009690
  pi[13] =  15.383821
  pi[14] =  16.744900

SIGMA (veículos):
  sigma[0] = -0.000000
  sigma[1] = -0.000000

MU (arcos):
  sem duais de arco
=================================================

 [ETSAB] gamma_pi = 10.000000
[ORDEM PRICING] iter=35 | veiculos=[0, 1]
TESTA ALLBEST_SILVA
[PRICING MULTI] origem=ALLBEST_SILVA | k=0 | geradas=0 | novas_pool=0 | duplicadas_pool=0 | completa=False
TESTA BID_SILVA_CPP
[PRICING MULTI] origem=BID_SILVA_CPP | k=0 | geradas=16 | novas_pool=16 | duplicadas_pool=0 | completa=False
[SILVA PRICING]
k=0
ALLBEST=0
BID_CPP=16
PD_CPP=0
pd_completa=None
pd_timeout=None
labels_pd=None
nivel_pd=None
melhor_rc=-1.5233000836743749
origem=BID_SILVA_CPP
certifica_k=False
TESTA ALLBEST_SILVA
[PRICING MULTI] origem=ALLBEST_SILVA | k=1 | geradas=0 | novas_pool=0 | duplicadas_pool=0 | completa=False
TESTA BID_SILVA_CPP
[PRICING MULTI] origem=BID_SILVA_CPP | k=1 | geradas=20 | novas_pool=20 | duplicadas_pool=0 | completa=False
[SILVA PRICING]
k=1
ALLBEST=0
BID_CPP=20
PD_CPP=0
pd_completa=None
pd_timeout=None
labels_pd=None
nivel_pd=None
melhor_rc=-8.978951567516859
origem=BID_SILVA_CPP
certifica_k=False
[SILVA CERT] todos_k_certificados=False
[SELECAO MULTI] iter=35 | selecionadas=4 | por_veiculo={0: 2, 1: 2}
GAMMA PI 10.0
GAMMA PI atualizado 10.0
Tempo total nessa geracao : 0.2s
Tempo total no NO: 12.5s
TAMANHO NOVAS COL 4

--- Nova Coluna ---
Veículo: 0
Sequência: [0, 1, 9, 10, 5, 7, 4, 2, 14, 11, 15]
Custo: 87.83
Custo Reduzido: -1.523300
Clientes atendidos: [1, 2, 4, 5, 7, 9, 10, 11, 14]
TAMANHO NOVAS COL 4

--- Nova Coluna ---
Veículo: 1
Sequência: [0, 10, 9, 1, 4, 2, 7, 5, 13, 14, 11, 15]
Custo: 95.76
Custo Reduzido: -8.978952
Clientes atendidos: [1, 2, 4, 5, 7, 9, 10, 11, 13, 14]
TAMANHO NOVAS COL 4

--- Nova Coluna ---
Veículo: 0
Sequência: [0, 1, 9, 10, 5, 7, 4, 2, 11, 14, 15]
Custo: 87.83
Custo Reduzido: -1.523300
Clientes atendidos: [1, 2, 4, 5, 7, 9, 10, 11, 14]
TAMANHO NOVAS COL 4

--- Nova Coluna ---
Veículo: 1
Sequência: [0, 10, 9, 1, 2, 4, 7, 5, 13, 14, 11, 15]
Custo: 95.76
Custo Reduzido: -8.978952
Clientes atendidos: [1, 2, 4, 5, 7, 9, 10, 11, 13, 14]

Nao adicionou no k 1
[COPIA REJEITADA] origem_k=1 | destino_k=0 | motivo=viabilidade | seq=[0, 10, 9, 1, 4, 2, 7, 5, 13, 14, 11, 15]
Nao adicionou no k 1
[COPIA REJEITADA] origem_k=1 | destino_k=0 | motivo=viabilidade | seq=[0, 10, 9, 1, 2, 4, 7, 5, 13, 14, 11, 15]
[COLUNAS ITER] novas=4 | duplicadas=0 | por_veiculo={0: 2, 1: 2}
[Nó 0] Iter 35 - Obj = 108.7073  Colunas = 129 inst= C:\Users\PolyanaSilva\Documents\BP_VRPTW\instancias\Petro_instancias\14n-2k-6c-008r_ML_silva2024.json
[Nó 0] inst= C:\Users\PolyanaSilva\Documents\BP_VRPTW\instancias\Petro_instancias\14n-2k-6c-008r_ML_silva2024.json Colunas ativas na iteração 35: 
   veic=0 | col=1 | lambda=0.714286 | custo=0.0000 | rota=[0, 15]
   veic=0 | col=2 | lambda=0.142857 | custo=95.2848 | rota=[0, 10, 8, 9, 2, 3, 1, 5, 7, 6, 14, 11, 13, 12, 15]
   veic=0 | col=28 | lambda=0.142857 | custo=95.6387 | rota=[0, 1, 10, 8, 9, 2, 4, 3, 6, 5, 14, 13, 11, 12, 15]
   veic=1 | col=1 | lambda=0.142857 | custo=0.0000 | rota=[0, 15]
   veic=1 | col=3 | lambda=0.142857 | custo=92.0447 | rota=[0, 1, 4, 2, 3, 5, 8, 9, 10, 6, 7, 13, 11, 12, 15]
   veic=1 | col=7 | lambda=0.142857 | custo=96.6838 | rota=[0, 5, 1, 8, 9, 4, 2, 3, 7, 6, 13, 11, 12, 14, 15]
   veic=1 | col=11 | lambda=0.142857 | custo=93.4057 | rota=[0, 8, 10, 9, 1, 5, 2, 4, 3, 6, 7, 11, 12, 14, 15]
   veic=1 | col=13 | lambda=0.142857 | custo=95.9920 | rota=[0, 8, 10, 9, 1, 2, 4, 3, 7, 6, 14, 12, 13, 15]
   veic=1 | col=31 | lambda=0.071429 | custo=96.6838 | rota=[0, 4, 2, 3, 7, 1, 8, 10, 5, 11, 14, 12, 13, 15]
   veic=1 | col=43 | lambda=0.071429 | custo=95.7838 | rota=[0, 10, 9, 7, 6, 4, 5, 13, 11, 14, 12, 15]
   veic=1 | col=46 | lambda=0.071429 | custo=95.5777 | rota=[0, 7, 6, 5, 10, 8, 3, 4, 14, 13, 11, 15]
   veic=1 | col=66 | lambda=0.071429 | custo=95.7577 | rota=[0, 10, 9, 1, 4, 2, 7, 5, 13, 14, 11, 15]
Diff FO-  Sem melhora 0 
   valor recomposto = 108.707295

   valor recomposto = 108.707295

--- COBERTURA POR CLIENTE ---
cliente 01 | lambda=1.000000 | slack=0.000000 | y_low=0.000000 | y_up=0.000000 | total_real=1.000000
cliente 02 | lambda=1.000000 | slack=0.000000 | y_low=0.000000 | y_up=0.000000 | total_real=1.000000
cliente 03 | lambda=1.000000 | slack=0.000000 | y_low=0.000000 | y_up=0.000000 | total_real=1.000000
cliente 04 | lambda=1.000000 | slack=0.000000 | y_low=0.000000 | y_up=0.000000 | total_real=1.000000
cliente 05 | lambda=1.000000 | slack=0.000000 | y_low=0.000000 | y_up=0.000000 | total_real=1.000000
cliente 06 | lambda=1.000000 | slack=0.000000 | y_low=0.000000 | y_up=0.000000 | total_real=1.000000
cliente 07 | lambda=1.000000 | slack=0.000000 | y_low=0.000000 | y_up=0.000000 | total_real=1.000000
cliente 08 | lambda=1.000000 | slack=0.000000 | y_low=0.000000 | y_up=0.000000 | total_real=1.000000
cliente 09 | lambda=1.000000 | slack=0.000000 | y_low=0.000000 | y_up=0.000000 | total_real=1.000000
cliente 10 | lambda=1.000000 | slack=0.000000 | y_low=0.000000 | y_up=0.000000 | total_real=1.000000
cliente 11 | lambda=1.000000 | slack=0.000000 | y_low=0.000000 | y_up=0.000000 | total_real=1.000000
cliente 12 | lambda=1.000000 | slack=0.000000 | y_low=0.000000 | y_up=0.000000 | total_real=1.000000
cliente 13 | lambda=1.000000 | slack=0.000000 | y_low=0.000000 | y_up=0.000000 | total_real=1.000000
cliente 14 | lambda=1.000000 | slack=0.000000 | y_low=0.000000 | y_up=0.000000 | total_real=1.000000


================ DUAIS DO MESTRE ================

PI (clientes):
  pi[1] =  3.813514
  pi[2] =  4.644997
  pi[3] =  3.813514
  pi[4] =  13.422538
  pi[5] =  11.915866
  pi[6] =  7.918511
  pi[7] =  13.068602
  pi[8] =  0.651484
  pi[9] =  4.104997
  pi[10] =  12.023509
  pi[11] =  0.799444
  pi[12] =  0.566111
  pi[13] =  15.301564
  pi[14] =  16.662643

SIGMA (veículos):
  sigma[0] = -0.000000
  sigma[1] = -0.000000

MU (arcos):
  sem duais de arco
=================================================

 [ETSAB] gamma_pi = 10.000000
[ORDEM PRICING] iter=36 | veiculos=[0, 1]
TESTA ALLBEST_SILVA
[PRICING MULTI] origem=ALLBEST_SILVA | k=0 | geradas=1 | novas_pool=1 | duplicadas_pool=0 | completa=False
[SILVA PRICING]
k=0
ALLBEST=1
BID_CPP=0
PD_CPP=0
pd_completa=None
pd_timeout=None
labels_pd=None
nivel_pd=None
melhor_rc=-0.8713994181062894
origem=ALLBEST_SILVA
certifica_k=False
TESTA ALLBEST_SILVA
[PRICING MULTI] origem=ALLBEST_SILVA | k=1 | geradas=0 | novas_pool=0 | duplicadas_pool=0 | completa=False
TESTA BID_SILVA_CPP
[PRICING MULTI] origem=BID_SILVA_CPP | k=1 | geradas=20 | novas_pool=20 | duplicadas_pool=0 | completa=False
[SILVA PRICING]
k=1
ALLBEST=0
BID_CPP=20
PD_CPP=0
pd_completa=None
pd_timeout=None
labels_pd=None
nivel_pd=None
melhor_rc=-4.10499746970814
origem=BID_SILVA_CPP
certifica_k=False
[SILVA CERT] todos_k_certificados=False
[SELECAO MULTI] iter=36 | selecionadas=3 | por_veiculo={0: 1, 1: 2}
GAMMA PI 10.0
GAMMA PI atualizado 10.0
Tempo total nessa geracao : 0.2s
Tempo total no NO: 12.7s
TAMANHO NOVAS COL 3

--- Nova Coluna ---
Veículo: 0
Sequência: [0, 10, 8, 9, 1, 6, 7, 2, 3, 5, 13, 14, 11, 12, 15]
Custo: 94.41
Custo Reduzido: -0.871399
Clientes atendidos: [1, 2, 3, 5, 6, 7, 8, 9, 10, 11, 12, 13, 14]
TAMANHO NOVAS COL 3

--- Nova Coluna ---
Veículo: 1
Sequência: [0, 9, 10, 5, 7, 6, 4, 2, 13, 14, 12, 15]
Custo: 95.52
Custo Reduzido: -4.104997
Clientes atendidos: [2, 4, 5, 6, 7, 9, 10, 12, 13, 14]
TAMANHO NOVAS COL 3

--- Nova Coluna ---
Veículo: 1
Sequência: [0, 10, 9, 5, 7, 6, 4, 2, 13, 14, 12, 15]
Custo: 95.52
Custo Reduzido: -4.104997
Clientes atendidos: [2, 4, 5, 6, 7, 9, 10, 12, 13, 14]

Nao adicionou no k 1
[COPIA REJEITADA] origem_k=1 | destino_k=0 | motivo=viabilidade | seq=[0, 9, 10, 5, 7, 6, 4, 2, 13, 14, 12, 15]
[COPIA REJEITADA] origem_k=1 | destino_k=0 | motivo=viabilidade | seq=[0, 10, 9, 5, 7, 6, 4, 2, 13, 14, 12, 15]
[COLUNAS ITER] novas=3 | duplicadas=0 | por_veiculo={0: 1, 1: 2}
[Nó 0] Rodando MIP periódico após 11 novas colunas realmente adicionadas...
[Nó 0] MIP periódico encontrou solução inteira válida. FO=181.917133
[Nó 0] Iter 36 - Obj = 108.5828  Colunas = 132 inst= C:\Users\PolyanaSilva\Documents\BP_VRPTW\instancias\Petro_instancias\14n-2k-6c-008r_ML_silva2024.json
[Nó 0] inst= C:\Users\PolyanaSilva\Documents\BP_VRPTW\instancias\Petro_instancias\14n-2k-6c-008r_ML_silva2024.json Colunas ativas na iteração 36: 
   veic=0 | col=1 | lambda=0.714286 | custo=0.0000 | rota=[0, 15]
   veic=0 | col=28 | lambda=0.142857 | custo=95.6387 | rota=[0, 1, 10, 8, 9, 2, 4, 3, 6, 5, 14, 13, 11, 12, 15]
   veic=0 | col=61 | lambda=0.142857 | custo=94.4134 | rota=[0, 10, 8, 9, 1, 6, 7, 2, 3, 5, 13, 14, 11, 12, 15]
   veic=1 | col=1 | lambda=0.142857 | custo=0.0000 | rota=[0, 15]
   veic=1 | col=3 | lambda=0.142857 | custo=92.0447 | rota=[0, 1, 4, 2, 3, 5, 8, 9, 10, 6, 7, 13, 11, 12, 15]
   veic=1 | col=7 | lambda=0.142857 | custo=96.6838 | rota=[0, 5, 1, 8, 9, 4, 2, 3, 7, 6, 13, 11, 12, 14, 15]
   veic=1 | col=11 | lambda=0.142857 | custo=93.4057 | rota=[0, 8, 10, 9, 1, 5, 2, 4, 3, 6, 7, 11, 12, 14, 15]
   veic=1 | col=13 | lambda=0.142857 | custo=95.9920 | rota=[0, 8, 10, 9, 1, 2, 4, 3, 7, 6, 14, 12, 13, 15]
   veic=1 | col=31 | lambda=0.071429 | custo=96.6838 | rota=[0, 4, 2, 3, 7, 1, 8, 10, 5, 11, 14, 12, 13, 15]
   veic=1 | col=43 | lambda=0.071429 | custo=95.7838 | rota=[0, 10, 9, 7, 6, 4, 5, 13, 11, 14, 12, 15]
   veic=1 | col=46 | lambda=0.071429 | custo=95.5777 | rota=[0, 7, 6, 5, 10, 8, 3, 4, 14, 13, 11, 15]
   veic=1 | col=66 | lambda=0.071429 | custo=95.7577 | rota=[0, 10, 9, 1, 4, 2, 7, 5, 13, 14, 11, 15]
Diff FO-  Sem melhora 0 
   valor recomposto = 108.582809

   valor recomposto = 108.582809

--- COBERTURA POR CLIENTE ---
cliente 01 | lambda=1.000000 | slack=0.000000 | y_low=0.000000 | y_up=0.000000 | total_real=1.000000
cliente 02 | lambda=1.000000 | slack=0.000000 | y_low=0.000000 | y_up=0.000000 | total_real=1.000000
cliente 03 | lambda=1.000000 | slack=0.000000 | y_low=0.000000 | y_up=0.000000 | total_real=1.000000
cliente 04 | lambda=1.000000 | slack=0.000000 | y_low=0.000000 | y_up=0.000000 | total_real=1.000000
cliente 05 | lambda=1.000000 | slack=0.000000 | y_low=0.000000 | y_up=0.000000 | total_real=1.000000
cliente 06 | lambda=1.000000 | slack=0.000000 | y_low=0.000000 | y_up=0.000000 | total_real=1.000000
cliente 07 | lambda=1.000000 | slack=0.000000 | y_low=0.000000 | y_up=0.000000 | total_real=1.000000
cliente 08 | lambda=1.000000 | slack=0.000000 | y_low=0.000000 | y_up=0.000000 | total_real=1.000000
cliente 09 | lambda=1.000000 | slack=0.000000 | y_low=0.000000 | y_up=0.000000 | total_real=1.000000
cliente 10 | lambda=1.000000 | slack=0.000000 | y_low=0.000000 | y_up=0.000000 | total_real=1.000000
cliente 11 | lambda=1.000000 | slack=0.000000 | y_low=0.000000 | y_up=0.000000 | total_real=1.000000
cliente 12 | lambda=1.000000 | slack=0.000000 | y_low=0.000000 | y_up=0.000000 | total_real=1.000000
cliente 13 | lambda=1.000000 | slack=0.000000 | y_low=0.000000 | y_up=0.000000 | total_real=1.000000
cliente 14 | lambda=1.000000 | slack=0.000000 | y_low=0.000000 | y_up=0.000000 | total_real=1.000000


================ DUAIS DO MESTRE ================

PI (clientes):
  pi[1] =  2.756143
  pi[2] =  3.587627
  pi[3] =  2.756143
  pi[4] =  14.169452
  pi[5] =  8.743754
  pi[6] =  5.803769
  pi[7] =  12.944117
  pi[8] =  3.699111
  pi[9] =  6.095253
  pi[10] =  11.899023
  pi[11] =  3.847071
  pi[12] =  0.566111
  pi[13] =  15.177078
  pi[14] =  16.538158

SIGMA (veículos):
  sigma[0] = -0.000000
  sigma[1] = -0.000000

MU (arcos):
  sem duais de arco
=================================================

 [ETSAB] gamma_pi = 10.000000
[ORDEM PRICING] iter=37 | veiculos=[0, 1]
TESTA ALLBEST_SILVA
[PRICING MULTI] origem=ALLBEST_SILVA | k=0 | geradas=0 | novas_pool=0 | duplicadas_pool=0 | completa=False
TESTA BID_SILVA_CPP
[PRICING MULTI] origem=BID_SILVA_CPP | k=0 | geradas=0 | novas_pool=0 | duplicadas_pool=0 | completa=False
TESTA PD_SILVA_CPP
[PRICING MULTI] origem=PD_SILVA_CPP | k=0 | geradas=0 | novas_pool=0 | duplicadas_pool=0 | completa=False | timeout=False
[SILVA PRICING]
k=0
ALLBEST=0
BID_CPP=0
PD_CPP=0
pd_completa=False
pd_timeout=False
labels_pd=3000000
nivel_pd=8
melhor_rc=None
origem=None
certifica_k=False
TESTA ALLBEST_SILVA
[PRICING MULTI] origem=ALLBEST_SILVA | k=1 | geradas=0 | novas_pool=0 | duplicadas_pool=0 | completa=False
TESTA BID_SILVA_CPP
[PRICING MULTI] origem=BID_SILVA_CPP | k=1 | geradas=20 | novas_pool=20 | duplicadas_pool=0 | completa=False
[SILVA PRICING]
k=1
ALLBEST=0
BID_CPP=20
PD_CPP=0
pd_completa=None
pd_timeout=None
labels_pd=None
nivel_pd=None
melhor_rc=-6.386737285932014
origem=BID_SILVA_CPP
certifica_k=False
[SILVA CERT] todos_k_certificados=False
[SELECAO MULTI] iter=37 | selecionadas=2 | por_veiculo={1: 2}
GAMMA PI 10.0
GAMMA PI atualizado 10.0
Tempo total nessa geracao : 1.3s
Tempo total no NO: 14.1s
TAMANHO NOVAS COL 2

--- Nova Coluna ---
Veículo: 1
Sequência: [0, 10, 8, 9, 5, 7, 6, 4, 2, 13, 14, 11, 15]
Custo: 96.12
Custo Reduzido: -6.386737
Clientes atendidos: [2, 4, 5, 6, 7, 8, 9, 10, 11, 13, 14]
TAMANHO NOVAS COL 2

--- Nova Coluna ---
Veículo: 1
Sequência: [0, 8, 9, 10, 5, 7, 6, 4, 2, 13, 14, 15]
Custo: 95.32
Custo Reduzido: -3.339111
Clientes atendidos: [2, 4, 5, 6, 7, 8, 9, 10, 13, 14]

[COPIA REJEITADA] origem_k=1 | destino_k=0 | motivo=viabilidade | seq=[0, 10, 8, 9, 5, 7, 6, 4, 2, 13, 14, 11, 15]
[COPIA REJEITADA] origem_k=1 | destino_k=0 | motivo=viabilidade | seq=[0, 8, 9, 10, 5, 7, 6, 4, 2, 13, 14, 15]
[COLUNAS ITER] novas=2 | duplicadas=0 | por_veiculo={0: 0, 1: 2}
[Nó 0] Iter 37 - Obj = 108.5828  Colunas = 134 inst= C:\Users\PolyanaSilva\Documents\BP_VRPTW\instancias\Petro_instancias\14n-2k-6c-008r_ML_silva2024.json
[Nó 0] inst= C:\Users\PolyanaSilva\Documents\BP_VRPTW\instancias\Petro_instancias\14n-2k-6c-008r_ML_silva2024.json Colunas ativas na iteração 37: 
   veic=0 | col=1 | lambda=0.714286 | custo=0.0000 | rota=[0, 15]
   veic=0 | col=28 | lambda=0.142857 | custo=95.6387 | rota=[0, 1, 10, 8, 9, 2, 4, 3, 6, 5, 14, 13, 11, 12, 15]
   veic=0 | col=61 | lambda=0.142857 | custo=94.4134 | rota=[0, 10, 8, 9, 1, 6, 7, 2, 3, 5, 13, 14, 11, 12, 15]
   veic=1 | col=1 | lambda=0.142857 | custo=0.0000 | rota=[0, 15]
   veic=1 | col=3 | lambda=0.142857 | custo=92.0447 | rota=[0, 1, 4, 2, 3, 5, 8, 9, 10, 6, 7, 13, 11, 12, 15]
   veic=1 | col=7 | lambda=0.142857 | custo=96.6838 | rota=[0, 5, 1, 8, 9, 4, 2, 3, 7, 6, 13, 11, 12, 14, 15]
   veic=1 | col=11 | lambda=0.142857 | custo=93.4057 | rota=[0, 8, 10, 9, 1, 5, 2, 4, 3, 6, 7, 11, 12, 14, 15]
   veic=1 | col=13 | lambda=0.142857 | custo=95.9920 | rota=[0, 8, 10, 9, 1, 2, 4, 3, 7, 6, 14, 12, 13, 15]
   veic=1 | col=31 | lambda=0.071429 | custo=96.6838 | rota=[0, 4, 2, 3, 7, 1, 8, 10, 5, 11, 14, 12, 13, 15]
   veic=1 | col=43 | lambda=0.071429 | custo=95.7838 | rota=[0, 10, 9, 7, 6, 4, 5, 13, 11, 14, 12, 15]
   veic=1 | col=46 | lambda=0.071429 | custo=95.5777 | rota=[0, 7, 6, 5, 10, 8, 3, 4, 14, 13, 11, 15]
   veic=1 | col=66 | lambda=0.071429 | custo=95.7577 | rota=[0, 10, 9, 1, 4, 2, 7, 5, 13, 14, 11, 15]
MESMA FO-  Sem melhora 1 Recom 108.58280922394333 Ultmf 108.58280922394331  VALOR SUB 1.4210854715202004e-14
   valor recomposto = 108.582809

   valor recomposto = 108.582809

--- COBERTURA POR CLIENTE ---
cliente 01 | lambda=1.000000 | slack=0.000000 | y_low=0.000000 | y_up=0.000000 | total_real=1.000000
cliente 02 | lambda=1.000000 | slack=0.000000 | y_low=0.000000 | y_up=0.000000 | total_real=1.000000
cliente 03 | lambda=1.000000 | slack=0.000000 | y_low=0.000000 | y_up=0.000000 | total_real=1.000000
cliente 04 | lambda=1.000000 | slack=0.000000 | y_low=0.000000 | y_up=0.000000 | total_real=1.000000
cliente 05 | lambda=1.000000 | slack=0.000000 | y_low=0.000000 | y_up=0.000000 | total_real=1.000000
cliente 06 | lambda=1.000000 | slack=0.000000 | y_low=0.000000 | y_up=0.000000 | total_real=1.000000
cliente 07 | lambda=1.000000 | slack=0.000000 | y_low=0.000000 | y_up=0.000000 | total_real=1.000000
cliente 08 | lambda=1.000000 | slack=0.000000 | y_low=0.000000 | y_up=0.000000 | total_real=1.000000
cliente 09 | lambda=1.000000 | slack=0.000000 | y_low=0.000000 | y_up=0.000000 | total_real=1.000000
cliente 10 | lambda=1.000000 | slack=0.000000 | y_low=0.000000 | y_up=0.000000 | total_real=1.000000
cliente 11 | lambda=1.000000 | slack=0.000000 | y_low=0.000000 | y_up=0.000000 | total_real=1.000000
cliente 12 | lambda=1.000000 | slack=0.000000 | y_low=0.000000 | y_up=0.000000 | total_real=1.000000
cliente 13 | lambda=1.000000 | slack=0.000000 | y_low=0.000000 | y_up=0.000000 | total_real=1.000000
cliente 14 | lambda=1.000000 | slack=0.000000 | y_low=0.000000 | y_up=0.000000 | total_real=1.000000


================ DUAIS DO MESTRE ================

PI (clientes):
  pi[1] =  5.949511
  pi[2] =  2.424323
  pi[3] =  5.949511
  pi[4] =  14.169452
  pi[5] =  9.610515
  pi[6] =  7.833834
  pi[7] =  12.944117
  pi[8] = -1.524323
  pi[9] =  4.065188
  pi[10] =  11.899023
  pi[11] =  2.980310
  pi[12] =  0.566111
  pi[13] =  15.177078
  pi[14] =  16.538158

SIGMA (veículos):
  sigma[0] = -0.000000
  sigma[1] = -0.000000

MU (arcos):
  sem duais de arco
=================================================

 [ETSAB] gamma_pi = 10.000000
[ORDEM PRICING] iter=38 | veiculos=[0, 1]
TESTA ALLBEST_SILVA
[PRICING MULTI] origem=ALLBEST_SILVA | k=0 | geradas=0 | novas_pool=0 | duplicadas_pool=0 | completa=False
TESTA BID_SILVA_CPP
[PRICING MULTI] origem=BID_SILVA_CPP | k=0 | geradas=0 | novas_pool=0 | duplicadas_pool=0 | completa=False
TESTA PD_SILVA_CPP
[PRICING MULTI] origem=PD_SILVA_CPP | k=0 | geradas=0 | novas_pool=0 | duplicadas_pool=0 | completa=False | timeout=False
[SILVA PRICING]
k=0
ALLBEST=0
BID_CPP=0
PD_CPP=0
pd_completa=False
pd_timeout=False
labels_pd=3000000
nivel_pd=8
melhor_rc=None
origem=None
certifica_k=False
TESTA ALLBEST_SILVA
[PRICING MULTI] origem=ALLBEST_SILVA | k=1 | geradas=0 | novas_pool=0 | duplicadas_pool=0 | completa=False
TESTA BID_SILVA_CPP
[PRICING MULTI] origem=BID_SILVA_CPP | k=1 | geradas=20 | novas_pool=20 | duplicadas_pool=0 | completa=False
[SILVA PRICING]
k=1
ALLBEST=0
BID_CPP=20
PD_CPP=0
pd_completa=None
pd_timeout=None
labels_pd=None
nivel_pd=None
melhor_rc=-5.652969119650933
origem=BID_SILVA_CPP
certifica_k=False
[SILVA CERT] todos_k_certificados=False
[SELECAO MULTI] iter=38 | selecionadas=2 | por_veiculo={1: 2}
GAMMA PI 10.0
GAMMA PI atualizado 10.0
Tempo total nessa geracao : 1.4s
Tempo total no NO: 15.4s
TAMANHO NOVAS COL 2

--- Nova Coluna ---
Veículo: 1
Sequência: [0, 1, 10, 5, 3, 4, 7, 6, 13, 14, 15]
Custo: 94.42
Custo Reduzido: -5.652969
Clientes atendidos: [1, 3, 4, 5, 6, 7, 10, 13, 14]
TAMANHO NOVAS COL 2

--- Nova Coluna ---
Veículo: 1
Sequência: [0, 1, 10, 5, 7, 6, 4, 3, 13, 14, 15]
Custo: 94.42
Custo Reduzido: -5.652969
Clientes atendidos: [1, 3, 4, 5, 6, 7, 10, 13, 14]

[COPIA REJEITADA] origem_k=1 | destino_k=0 | motivo=viabilidade | seq=[0, 1, 10, 5, 3, 4, 7, 6, 13, 14, 15]
[COPIA REJEITADA] origem_k=1 | destino_k=0 | motivo=viabilidade | seq=[0, 1, 10, 5, 7, 6, 4, 3, 13, 14, 15]
[COLUNAS ITER] novas=2 | duplicadas=0 | por_veiculo={0: 0, 1: 2}
[Nó 0] Iter 38 - Obj = 108.5828  Colunas = 136 inst= C:\Users\PolyanaSilva\Documents\BP_VRPTW\instancias\Petro_instancias\14n-2k-6c-008r_ML_silva2024.json
[Nó 0] inst= C:\Users\PolyanaSilva\Documents\BP_VRPTW\instancias\Petro_instancias\14n-2k-6c-008r_ML_silva2024.json Colunas ativas na iteração 38: 
   veic=0 | col=1 | lambda=0.714286 | custo=0.0000 | rota=[0, 15]
   veic=0 | col=28 | lambda=0.142857 | custo=95.6387 | rota=[0, 1, 10, 8, 9, 2, 4, 3, 6, 5, 14, 13, 11, 12, 15]
   veic=0 | col=61 | lambda=0.142857 | custo=94.4134 | rota=[0, 10, 8, 9, 1, 6, 7, 2, 3, 5, 13, 14, 11, 12, 15]
   veic=1 | col=1 | lambda=0.142857 | custo=0.0000 | rota=[0, 15]
   veic=1 | col=3 | lambda=0.142857 | custo=92.0447 | rota=[0, 1, 4, 2, 3, 5, 8, 9, 10, 6, 7, 13, 11, 12, 15]
   veic=1 | col=7 | lambda=0.142857 | custo=96.6838 | rota=[0, 5, 1, 8, 9, 4, 2, 3, 7, 6, 13, 11, 12, 14, 15]
   veic=1 | col=11 | lambda=0.142857 | custo=93.4057 | rota=[0, 8, 10, 9, 1, 5, 2, 4, 3, 6, 7, 11, 12, 14, 15]
   veic=1 | col=13 | lambda=0.142857 | custo=95.9920 | rota=[0, 8, 10, 9, 1, 2, 4, 3, 7, 6, 14, 12, 13, 15]
   veic=1 | col=31 | lambda=0.071429 | custo=96.6838 | rota=[0, 4, 2, 3, 7, 1, 8, 10, 5, 11, 14, 12, 13, 15]
   veic=1 | col=43 | lambda=0.071429 | custo=95.7838 | rota=[0, 10, 9, 7, 6, 4, 5, 13, 11, 14, 12, 15]
   veic=1 | col=46 | lambda=0.071429 | custo=95.5777 | rota=[0, 7, 6, 5, 10, 8, 3, 4, 14, 13, 11, 15]
   veic=1 | col=66 | lambda=0.071429 | custo=95.7577 | rota=[0, 10, 9, 1, 4, 2, 7, 5, 13, 14, 11, 15]
MESMA FO-  Sem melhora 2 Recom 108.58280922394329 Ultmf 108.58280922394331  VALOR SUB -2.842170943040401e-14
   valor recomposto = 108.582809

   valor recomposto = 108.582809

--- COBERTURA POR CLIENTE ---
cliente 01 | lambda=1.000000 | slack=0.000000 | y_low=0.000000 | y_up=0.000000 | total_real=1.000000
cliente 02 | lambda=1.000000 | slack=0.000000 | y_low=0.000000 | y_up=0.000000 | total_real=1.000000
cliente 03 | lambda=1.000000 | slack=0.000000 | y_low=0.000000 | y_up=0.000000 | total_real=1.000000
cliente 04 | lambda=1.000000 | slack=0.000000 | y_low=0.000000 | y_up=0.000000 | total_real=1.000000
cliente 05 | lambda=1.000000 | slack=0.000000 | y_low=0.000000 | y_up=0.000000 | total_real=1.000000
cliente 06 | lambda=1.000000 | slack=0.000000 | y_low=0.000000 | y_up=0.000000 | total_real=1.000000
cliente 07 | lambda=1.000000 | slack=0.000000 | y_low=0.000000 | y_up=0.000000 | total_real=1.000000
cliente 08 | lambda=1.000000 | slack=0.000000 | y_low=0.000000 | y_up=0.000000 | total_real=1.000000
cliente 09 | lambda=1.000000 | slack=0.000000 | y_low=0.000000 | y_up=0.000000 | total_real=1.000000
cliente 10 | lambda=1.000000 | slack=0.000000 | y_low=0.000000 | y_up=0.000000 | total_real=1.000000
cliente 11 | lambda=1.000000 | slack=0.000000 | y_low=0.000000 | y_up=0.000000 | total_real=1.000000
cliente 12 | lambda=1.000000 | slack=0.000000 | y_low=0.000000 | y_up=0.000000 | total_real=1.000000
cliente 13 | lambda=1.000000 | slack=0.000000 | y_low=0.000000 | y_up=0.000000 | total_real=1.000000
cliente 14 | lambda=1.000000 | slack=0.000000 | y_low=0.000000 | y_up=0.000000 | total_real=1.000000


================ DUAIS DO MESTRE ================

PI (clientes):
  pi[1] =  4.914191
  pi[2] =  1.230214
  pi[3] =  6.984832
  pi[4] =  14.169452
  pi[5] =  6.186976
  pi[6] =  5.604405
  pi[7] =  12.944117
  pi[8] = -0.330214
  pi[9] =  6.294618
  pi[10] =  11.899023
  pi[11] =  6.403849
  pi[12] =  0.566111
  pi[13] =  15.177078
  pi[14] =  16.538158

SIGMA (veículos):
  sigma[0] = -0.000000
  sigma[1] = -0.000000

MU (arcos):
  sem duais de arco
=================================================

 [ETSAB] gamma_pi = 10.000000
[ORDEM PRICING] iter=39 | veiculos=[0, 1]
TESTA ALLBEST_SILVA
[PRICING MULTI] origem=ALLBEST_SILVA | k=0 | geradas=0 | novas_pool=0 | duplicadas_pool=0 | completa=False
TESTA BID_SILVA_CPP
[PRICING MULTI] origem=BID_SILVA_CPP | k=0 | geradas=0 | novas_pool=0 | duplicadas_pool=0 | completa=False
TESTA PD_SILVA_CPP
[PRICING MULTI] origem=PD_SILVA_CPP | k=0 | geradas=0 | novas_pool=0 | duplicadas_pool=0 | completa=False | timeout=False
[SILVA PRICING]
k=0
ALLBEST=0
BID_CPP=0
PD_CPP=0
pd_completa=False
pd_timeout=False
labels_pd=3000000
nivel_pd=8
melhor_rc=None
origem=None
certifica_k=False
TESTA ALLBEST_SILVA
[PRICING MULTI] origem=ALLBEST_SILVA | k=1 | geradas=0 | novas_pool=0 | duplicadas_pool=0 | completa=False
TESTA BID_SILVA_CPP
[PRICING MULTI] origem=BID_SILVA_CPP | k=1 | geradas=20 | novas_pool=20 | duplicadas_pool=0 | completa=False
[SILVA PRICING]
k=1
ALLBEST=0
BID_CPP=20
PD_CPP=0
pd_completa=None
pd_timeout=None
labels_pd=None
nivel_pd=None
melhor_rc=-1.3804275287894079
origem=BID_SILVA_CPP
certifica_k=False
[SILVA CERT] todos_k_certificados=False
[SELECAO MULTI] iter=39 | selecionadas=2 | por_veiculo={1: 2}
GAMMA PI 10.0
GAMMA PI atualizado 10.0
Tempo total nessa geracao : 1.4s
Tempo total no NO: 16.9s
TAMANHO NOVAS COL 2

--- Nova Coluna ---
Veículo: 1
Sequência: [0, 10, 9, 5, 3, 4, 7, 6, 13, 14, 15]
Custo: 94.42
Custo Reduzido: -1.380428
Clientes atendidos: [3, 4, 5, 6, 7, 9, 10, 13, 14]
TAMANHO NOVAS COL 2

--- Nova Coluna ---
Veículo: 1
Sequência: [0, 9, 10, 5, 3, 4, 7, 6, 13, 14, 15]
Custo: 94.42
Custo Reduzido: -1.380428
Clientes atendidos: [3, 4, 5, 6, 7, 9, 10, 13, 14]

[COPIA REJEITADA] origem_k=1 | destino_k=0 | motivo=viabilidade | seq=[0, 10, 9, 5, 3, 4, 7, 6, 13, 14, 15]
[COPIA REJEITADA] origem_k=1 | destino_k=0 | motivo=viabilidade | seq=[0, 9, 10, 5, 3, 4, 7, 6, 13, 14, 15]
[COLUNAS ITER] novas=2 | duplicadas=0 | por_veiculo={0: 0, 1: 2}
[Nó 0] Iter 39 - Obj = 108.5828  Colunas = 138 inst= C:\Users\PolyanaSilva\Documents\BP_VRPTW\instancias\Petro_instancias\14n-2k-6c-008r_ML_silva2024.json
[Nó 0] inst= C:\Users\PolyanaSilva\Documents\BP_VRPTW\instancias\Petro_instancias\14n-2k-6c-008r_ML_silva2024.json Colunas ativas na iteração 39: 
   veic=0 | col=1 | lambda=0.714286 | custo=0.0000 | rota=[0, 15]
   veic=0 | col=28 | lambda=0.142857 | custo=95.6387 | rota=[0, 1, 10, 8, 9, 2, 4, 3, 6, 5, 14, 13, 11, 12, 15]
   veic=0 | col=61 | lambda=0.142857 | custo=94.4134 | rota=[0, 10, 8, 9, 1, 6, 7, 2, 3, 5, 13, 14, 11, 12, 15]
   veic=1 | col=1 | lambda=0.142857 | custo=0.0000 | rota=[0, 15]
   veic=1 | col=3 | lambda=0.142857 | custo=92.0447 | rota=[0, 1, 4, 2, 3, 5, 8, 9, 10, 6, 7, 13, 11, 12, 15]
   veic=1 | col=7 | lambda=0.142857 | custo=96.6838 | rota=[0, 5, 1, 8, 9, 4, 2, 3, 7, 6, 13, 11, 12, 14, 15]
   veic=1 | col=11 | lambda=0.142857 | custo=93.4057 | rota=[0, 8, 10, 9, 1, 5, 2, 4, 3, 6, 7, 11, 12, 14, 15]
   veic=1 | col=13 | lambda=0.142857 | custo=95.9920 | rota=[0, 8, 10, 9, 1, 2, 4, 3, 7, 6, 14, 12, 13, 15]
   veic=1 | col=31 | lambda=0.071429 | custo=96.6838 | rota=[0, 4, 2, 3, 7, 1, 8, 10, 5, 11, 14, 12, 13, 15]
   veic=1 | col=43 | lambda=0.071429 | custo=95.7838 | rota=[0, 10, 9, 7, 6, 4, 5, 13, 11, 14, 12, 15]
   veic=1 | col=46 | lambda=0.071429 | custo=95.5777 | rota=[0, 7, 6, 5, 10, 8, 3, 4, 14, 13, 11, 15]
   veic=1 | col=66 | lambda=0.071429 | custo=95.7577 | rota=[0, 10, 9, 1, 4, 2, 7, 5, 13, 14, 11, 15]
MESMA FO-  Sem melhora 3 Recom 108.5828092239433 Ultmf 108.58280922394331  VALOR SUB -1.4210854715202004e-14
   valor recomposto = 108.582809

   valor recomposto = 108.582809

--- COBERTURA POR CLIENTE ---
cliente 01 | lambda=1.000000 | slack=0.000000 | y_low=0.000000 | y_up=0.000000 | total_real=1.000000
cliente 02 | lambda=1.000000 | slack=0.000000 | y_low=0.000000 | y_up=0.000000 | total_real=1.000000
cliente 03 | lambda=1.000000 | slack=0.000000 | y_low=0.000000 | y_up=0.000000 | total_real=1.000000
cliente 04 | lambda=1.000000 | slack=0.000000 | y_low=0.000000 | y_up=0.000000 | total_real=1.000000
cliente 05 | lambda=1.000000 | slack=0.000000 | y_low=0.000000 | y_up=0.000000 | total_real=1.000000
cliente 06 | lambda=1.000000 | slack=0.000000 | y_low=0.000000 | y_up=0.000000 | total_real=1.000000
cliente 07 | lambda=1.000000 | slack=0.000000 | y_low=0.000000 | y_up=0.000000 | total_real=1.000000
cliente 08 | lambda=1.000000 | slack=0.000000 | y_low=0.000000 | y_up=0.000000 | total_real=1.000000
cliente 09 | lambda=1.000000 | slack=0.000000 | y_low=0.000000 | y_up=0.000000 | total_real=1.000000
cliente 10 | lambda=1.000000 | slack=0.000000 | y_low=0.000000 | y_up=0.000000 | total_real=1.000000
cliente 11 | lambda=1.000000 | slack=0.000000 | y_low=0.000000 | y_up=0.000000 | total_real=1.000000
cliente 12 | lambda=1.000000 | slack=0.000000 | y_low=0.000000 | y_up=0.000000 | total_real=1.000000
cliente 13 | lambda=1.000000 | slack=0.000000 | y_low=0.000000 | y_up=0.000000 | total_real=1.000000
cliente 14 | lambda=1.000000 | slack=0.000000 | y_low=0.000000 | y_up=0.000000 | total_real=1.000000


================ DUAIS DO MESTRE ================

PI (clientes):
  pi[1] =  5.604405
  pi[2] =  1.230214
  pi[3] =  6.294618
  pi[4] =  14.169452
  pi[5] =  5.496762
  pi[6] =  6.294618
  pi[7] =  12.944117
  pi[8] = -0.330214
  pi[9] =  5.604405
  pi[10] =  11.899023
  pi[11] =  7.094063
  pi[12] =  0.566111
  pi[13] =  15.177078
  pi[14] =  16.538158

SIGMA (veículos):
  sigma[0] = -0.000000
  sigma[1] = -0.000000

MU (arcos):
  sem duais de arco
=================================================

 [ETSAB] gamma_pi = 10.000000
[ORDEM PRICING] iter=40 | veiculos=[0, 1]
TESTA ALLBEST_SILVA
[PRICING MULTI] origem=ALLBEST_SILVA | k=0 | geradas=0 | novas_pool=0 | duplicadas_pool=0 | completa=False
TESTA BID_SILVA_CPP
[PRICING MULTI] origem=BID_SILVA_CPP | k=0 | geradas=0 | novas_pool=0 | duplicadas_pool=0 | completa=False
TESTA PD_SILVA_CPP
[PRICING MULTI] origem=PD_SILVA_CPP | k=0 | geradas=0 | novas_pool=0 | duplicadas_pool=0 | completa=False | timeout=False
[SILVA PRICING]
k=0
ALLBEST=0
BID_CPP=0
PD_CPP=0
pd_completa=False
pd_timeout=False
labels_pd=3000000
nivel_pd=8
melhor_rc=None
origem=None
certifica_k=False
TESTA ALLBEST_SILVA
[PRICING MULTI] origem=ALLBEST_SILVA | k=1 | geradas=0 | novas_pool=0 | duplicadas_pool=0 | completa=False
TESTA BID_SILVA_CPP
[PRICING MULTI] origem=BID_SILVA_CPP | k=1 | geradas=20 | novas_pool=20 | duplicadas_pool=0 | completa=False
[SILVA PRICING]
k=1
ALLBEST=0
BID_CPP=20
PD_CPP=0
pd_completa=None
pd_timeout=None
labels_pd=None
nivel_pd=None
melhor_rc=-6.402260521644427
origem=BID_SILVA_CPP
certifica_k=False
[SILVA CERT] todos_k_certificados=False
[SELECAO MULTI] iter=40 | selecionadas=2 | por_veiculo={1: 2}
GAMMA PI 10.0
GAMMA PI atualizado 10.0
Tempo total nessa geracao : 1.4s
Tempo total no NO: 18.3s
TAMANHO NOVAS COL 2

--- Nova Coluna ---
Veículo: 1
Sequência: [0, 9, 10, 1, 3, 4, 7, 6, 13, 14, 11, 15]
Custo: 95.22
Custo Reduzido: -6.402261
Clientes atendidos: [1, 3, 4, 6, 7, 9, 10, 11, 13, 14]
TAMANHO NOVAS COL 2

--- Nova Coluna ---
Veículo: 1
Sequência: [0, 10, 9, 1, 3, 4, 7, 6, 13, 14, 11, 15]
Custo: 95.22
Custo Reduzido: -6.402261
Clientes atendidos: [1, 3, 4, 6, 7, 9, 10, 11, 13, 14]

[COPIA REJEITADA] origem_k=1 | destino_k=0 | motivo=viabilidade | seq=[0, 9, 10, 1, 3, 4, 7, 6, 13, 14, 11, 15]
[COPIA REJEITADA] origem_k=1 | destino_k=0 | motivo=viabilidade | seq=[0, 10, 9, 1, 3, 4, 7, 6, 13, 14, 11, 15]
[COLUNAS ITER] novas=2 | duplicadas=0 | por_veiculo={0: 0, 1: 2}
[Nó 0] Iter 40 - Obj = 108.3703  Colunas = 140 inst= C:\Users\PolyanaSilva\Documents\BP_VRPTW\instancias\Petro_instancias\14n-2k-6c-008r_ML_silva2024.json
[Nó 0] inst= C:\Users\PolyanaSilva\Documents\BP_VRPTW\instancias\Petro_instancias\14n-2k-6c-008r_ML_silva2024.json Colunas ativas na iteração 40: 
   veic=0 | col=1 | lambda=0.719298 | custo=0.0000 | rota=[0, 15]
   veic=0 | col=28 | lambda=0.140351 | custo=95.6387 | rota=[0, 1, 10, 8, 9, 2, 4, 3, 6, 5, 14, 13, 11, 12, 15]
   veic=0 | col=61 | lambda=0.140351 | custo=94.4134 | rota=[0, 10, 8, 9, 1, 6, 7, 2, 3, 5, 13, 14, 11, 12, 15]
   veic=1 | col=1 | lambda=0.140351 | custo=0.0000 | rota=[0, 15]
   veic=1 | col=3 | lambda=0.140351 | custo=92.0447 | rota=[0, 1, 4, 2, 3, 5, 8, 9, 10, 6, 7, 13, 11, 12, 15]
   veic=1 | col=7 | lambda=0.140351 | custo=96.6838 | rota=[0, 5, 1, 8, 9, 4, 2, 3, 7, 6, 13, 11, 12, 14, 15]
   veic=1 | col=11 | lambda=0.140351 | custo=93.4057 | rota=[0, 8, 10, 9, 1, 5, 2, 4, 3, 6, 7, 11, 12, 14, 15]
   veic=1 | col=13 | lambda=0.105263 | custo=95.9920 | rota=[0, 8, 10, 9, 1, 2, 4, 3, 7, 6, 14, 12, 13, 15]
   veic=1 | col=31 | lambda=0.122807 | custo=96.6838 | rota=[0, 4, 2, 3, 7, 1, 8, 10, 5, 11, 14, 12, 13, 15]
   veic=1 | col=43 | lambda=0.070175 | custo=95.7838 | rota=[0, 10, 9, 7, 6, 4, 5, 13, 11, 14, 12, 15]
   veic=1 | col=58 | lambda=0.008772 | custo=94.7782 | rota=[0, 1, 8, 10, 9, 5, 7, 4, 3, 13, 14, 15]
   veic=1 | col=66 | lambda=0.008772 | custo=95.7577 | rota=[0, 10, 9, 1, 4, 2, 7, 5, 13, 14, 11, 15]
   veic=1 | col=70 | lambda=0.061404 | custo=96.1177 | rota=[0, 10, 8, 9, 5, 7, 6, 4, 2, 13, 14, 11, 15]
   veic=1 | col=73 | lambda=0.017544 | custo=94.4182 | rota=[0, 1, 10, 5, 7, 6, 4, 3, 13, 14, 15]
   veic=1 | col=74 | lambda=0.008772 | custo=94.4182 | rota=[0, 10, 9, 5, 3, 4, 7, 6, 13, 14, 15]
   veic=1 | col=76 | lambda=0.035088 | custo=95.2177 | rota=[0, 9, 10, 1, 3, 4, 7, 6, 13, 14, 11, 15]
Diff FO-  Sem melhora 0 
   valor recomposto = 108.370278

   valor recomposto = 108.370278

--- COBERTURA POR CLIENTE ---
cliente 01 | lambda=1.000000 | slack=0.000000 | y_low=0.000000 | y_up=0.000000 | total_real=1.000000
cliente 02 | lambda=1.000000 | slack=0.000000 | y_low=0.000000 | y_up=0.000000 | total_real=1.000000
cliente 03 | lambda=1.000000 | slack=0.000000 | y_low=0.000000 | y_up=0.000000 | total_real=1.000000
cliente 04 | lambda=1.000000 | slack=0.000000 | y_low=0.000000 | y_up=0.000000 | total_real=1.000000
cliente 05 | lambda=1.000000 | slack=0.000000 | y_low=0.000000 | y_up=0.000000 | total_real=1.000000
cliente 06 | lambda=1.000000 | slack=0.000000 | y_low=0.000000 | y_up=0.000000 | total_real=1.000000
cliente 07 | lambda=1.000000 | slack=0.000000 | y_low=0.000000 | y_up=0.000000 | total_real=1.000000
cliente 08 | lambda=1.000000 | slack=0.000000 | y_low=0.000000 | y_up=0.000000 | total_real=1.000000
cliente 09 | lambda=1.000000 | slack=0.000000 | y_low=0.000000 | y_up=0.000000 | total_real=1.000000
cliente 10 | lambda=1.000000 | slack=0.000000 | y_low=0.000000 | y_up=0.000000 | total_real=1.000000
cliente 11 | lambda=1.000000 | slack=0.000000 | y_low=0.000000 | y_up=0.000000 | total_real=1.000000
cliente 12 | lambda=1.000000 | slack=0.000000 | y_low=0.000000 | y_up=0.000000 | total_real=1.000000
cliente 13 | lambda=1.000000 | slack=0.000000 | y_low=0.000000 | y_up=0.000000 | total_real=1.000000
cliente 14 | lambda=1.000000 | slack=0.000000 | y_low=0.000000 | y_up=0.000000 | total_real=1.000000


================ DUAIS DO MESTRE ================

PI (clientes):
  pi[1] =  5.843246
  pi[2] =  2.027722
  pi[3] =  4.355524
  pi[4] =  13.956920
  pi[5] =  8.711047
  pi[6] =  5.843246
  pi[7] =  12.731585
  pi[8] =  0.360000
  pi[9] =  5.843246
  pi[10] =  11.686491
  pi[11] =  3.667246
  pi[12] =  2.053833
  pi[13] =  14.964547
  pi[14] =  16.325626

SIGMA (veículos):
  sigma[0] = -0.000000
  sigma[1] = -0.000000

MU (arcos):
  sem duais de arco
=================================================

 [ETSAB] gamma_pi = 10.000000
[ORDEM PRICING] iter=41 | veiculos=[0, 1]
TESTA ALLBEST_SILVA
[PRICING MULTI] origem=ALLBEST_SILVA | k=0 | geradas=0 | novas_pool=0 | duplicadas_pool=0 | completa=False
TESTA BID_SILVA_CPP
[PRICING MULTI] origem=BID_SILVA_CPP | k=0 | geradas=0 | novas_pool=0 | duplicadas_pool=0 | completa=False
TESTA PD_SILVA_CPP
[PRICING MULTI] origem=PD_SILVA_CPP | k=0 | geradas=0 | novas_pool=0 | duplicadas_pool=0 | completa=False | timeout=False
[SILVA PRICING]
k=0
ALLBEST=0
BID_CPP=0
PD_CPP=0
pd_completa=False
pd_timeout=False
labels_pd=3000000
nivel_pd=8
melhor_rc=None
origem=None
certifica_k=False
TESTA ALLBEST_SILVA
[PRICING MULTI] origem=ALLBEST_SILVA | k=1 | geradas=0 | novas_pool=0 | duplicadas_pool=0 | completa=False
TESTA BID_SILVA_CPP
[PRICING MULTI] origem=BID_SILVA_CPP | k=1 | geradas=20 | novas_pool=20 | duplicadas_pool=0 | completa=False
[SILVA PRICING]
k=1
ALLBEST=0
BID_CPP=20
PD_CPP=0
pd_completa=None
pd_timeout=None
labels_pd=None
nivel_pd=None
melhor_rc=-4.041874258973396
origem=BID_SILVA_CPP
certifica_k=False
[SILVA CERT] todos_k_certificados=False
[SELECAO MULTI] iter=41 | selecionadas=2 | por_veiculo={1: 2}
GAMMA PI 10.0
GAMMA PI atualizado 10.0
Tempo total nessa geracao : 1.3s
Tempo total no NO: 19.6s
TAMANHO NOVAS COL 2

--- Nova Coluna ---
Veículo: 1
Sequência: [0, 1, 9, 10, 5, 7, 6, 4, 13, 14, 11, 15]
Custo: 95.53
Custo Reduzido: -4.041874
Clientes atendidos: [1, 4, 5, 6, 7, 9, 10, 11, 13, 14]
TAMANHO NOVAS COL 2

--- Nova Coluna ---
Veículo: 1
Sequência: [0, 1, 10, 9, 5, 7, 6, 4, 13, 14, 11, 15]
Custo: 95.53
Custo Reduzido: -4.041874
Clientes atendidos: [1, 4, 5, 6, 7, 9, 10, 11, 13, 14]
[MIP_LOG] iter=40 | colunas_pool=140 | frequencia=10

[COPIA REJEITADA] origem_k=1 | destino_k=0 | motivo=viabilidade | seq=[0, 1, 9, 10, 5, 7, 6, 4, 13, 14, 11, 15]
[COPIA REJEITADA] origem_k=1 | destino_k=0 | motivo=viabilidade | seq=[0, 1, 10, 9, 5, 7, 6, 4, 13, 14, 11, 15]
[COLUNAS ITER] novas=2 | duplicadas=0 | por_veiculo={0: 0, 1: 2}
[Nó 0] Rodando MIP periódico após 10 novas colunas realmente adicionadas...
[Nó 0] MIP periódico encontrou solução inteira válida. FO=181.917133
[Nó 0] Iter 41 - Obj = 108.2580  Colunas = 142 inst= C:\Users\PolyanaSilva\Documents\BP_VRPTW\instancias\Petro_instancias\14n-2k-6c-008r_ML_silva2024.json
[Nó 0] inst= C:\Users\PolyanaSilva\Documents\BP_VRPTW\instancias\Petro_instancias\14n-2k-6c-008r_ML_silva2024.json Colunas ativas na iteração 41: 
   veic=0 | col=1 | lambda=0.722222 | custo=0.0000 | rota=[0, 15]
   veic=0 | col=28 | lambda=0.138889 | custo=95.6387 | rota=[0, 1, 10, 8, 9, 2, 4, 3, 6, 5, 14, 13, 11, 12, 15]
   veic=0 | col=61 | lambda=0.138889 | custo=94.4134 | rota=[0, 10, 8, 9, 1, 6, 7, 2, 3, 5, 13, 14, 11, 12, 15]
   veic=1 | col=1 | lambda=0.138889 | custo=0.0000 | rota=[0, 15]
   veic=1 | col=3 | lambda=0.138889 | custo=92.0447 | rota=[0, 1, 4, 2, 3, 5, 8, 9, 10, 6, 7, 13, 11, 12, 15]
   veic=1 | col=7 | lambda=0.138889 | custo=96.6838 | rota=[0, 5, 1, 8, 9, 4, 2, 3, 7, 6, 13, 11, 12, 14, 15]
   veic=1 | col=11 | lambda=0.138889 | custo=93.4057 | rota=[0, 8, 10, 9, 1, 5, 2, 4, 3, 6, 7, 11, 12, 14, 15]
   veic=1 | col=13 | lambda=0.111111 | custo=95.9920 | rota=[0, 8, 10, 9, 1, 2, 4, 3, 7, 6, 14, 12, 13, 15]
   veic=1 | col=31 | lambda=0.138889 | custo=96.6838 | rota=[0, 4, 2, 3, 7, 1, 8, 10, 5, 11, 14, 12, 13, 15]
   veic=1 | col=43 | lambda=0.055556 | custo=95.7838 | rota=[0, 10, 9, 7, 6, 4, 5, 13, 11, 14, 12, 15]
   veic=1 | col=70 | lambda=0.055556 | custo=96.1177 | rota=[0, 10, 8, 9, 5, 7, 6, 4, 2, 13, 14, 11, 15]
   veic=1 | col=74 | lambda=0.027778 | custo=94.4182 | rota=[0, 10, 9, 5, 3, 4, 7, 6, 13, 14, 15]
   veic=1 | col=76 | lambda=0.027778 | custo=95.2177 | rota=[0, 9, 10, 1, 3, 4, 7, 6, 13, 14, 11, 15]
   veic=1 | col=78 | lambda=0.027778 | custo=95.5313 | rota=[0, 1, 9, 10, 5, 7, 6, 4, 13, 14, 11, 15]
Diff FO-  Sem melhora 0 
   valor recomposto = 108.258003

   valor recomposto = 108.258003

--- COBERTURA POR CLIENTE ---
cliente 01 | lambda=1.000000 | slack=0.000000 | y_low=0.000000 | y_up=0.000000 | total_real=1.000000
cliente 02 | lambda=1.000000 | slack=0.000000 | y_low=0.000000 | y_up=0.000000 | total_real=1.000000
cliente 03 | lambda=1.000000 | slack=0.000000 | y_low=0.000000 | y_up=0.000000 | total_real=1.000000
cliente 04 | lambda=1.000000 | slack=0.000000 | y_low=0.000000 | y_up=0.000000 | total_real=1.000000
cliente 05 | lambda=1.000000 | slack=0.000000 | y_low=0.000000 | y_up=0.000000 | total_real=1.000000
cliente 06 | lambda=1.000000 | slack=0.000000 | y_low=0.000000 | y_up=0.000000 | total_real=1.000000
cliente 07 | lambda=1.000000 | slack=0.000000 | y_low=0.000000 | y_up=0.000000 | total_real=1.000000
cliente 08 | lambda=1.000000 | slack=0.000000 | y_low=0.000000 | y_up=0.000000 | total_real=1.000000
cliente 09 | lambda=1.000000 | slack=0.000000 | y_low=0.000000 | y_up=0.000000 | total_real=1.000000
cliente 10 | lambda=1.000000 | slack=0.000000 | y_low=0.000000 | y_up=0.000000 | total_real=1.000000
cliente 11 | lambda=1.000000 | slack=0.000000 | y_low=0.000000 | y_up=0.000000 | total_real=1.000000
cliente 12 | lambda=1.000000 | slack=0.000000 | y_low=0.000000 | y_up=0.000000 | total_real=1.000000
cliente 13 | lambda=1.000000 | slack=0.000000 | y_low=0.000000 | y_up=0.000000 | total_real=1.000000
cliente 14 | lambda=1.000000 | slack=0.000000 | y_low=0.000000 | y_up=0.000000 | total_real=1.000000


================ DUAIS DO MESTRE ================

PI (clientes):
  pi[1] =  2.587291
  pi[2] =  2.813642
  pi[3] =  6.713284
  pi[4] =  13.844646
  pi[5] =  7.026933
  pi[6] =  2.587291
  pi[7] =  12.619311
  pi[8] =  0.360000
  pi[9] =  8.986926
  pi[10] =  11.574217
  pi[11] =  5.239086
  pi[12] =  2.839753
  pi[13] =  14.852272
  pi[14] =  16.213352

SIGMA (veículos):
  sigma[0] = -0.000000
  sigma[1] = -0.000000

MU (arcos):
  sem duais de arco
=================================================

 [ETSAB] gamma_pi = 10.000000
[ORDEM PRICING] iter=42 | veiculos=[0, 1]
TESTA ALLBEST_SILVA
[PRICING MULTI] origem=ALLBEST_SILVA | k=0 | geradas=0 | novas_pool=0 | duplicadas_pool=0 | completa=False
TESTA BID_SILVA_CPP
[PRICING MULTI] origem=BID_SILVA_CPP | k=0 | geradas=0 | novas_pool=0 | duplicadas_pool=0 | completa=False
TESTA PD_SILVA_CPP
[PRICING MULTI] origem=PD_SILVA_CPP | k=0 | geradas=0 | novas_pool=0 | duplicadas_pool=0 | completa=False | timeout=False
[SILVA PRICING]
k=0
ALLBEST=0
BID_CPP=0
PD_CPP=0
pd_completa=False
pd_timeout=False
labels_pd=3000000
nivel_pd=8
melhor_rc=None
origem=None
certifica_k=False
TESTA ALLBEST_SILVA
[PRICING MULTI] origem=ALLBEST_SILVA | k=1 | geradas=0 | novas_pool=0 | duplicadas_pool=0 | completa=False
TESTA BID_SILVA_CPP
[PRICING MULTI] origem=BID_SILVA_CPP | k=1 | geradas=20 | novas_pool=20 | duplicadas_pool=0 | completa=False
[SILVA PRICING]
k=1
ALLBEST=0
BID_CPP=20
PD_CPP=0
pd_completa=None
pd_timeout=None
labels_pd=None
nivel_pd=None
melhor_rc=-4.439641683724176
origem=BID_SILVA_CPP
certifica_k=False
[SILVA CERT] todos_k_certificados=False
[SELECAO MULTI] iter=42 | selecionadas=2 | por_veiculo={1: 2}
GAMMA PI 10.0
GAMMA PI atualizado 10.0
Tempo total nessa geracao : 1.3s
Tempo total no NO: 21.0s
TAMANHO NOVAS COL 2

--- Nova Coluna ---
Veículo: 1
Sequência: [0, 1, 9, 10, 3, 4, 5, 7, 13, 14, 11, 15]
Custo: 95.22
Custo Reduzido: -4.439642
Clientes atendidos: [1, 3, 4, 5, 7, 9, 10, 11, 13, 14]
TAMANHO NOVAS COL 2

--- Nova Coluna ---
Veículo: 1
Sequência: [0, 3, 4, 5, 9, 10, 1, 7, 13, 14, 11, 15]
Custo: 95.22
Custo Reduzido: -4.439642
Clientes atendidos: [1, 3, 4, 5, 7, 9, 10, 11, 13, 14]

[COPIA REJEITADA] origem_k=1 | destino_k=0 | motivo=viabilidade | seq=[0, 1, 9, 10, 3, 4, 5, 7, 13, 14, 11, 15]
[COPIA REJEITADA] origem_k=1 | destino_k=0 | motivo=viabilidade | seq=[0, 3, 4, 5, 9, 10, 1, 7, 13, 14, 11, 15]
[COLUNAS ITER] novas=2 | duplicadas=0 | por_veiculo={0: 0, 1: 2}
[Nó 0] Iter 42 - Obj = 108.2580  Colunas = 144 inst= C:\Users\PolyanaSilva\Documents\BP_VRPTW\instancias\Petro_instancias\14n-2k-6c-008r_ML_silva2024.json
[Nó 0] inst= C:\Users\PolyanaSilva\Documents\BP_VRPTW\instancias\Petro_instancias\14n-2k-6c-008r_ML_silva2024.json Colunas ativas na iteração 42: 
   veic=0 | col=1 | lambda=0.722222 | custo=0.0000 | rota=[0, 15]
   veic=0 | col=28 | lambda=0.138889 | custo=95.6387 | rota=[0, 1, 10, 8, 9, 2, 4, 3, 6, 5, 14, 13, 11, 12, 15]
   veic=0 | col=61 | lambda=0.138889 | custo=94.4134 | rota=[0, 10, 8, 9, 1, 6, 7, 2, 3, 5, 13, 14, 11, 12, 15]
   veic=1 | col=1 | lambda=0.138889 | custo=0.0000 | rota=[0, 15]
   veic=1 | col=3 | lambda=0.138889 | custo=92.0447 | rota=[0, 1, 4, 2, 3, 5, 8, 9, 10, 6, 7, 13, 11, 12, 15]
   veic=1 | col=7 | lambda=0.138889 | custo=96.6838 | rota=[0, 5, 1, 8, 9, 4, 2, 3, 7, 6, 13, 11, 12, 14, 15]
   veic=1 | col=11 | lambda=0.138889 | custo=93.4057 | rota=[0, 8, 10, 9, 1, 5, 2, 4, 3, 6, 7, 11, 12, 14, 15]
   veic=1 | col=13 | lambda=0.111111 | custo=95.9920 | rota=[0, 8, 10, 9, 1, 2, 4, 3, 7, 6, 14, 12, 13, 15]
   veic=1 | col=31 | lambda=0.138889 | custo=96.6838 | rota=[0, 4, 2, 3, 7, 1, 8, 10, 5, 11, 14, 12, 13, 15]
   veic=1 | col=43 | lambda=0.055556 | custo=95.7838 | rota=[0, 10, 9, 7, 6, 4, 5, 13, 11, 14, 12, 15]
   veic=1 | col=70 | lambda=0.055556 | custo=96.1177 | rota=[0, 10, 8, 9, 5, 7, 6, 4, 2, 13, 14, 11, 15]
   veic=1 | col=74 | lambda=0.027778 | custo=94.4182 | rota=[0, 10, 9, 5, 3, 4, 7, 6, 13, 14, 15]
   veic=1 | col=77 | lambda=0.027778 | custo=95.2177 | rota=[0, 10, 9, 1, 3, 4, 7, 6, 13, 14, 11, 15]
   veic=1 | col=78 | lambda=0.027778 | custo=95.5313 | rota=[0, 1, 9, 10, 5, 7, 6, 4, 13, 14, 11, 15]
MESMA FO-  Sem melhora 1 Recom 108.25800323232455 Ultmf 108.25800323232455  VALOR SUB 0.0
   valor recomposto = 108.258003

   valor recomposto = 108.258003

--- COBERTURA POR CLIENTE ---
cliente 01 | lambda=1.000000 | slack=0.000000 | y_low=0.000000 | y_up=0.000000 | total_real=1.000000
cliente 02 | lambda=1.000000 | slack=0.000000 | y_low=0.000000 | y_up=0.000000 | total_real=1.000000
cliente 03 | lambda=1.000000 | slack=0.000000 | y_low=0.000000 | y_up=0.000000 | total_real=1.000000
cliente 04 | lambda=1.000000 | slack=0.000000 | y_low=0.000000 | y_up=0.000000 | total_real=1.000000
cliente 05 | lambda=1.000000 | slack=0.000000 | y_low=0.000000 | y_up=0.000000 | total_real=1.000000
cliente 06 | lambda=1.000000 | slack=0.000000 | y_low=0.000000 | y_up=0.000000 | total_real=1.000000
cliente 07 | lambda=1.000000 | slack=0.000000 | y_low=0.000000 | y_up=0.000000 | total_real=1.000000
cliente 08 | lambda=1.000000 | slack=0.000000 | y_low=0.000000 | y_up=0.000000 | total_real=1.000000
cliente 09 | lambda=1.000000 | slack=0.000000 | y_low=0.000000 | y_up=0.000000 | total_real=1.000000
cliente 10 | lambda=1.000000 | slack=0.000000 | y_low=0.000000 | y_up=0.000000 | total_real=1.000000
cliente 11 | lambda=1.000000 | slack=0.000000 | y_low=0.000000 | y_up=0.000000 | total_real=1.000000
cliente 12 | lambda=1.000000 | slack=0.000000 | y_low=0.000000 | y_up=0.000000 | total_real=1.000000
cliente 13 | lambda=1.000000 | slack=0.000000 | y_low=0.000000 | y_up=0.000000 | total_real=1.000000
cliente 14 | lambda=1.000000 | slack=0.000000 | y_low=0.000000 | y_up=0.000000 | total_real=1.000000


================ DUAIS DO MESTRE ================

PI (clientes):
  pi[1] =  2.587291
  pi[2] =  2.706000
  pi[3] =  6.713284
  pi[4] =  13.844646
  pi[5] =  7.026933
  pi[6] =  7.026933
  pi[7] =  12.619311
  pi[8] =  0.467642
  pi[9] =  4.547284
  pi[10] =  11.574217
  pi[11] =  5.239086
  pi[12] =  2.839753
  pi[13] =  14.852272
  pi[14] =  16.213352

SIGMA (veículos):
  sigma[0] = -0.000000
  sigma[1] = -0.000000

MU (arcos):
  sem duais de arco
=================================================

 [ETSAB] gamma_pi = 10.000000
[ORDEM PRICING] iter=43 | veiculos=[0, 1]
TESTA ALLBEST_SILVA
[PRICING MULTI] origem=ALLBEST_SILVA | k=0 | geradas=0 | novas_pool=0 | duplicadas_pool=0 | completa=False
TESTA BID_SILVA_CPP
[PRICING MULTI] origem=BID_SILVA_CPP | k=0 | geradas=0 | novas_pool=0 | duplicadas_pool=0 | completa=False
TESTA PD_SILVA_CPP
[PRICING MULTI] origem=PD_SILVA_CPP | k=0 | geradas=0 | novas_pool=0 | duplicadas_pool=0 | completa=False | timeout=False
[SILVA PRICING]
k=0
ALLBEST=0
BID_CPP=0
PD_CPP=0
pd_completa=False
pd_timeout=False
labels_pd=3000000
nivel_pd=8
melhor_rc=None
origem=None
certifica_k=False
TESTA ALLBEST_SILVA
[PRICING MULTI] origem=ALLBEST_SILVA | k=1 | geradas=0 | novas_pool=0 | duplicadas_pool=0 | completa=False
TESTA BID_SILVA_CPP
[PRICING MULTI] origem=BID_SILVA_CPP | k=1 | geradas=20 | novas_pool=20 | duplicadas_pool=0 | completa=False
[SILVA PRICING]
k=1
ALLBEST=0
BID_CPP=20
PD_CPP=0
pd_completa=None
pd_timeout=None
labels_pd=None
nivel_pd=None
melhor_rc=-4.4396416837242185
origem=BID_SILVA_CPP
certifica_k=False
[SILVA CERT] todos_k_certificados=False
[SELECAO MULTI] iter=43 | selecionadas=2 | por_veiculo={1: 2}
GAMMA PI 10.0
GAMMA PI atualizado 10.0
Tempo total nessa geracao : 1.3s
Tempo total no NO: 22.3s
TAMANHO NOVAS COL 2

--- Nova Coluna ---
Veículo: 1
Sequência: [0, 9, 10, 5, 3, 4, 7, 6, 13, 14, 11, 15]
Custo: 95.22
Custo Reduzido: -4.439642
Clientes atendidos: [3, 4, 5, 6, 7, 9, 10, 11, 13, 14]
TAMANHO NOVAS COL 2

--- Nova Coluna ---
Veículo: 1
Sequência: [0, 10, 9, 5, 3, 4, 7, 6, 13, 14, 11, 15]
Custo: 95.22
Custo Reduzido: -4.439642
Clientes atendidos: [3, 4, 5, 6, 7, 9, 10, 11, 13, 14]

[COPIA REJEITADA] origem_k=1 | destino_k=0 | motivo=viabilidade | seq=[0, 9, 10, 5, 3, 4, 7, 6, 13, 14, 11, 15]
[COPIA REJEITADA] origem_k=1 | destino_k=0 | motivo=viabilidade | seq=[0, 10, 9, 5, 3, 4, 7, 6, 13, 14, 11, 15]
[COLUNAS ITER] novas=2 | duplicadas=0 | por_veiculo={0: 0, 1: 2}
[Nó 0] Iter 43 - Obj = 108.0562  Colunas = 146 inst= C:\Users\PolyanaSilva\Documents\BP_VRPTW\instancias\Petro_instancias\14n-2k-6c-008r_ML_silva2024.json
[Nó 0] inst= C:\Users\PolyanaSilva\Documents\BP_VRPTW\instancias\Petro_instancias\14n-2k-6c-008r_ML_silva2024.json Colunas ativas na iteração 43: 
   veic=0 | col=1 | lambda=0.727273 | custo=0.0000 | rota=[0, 15]
   veic=0 | col=28 | lambda=0.136364 | custo=95.6387 | rota=[0, 1, 10, 8, 9, 2, 4, 3, 6, 5, 14, 13, 11, 12, 15]
   veic=0 | col=61 | lambda=0.136364 | custo=94.4134 | rota=[0, 10, 8, 9, 1, 6, 7, 2, 3, 5, 13, 14, 11, 12, 15]
   veic=1 | col=1 | lambda=0.136364 | custo=0.0000 | rota=[0, 15]
   veic=1 | col=3 | lambda=0.136364 | custo=92.0447 | rota=[0, 1, 4, 2, 3, 5, 8, 9, 10, 6, 7, 13, 11, 12, 15]
   veic=1 | col=7 | lambda=0.136364 | custo=96.6838 | rota=[0, 5, 1, 8, 9, 4, 2, 3, 7, 6, 13, 11, 12, 14, 15]
   veic=1 | col=11 | lambda=0.136364 | custo=93.4057 | rota=[0, 8, 10, 9, 1, 5, 2, 4, 3, 6, 7, 11, 12, 14, 15]
   veic=1 | col=13 | lambda=0.136364 | custo=95.9920 | rota=[0, 8, 10, 9, 1, 2, 4, 3, 7, 6, 14, 12, 13, 15]
   veic=1 | col=31 | lambda=0.136364 | custo=96.6838 | rota=[0, 4, 2, 3, 7, 1, 8, 10, 5, 11, 14, 12, 13, 15]
   veic=1 | col=43 | lambda=0.045455 | custo=95.7838 | rota=[0, 10, 9, 7, 6, 4, 5, 13, 11, 14, 12, 15]
   veic=1 | col=70 | lambda=0.045455 | custo=96.1177 | rota=[0, 10, 8, 9, 5, 7, 6, 4, 2, 13, 14, 11, 15]
   veic=1 | col=78 | lambda=0.045455 | custo=95.5313 | rota=[0, 1, 9, 10, 5, 7, 6, 4, 13, 14, 11, 15]
   veic=1 | col=82 | lambda=0.045455 | custo=95.2177 | rota=[0, 9, 10, 5, 3, 4, 7, 6, 13, 14, 11, 15]
Diff FO-  Sem melhora 0 
   valor recomposto = 108.056201

   valor recomposto = 108.056201

--- COBERTURA POR CLIENTE ---
cliente 01 | lambda=1.000000 | slack=0.000000 | y_low=0.000000 | y_up=0.000000 | total_real=1.000000
cliente 02 | lambda=1.000000 | slack=0.000000 | y_low=0.000000 | y_up=0.000000 | total_real=1.000000
cliente 03 | lambda=1.000000 | slack=0.000000 | y_low=0.000000 | y_up=0.000000 | total_real=1.000000
cliente 04 | lambda=1.000000 | slack=0.000000 | y_low=0.000000 | y_up=0.000000 | total_real=1.000000
cliente 05 | lambda=1.000000 | slack=0.000000 | y_low=0.000000 | y_up=0.000000 | total_real=1.000000
cliente 06 | lambda=1.000000 | slack=0.000000 | y_low=0.000000 | y_up=0.000000 | total_real=1.000000
cliente 07 | lambda=1.000000 | slack=0.000000 | y_low=0.000000 | y_up=0.000000 | total_real=1.000000
cliente 08 | lambda=1.000000 | slack=0.000000 | y_low=0.000000 | y_up=0.000000 | total_real=1.000000
cliente 09 | lambda=1.000000 | slack=0.000000 | y_low=0.000000 | y_up=0.000000 | total_real=1.000000
cliente 10 | lambda=1.000000 | slack=0.000000 | y_low=0.000000 | y_up=0.000000 | total_real=1.000000
cliente 11 | lambda=1.000000 | slack=0.000000 | y_low=0.000000 | y_up=0.000000 | total_real=1.000000
cliente 12 | lambda=1.000000 | slack=0.000000 | y_low=0.000000 | y_up=0.000000 | total_real=1.000000
cliente 13 | lambda=1.000000 | slack=0.000000 | y_low=0.000000 | y_up=0.000000 | total_real=1.000000
cliente 14 | lambda=1.000000 | slack=0.000000 | y_low=0.000000 | y_up=0.000000 | total_real=1.000000


================ DUAIS DO MESTRE ================

PI (clientes):
  pi[1] =  3.999905
  pi[2] =  1.230214
  pi[3] =  3.686255
  pi[4] =  13.642844
  pi[5] =  3.999905
  pi[6] =  3.999905
  pi[7] =  12.417509
  pi[8] =  3.356041
  pi[9] =  7.372510
  pi[10] =  11.372415
  pi[11] =  8.064313
  pi[12] =  4.252366
  pi[13] =  14.650471
  pi[14] =  16.011550

SIGMA (veículos):
  sigma[0] = -0.000000
  sigma[1] = -0.000000

MU (arcos):
  sem duais de arco
=================================================

 [ETSAB] gamma_pi = 10.000000
[ORDEM PRICING] iter=44 | veiculos=[0, 1]
TESTA ALLBEST_SILVA
[PRICING MULTI] origem=ALLBEST_SILVA | k=0 | geradas=0 | novas_pool=0 | duplicadas_pool=0 | completa=False
TESTA BID_SILVA_CPP
[PRICING MULTI] origem=BID_SILVA_CPP | k=0 | geradas=0 | novas_pool=0 | duplicadas_pool=0 | completa=False
TESTA PD_SILVA_CPP
[PRICING MULTI] origem=PD_SILVA_CPP | k=0 | geradas=0 | novas_pool=0 | duplicadas_pool=0 | completa=False | timeout=False
[SILVA PRICING]
k=0
ALLBEST=0
BID_CPP=0
PD_CPP=0
pd_completa=False
pd_timeout=False
labels_pd=3000000
nivel_pd=8
melhor_rc=None
origem=None
certifica_k=False
TESTA ALLBEST_SILVA
[PRICING MULTI] origem=ALLBEST_SILVA | k=1 | geradas=0 | novas_pool=0 | duplicadas_pool=0 | completa=False
TESTA BID_SILVA_CPP
[PRICING MULTI] origem=BID_SILVA_CPP | k=1 | geradas=20 | novas_pool=20 | duplicadas_pool=0 | completa=False
[SILVA PRICING]
k=1
ALLBEST=0
BID_CPP=20
PD_CPP=0
pd_completa=None
pd_timeout=None
labels_pd=None
nivel_pd=None
melhor_rc=-2.996041439939706
origem=BID_SILVA_CPP
certifica_k=False
[SILVA CERT] todos_k_certificados=False
[SELECAO MULTI] iter=44 | selecionadas=2 | por_veiculo={1: 2}
GAMMA PI 10.0
GAMMA PI atualizado 10.0
Tempo total nessa geracao : 1.4s
Tempo total no NO: 23.7s
TAMANHO NOVAS COL 2

--- Nova Coluna ---
Veículo: 1
Sequência: [0, 8, 10, 9, 1, 3, 4, 7, 5, 13, 14, 11, 15]
Custo: 95.58
Custo Reduzido: -2.996041
Clientes atendidos: [1, 3, 4, 5, 7, 8, 9, 10, 11, 13, 14]
TAMANHO NOVAS COL 2

--- Nova Coluna ---
Veículo: 1
Sequência: [0, 8, 9, 10, 1, 3, 4, 5, 7, 13, 14, 11, 15]
Custo: 95.58
Custo Reduzido: -2.996041
Clientes atendidos: [1, 3, 4, 5, 7, 8, 9, 10, 11, 13, 14]

[COPIA REJEITADA] origem_k=1 | destino_k=0 | motivo=viabilidade | seq=[0, 8, 10, 9, 1, 3, 4, 7, 5, 13, 14, 11, 15]
[COPIA REJEITADA] origem_k=1 | destino_k=0 | motivo=viabilidade | seq=[0, 8, 9, 10, 1, 3, 4, 5, 7, 13, 14, 11, 15]
[COLUNAS ITER] novas=2 | duplicadas=0 | por_veiculo={0: 0, 1: 2}
[Nó 0] Iter 44 - Obj = 108.0562  Colunas = 148 inst= C:\Users\PolyanaSilva\Documents\BP_VRPTW\instancias\Petro_instancias\14n-2k-6c-008r_ML_silva2024.json
[Nó 0] inst= C:\Users\PolyanaSilva\Documents\BP_VRPTW\instancias\Petro_instancias\14n-2k-6c-008r_ML_silva2024.json Colunas ativas na iteração 44: 
   veic=0 | col=1 | lambda=0.727273 | custo=0.0000 | rota=[0, 15]
   veic=0 | col=28 | lambda=0.136364 | custo=95.6387 | rota=[0, 1, 10, 8, 9, 2, 4, 3, 6, 5, 14, 13, 11, 12, 15]
   veic=0 | col=61 | lambda=0.136364 | custo=94.4134 | rota=[0, 10, 8, 9, 1, 6, 7, 2, 3, 5, 13, 14, 11, 12, 15]
   veic=1 | col=1 | lambda=0.136364 | custo=0.0000 | rota=[0, 15]
   veic=1 | col=3 | lambda=0.136364 | custo=92.0447 | rota=[0, 1, 4, 2, 3, 5, 8, 9, 10, 6, 7, 13, 11, 12, 15]
   veic=1 | col=7 | lambda=0.136364 | custo=96.6838 | rota=[0, 5, 1, 8, 9, 4, 2, 3, 7, 6, 13, 11, 12, 14, 15]
   veic=1 | col=11 | lambda=0.136364 | custo=93.4057 | rota=[0, 8, 10, 9, 1, 5, 2, 4, 3, 6, 7, 11, 12, 14, 15]
   veic=1 | col=13 | lambda=0.136364 | custo=95.9920 | rota=[0, 8, 10, 9, 1, 2, 4, 3, 7, 6, 14, 12, 13, 15]
   veic=1 | col=31 | lambda=0.136364 | custo=96.6838 | rota=[0, 4, 2, 3, 7, 1, 8, 10, 5, 11, 14, 12, 13, 15]
   veic=1 | col=43 | lambda=0.045455 | custo=95.7838 | rota=[0, 10, 9, 7, 6, 4, 5, 13, 11, 14, 12, 15]
   veic=1 | col=70 | lambda=0.045455 | custo=96.1177 | rota=[0, 10, 8, 9, 5, 7, 6, 4, 2, 13, 14, 11, 15]
   veic=1 | col=78 | lambda=0.045455 | custo=95.5313 | rota=[0, 1, 9, 10, 5, 7, 6, 4, 13, 14, 11, 15]
   veic=1 | col=82 | lambda=0.045455 | custo=95.2177 | rota=[0, 9, 10, 5, 3, 4, 7, 6, 13, 14, 11, 15]
MESMA FO-  Sem melhora 1 Recom 108.05620133760983 Ultmf 108.05620133760982  VALOR SUB 1.4210854715202004e-14
   valor recomposto = 108.056201

   valor recomposto = 108.056201

--- COBERTURA POR CLIENTE ---
cliente 01 | lambda=1.000000 | slack=0.000000 | y_low=0.000000 | y_up=0.000000 | total_real=1.000000
cliente 02 | lambda=1.000000 | slack=0.000000 | y_low=0.000000 | y_up=0.000000 | total_real=1.000000
cliente 03 | lambda=1.000000 | slack=0.000000 | y_low=0.000000 | y_up=0.000000 | total_real=1.000000
cliente 04 | lambda=1.000000 | slack=0.000000 | y_low=0.000000 | y_up=0.000000 | total_real=1.000000
cliente 05 | lambda=1.000000 | slack=0.000000 | y_low=0.000000 | y_up=0.000000 | total_real=1.000000
cliente 06 | lambda=1.000000 | slack=0.000000 | y_low=0.000000 | y_up=0.000000 | total_real=1.000000
cliente 07 | lambda=1.000000 | slack=0.000000 | y_low=0.000000 | y_up=0.000000 | total_real=1.000000
cliente 08 | lambda=1.000000 | slack=0.000000 | y_low=0.000000 | y_up=0.000000 | total_real=1.000000
cliente 09 | lambda=1.000000 | slack=0.000000 | y_low=0.000000 | y_up=0.000000 | total_real=1.000000
cliente 10 | lambda=1.000000 | slack=0.000000 | y_low=0.000000 | y_up=0.000000 | total_real=1.000000
cliente 11 | lambda=1.000000 | slack=0.000000 | y_low=0.000000 | y_up=0.000000 | total_real=1.000000
cliente 12 | lambda=1.000000 | slack=0.000000 | y_low=0.000000 | y_up=0.000000 | total_real=1.000000
cliente 13 | lambda=1.000000 | slack=0.000000 | y_low=0.000000 | y_up=0.000000 | total_real=1.000000
cliente 14 | lambda=1.000000 | slack=0.000000 | y_low=0.000000 | y_up=0.000000 | total_real=1.000000


================ DUAIS DO MESTRE ================

PI (clientes):
  pi[1] =  3.999905
  pi[2] =  4.226255
  pi[3] =  3.686255
  pi[4] =  13.642844
  pi[5] =  3.999905
  pi[6] =  3.999905
  pi[7] =  12.417509
  pi[8] =  0.360000
  pi[9] =  7.372510
  pi[10] =  11.372415
  pi[11] =  8.064313
  pi[12] =  4.252366
  pi[13] =  14.650471
  pi[14] =  16.011550

SIGMA (veículos):
  sigma[0] = -0.000000
  sigma[1] = -0.000000

MU (arcos):
  sem duais de arco
=================================================

 [ETSAB] gamma_pi = 10.000000
[ORDEM PRICING] iter=45 | veiculos=[0, 1]
TESTA ALLBEST_SILVA
[PRICING MULTI] origem=ALLBEST_SILVA | k=0 | geradas=0 | novas_pool=0 | duplicadas_pool=0 | completa=False
TESTA BID_SILVA_CPP
[PRICING MULTI] origem=BID_SILVA_CPP | k=0 | geradas=0 | novas_pool=0 | duplicadas_pool=0 | completa=False
TESTA PD_SILVA_CPP
[PRICING MULTI] origem=PD_SILVA_CPP | k=0 | geradas=0 | novas_pool=0 | duplicadas_pool=0 | completa=False | timeout=False
[SILVA PRICING]
k=0
ALLBEST=0
BID_CPP=0
PD_CPP=0
pd_completa=False
pd_timeout=False
labels_pd=3000000
nivel_pd=8
melhor_rc=None
origem=None
certifica_k=False
TESTA ALLBEST_SILVA
[PRICING MULTI] origem=ALLBEST_SILVA | k=1 | geradas=0 | novas_pool=0 | duplicadas_pool=0 | completa=False
TESTA BID_SILVA_CPP
[PRICING MULTI] origem=BID_SILVA_CPP | k=1 | geradas=20 | novas_pool=20 | duplicadas_pool=0 | completa=False
[SILVA PRICING]
k=1
ALLBEST=0
BID_CPP=20
PD_CPP=0
pd_completa=None
pd_timeout=None
labels_pd=None
nivel_pd=None
melhor_rc=-3.6862552043343904
origem=BID_SILVA_CPP
certifica_k=False
[SILVA CERT] todos_k_certificados=False
[SELECAO MULTI] iter=45 | selecionadas=2 | por_veiculo={1: 2}
GAMMA PI 10.0
GAMMA PI atualizado 10.0
Tempo total nessa geracao : 1.3s
Tempo total no NO: 25.0s
TAMANHO NOVAS COL 2

--- Nova Coluna ---
Veículo: 1
Sequência: [0, 1, 9, 10, 4, 2, 3, 5, 7, 13, 14, 11, 15]
Custo: 95.76
Custo Reduzido: -3.686255
Clientes atendidos: [1, 2, 3, 4, 5, 7, 9, 10, 11, 13, 14]
TAMANHO NOVAS COL 2

--- Nova Coluna ---
Veículo: 1
Sequência: [0, 9, 10, 1, 2, 3, 4, 7, 5, 13, 14, 11, 15]
Custo: 95.76
Custo Reduzido: -3.686255
Clientes atendidos: [1, 2, 3, 4, 5, 7, 9, 10, 11, 13, 14]

[COPIA REJEITADA] origem_k=1 | destino_k=0 | motivo=viabilidade | seq=[0, 1, 9, 10, 4, 2, 3, 5, 7, 13, 14, 11, 15]
[COPIA REJEITADA] origem_k=1 | destino_k=0 | motivo=viabilidade | seq=[0, 9, 10, 1, 2, 3, 4, 7, 5, 13, 14, 11, 15]
[COLUNAS ITER] novas=2 | duplicadas=0 | por_veiculo={0: 0, 1: 2}
[Nó 0] Iter 45 - Obj = 108.0562  Colunas = 150 inst= C:\Users\PolyanaSilva\Documents\BP_VRPTW\instancias\Petro_instancias\14n-2k-6c-008r_ML_silva2024.json
[Nó 0] inst= C:\Users\PolyanaSilva\Documents\BP_VRPTW\instancias\Petro_instancias\14n-2k-6c-008r_ML_silva2024.json Colunas ativas na iteração 45: 
   veic=0 | col=1 | lambda=0.727273 | custo=0.0000 | rota=[0, 15]
   veic=0 | col=28 | lambda=0.136364 | custo=95.6387 | rota=[0, 1, 10, 8, 9, 2, 4, 3, 6, 5, 14, 13, 11, 12, 15]
   veic=0 | col=61 | lambda=0.136364 | custo=94.4134 | rota=[0, 10, 8, 9, 1, 6, 7, 2, 3, 5, 13, 14, 11, 12, 15]
   veic=1 | col=1 | lambda=0.136364 | custo=0.0000 | rota=[0, 15]
   veic=1 | col=3 | lambda=0.136364 | custo=92.0447 | rota=[0, 1, 4, 2, 3, 5, 8, 9, 10, 6, 7, 13, 11, 12, 15]
   veic=1 | col=7 | lambda=0.136364 | custo=96.6838 | rota=[0, 5, 1, 8, 9, 4, 2, 3, 7, 6, 13, 11, 12, 14, 15]
   veic=1 | col=11 | lambda=0.136364 | custo=93.4057 | rota=[0, 8, 10, 9, 1, 5, 2, 4, 3, 6, 7, 11, 12, 14, 15]
   veic=1 | col=13 | lambda=0.136364 | custo=95.9920 | rota=[0, 8, 10, 9, 1, 2, 4, 3, 7, 6, 14, 12, 13, 15]
   veic=1 | col=31 | lambda=0.136364 | custo=96.6838 | rota=[0, 4, 2, 3, 7, 1, 8, 10, 5, 11, 14, 12, 13, 15]
   veic=1 | col=43 | lambda=0.045455 | custo=95.7838 | rota=[0, 10, 9, 7, 6, 4, 5, 13, 11, 14, 12, 15]
   veic=1 | col=70 | lambda=0.045455 | custo=96.1177 | rota=[0, 10, 8, 9, 5, 7, 6, 4, 2, 13, 14, 11, 15]
   veic=1 | col=78 | lambda=0.045455 | custo=95.5313 | rota=[0, 1, 9, 10, 5, 7, 6, 4, 13, 14, 11, 15]
   veic=1 | col=82 | lambda=0.045455 | custo=95.2177 | rota=[0, 9, 10, 5, 3, 4, 7, 6, 13, 14, 11, 15]
MESMA FO-  Sem melhora 2 Recom 108.05620133760982 Ultmf 108.05620133760982  VALOR SUB 0.0
   valor recomposto = 108.056201

   valor recomposto = 108.056201

--- COBERTURA POR CLIENTE ---
cliente 01 | lambda=1.000000 | slack=0.000000 | y_low=0.000000 | y_up=0.000000 | total_real=1.000000
cliente 02 | lambda=1.000000 | slack=0.000000 | y_low=0.000000 | y_up=0.000000 | total_real=1.000000
cliente 03 | lambda=1.000000 | slack=0.000000 | y_low=0.000000 | y_up=0.000000 | total_real=1.000000
cliente 04 | lambda=1.000000 | slack=0.000000 | y_low=0.000000 | y_up=0.000000 | total_real=1.000000
cliente 05 | lambda=1.000000 | slack=0.000000 | y_low=0.000000 | y_up=0.000000 | total_real=1.000000
cliente 06 | lambda=1.000000 | slack=0.000000 | y_low=0.000000 | y_up=0.000000 | total_real=1.000000
cliente 07 | lambda=1.000000 | slack=0.000000 | y_low=0.000000 | y_up=0.000000 | total_real=1.000000
cliente 08 | lambda=1.000000 | slack=0.000000 | y_low=0.000000 | y_up=0.000000 | total_real=1.000000
cliente 09 | lambda=1.000000 | slack=0.000000 | y_low=0.000000 | y_up=0.000000 | total_real=1.000000
cliente 10 | lambda=1.000000 | slack=0.000000 | y_low=0.000000 | y_up=0.000000 | total_real=1.000000
cliente 11 | lambda=1.000000 | slack=0.000000 | y_low=0.000000 | y_up=0.000000 | total_real=1.000000
cliente 12 | lambda=1.000000 | slack=0.000000 | y_low=0.000000 | y_up=0.000000 | total_real=1.000000
cliente 13 | lambda=1.000000 | slack=0.000000 | y_low=0.000000 | y_up=0.000000 | total_real=1.000000
cliente 14 | lambda=1.000000 | slack=0.000000 | y_low=0.000000 | y_up=0.000000 | total_real=1.000000


================ DUAIS DO MESTRE ================

PI (clientes):
  pi[1] =  3.999905
  pi[2] =  2.383128
  pi[3] =  3.686255
  pi[4] =  13.642844
  pi[5] =  3.999905
  pi[6] =  5.843032
  pi[7] =  12.417509
  pi[8] =  2.203128
  pi[9] =  5.529383
  pi[10] =  11.372415
  pi[11] =  8.064313
  pi[12] =  4.252366
  pi[13] =  14.650471
  pi[14] =  16.011550

SIGMA (veículos):
  sigma[0] = -0.000000
  sigma[1] = -0.000000

MU (arcos):
  sem duais de arco
=================================================

 [ETSAB] gamma_pi = 10.000000
[ORDEM PRICING] iter=46 | veiculos=[0, 1]
TESTA ALLBEST_SILVA
[PRICING MULTI] origem=ALLBEST_SILVA | k=0 | geradas=0 | novas_pool=0 | duplicadas_pool=0 | completa=False
TESTA BID_SILVA_CPP
[PRICING MULTI] origem=BID_SILVA_CPP | k=0 | geradas=0 | novas_pool=0 | duplicadas_pool=0 | completa=False
TESTA PD_SILVA_CPP
[PRICING MULTI] origem=PD_SILVA_CPP | k=0 | geradas=0 | novas_pool=0 | duplicadas_pool=0 | completa=False | timeout=False
[SILVA PRICING]
k=0
ALLBEST=0
BID_CPP=0
PD_CPP=0
pd_completa=False
pd_timeout=False
labels_pd=3000000
nivel_pd=8
melhor_rc=None
origem=None
certifica_k=False
TESTA ALLBEST_SILVA
[PRICING MULTI] origem=ALLBEST_SILVA | k=1 | geradas=0 | novas_pool=0 | duplicadas_pool=0 | completa=False
TESTA BID_SILVA_CPP
[PRICING MULTI] origem=BID_SILVA_CPP | k=1 | geradas=20 | novas_pool=20 | duplicadas_pool=0 | completa=False
[SILVA PRICING]
k=1
ALLBEST=0
BID_CPP=20
PD_CPP=0
pd_completa=None
pd_timeout=None
labels_pd=None
nivel_pd=None
melhor_rc=-3.686255204334387
origem=BID_SILVA_CPP
certifica_k=False
[SILVA CERT] todos_k_certificados=False
[SELECAO MULTI] iter=46 | selecionadas=2 | por_veiculo={1: 2}
GAMMA PI 10.0
GAMMA PI atualizado 10.0
Tempo total nessa geracao : 1.4s
Tempo total no NO: 26.4s
TAMANHO NOVAS COL 2

--- Nova Coluna ---
Veículo: 1
Sequência: [0, 1, 9, 10, 4, 3, 7, 6, 13, 14, 11, 12, 15]
Custo: 95.78
Custo Reduzido: -3.686255
Clientes atendidos: [1, 3, 4, 6, 7, 9, 10, 11, 12, 13, 14]
TAMANHO NOVAS COL 2

--- Nova Coluna ---
Veículo: 1
Sequência: [0, 1, 9, 10, 4, 3, 7, 6, 13, 11, 14, 12, 15]
Custo: 95.78
Custo Reduzido: -3.686255
Clientes atendidos: [1, 3, 4, 6, 7, 9, 10, 11, 12, 13, 14]

[COPIA REJEITADA] origem_k=1 | destino_k=0 | motivo=viabilidade | seq=[0, 1, 9, 10, 4, 3, 7, 6, 13, 14, 11, 12, 15]
[COPIA REJEITADA] origem_k=1 | destino_k=0 | motivo=viabilidade | seq=[0, 1, 9, 10, 4, 3, 7, 6, 13, 11, 14, 12, 15]
[COLUNAS ITER] novas=2 | duplicadas=0 | por_veiculo={0: 0, 1: 2}
[Nó 0] Rodando MIP periódico após 10 novas colunas realmente adicionadas...
[Nó 0] MIP periódico encontrou solução inteira válida. FO=181.917133
[Nó 0] Iter 46 - Obj = 108.0562  Colunas = 152 inst= C:\Users\PolyanaSilva\Documents\BP_VRPTW\instancias\Petro_instancias\14n-2k-6c-008r_ML_silva2024.json
[Nó 0] inst= C:\Users\PolyanaSilva\Documents\BP_VRPTW\instancias\Petro_instancias\14n-2k-6c-008r_ML_silva2024.json Colunas ativas na iteração 46: 
   veic=0 | col=1 | lambda=0.727273 | custo=0.0000 | rota=[0, 15]
   veic=0 | col=28 | lambda=0.136364 | custo=95.6387 | rota=[0, 1, 10, 8, 9, 2, 4, 3, 6, 5, 14, 13, 11, 12, 15]
   veic=0 | col=61 | lambda=0.136364 | custo=94.4134 | rota=[0, 10, 8, 9, 1, 6, 7, 2, 3, 5, 13, 14, 11, 12, 15]
   veic=1 | col=1 | lambda=0.136364 | custo=0.0000 | rota=[0, 15]
   veic=1 | col=3 | lambda=0.136364 | custo=92.0447 | rota=[0, 1, 4, 2, 3, 5, 8, 9, 10, 6, 7, 13, 11, 12, 15]
   veic=1 | col=7 | lambda=0.136364 | custo=96.6838 | rota=[0, 5, 1, 8, 9, 4, 2, 3, 7, 6, 13, 11, 12, 14, 15]
   veic=1 | col=11 | lambda=0.136364 | custo=93.4057 | rota=[0, 8, 10, 9, 1, 5, 2, 4, 3, 6, 7, 11, 12, 14, 15]
   veic=1 | col=13 | lambda=0.136364 | custo=95.9920 | rota=[0, 8, 10, 9, 1, 2, 4, 3, 7, 6, 14, 12, 13, 15]
   veic=1 | col=31 | lambda=0.136364 | custo=96.6838 | rota=[0, 4, 2, 3, 7, 1, 8, 10, 5, 11, 14, 12, 13, 15]
   veic=1 | col=43 | lambda=0.045455 | custo=95.7838 | rota=[0, 10, 9, 7, 6, 4, 5, 13, 11, 14, 12, 15]
   veic=1 | col=70 | lambda=0.045455 | custo=96.1177 | rota=[0, 10, 8, 9, 5, 7, 6, 4, 2, 13, 14, 11, 15]
   veic=1 | col=78 | lambda=0.045455 | custo=95.5313 | rota=[0, 1, 9, 10, 5, 7, 6, 4, 13, 14, 11, 15]
   veic=1 | col=82 | lambda=0.045455 | custo=95.2177 | rota=[0, 9, 10, 5, 3, 4, 7, 6, 13, 14, 11, 15]
MESMA FO-  Sem melhora 3 Recom 108.05620133760982 Ultmf 108.05620133760982  VALOR SUB 0.0
   valor recomposto = 108.056201

   valor recomposto = 108.056201

--- COBERTURA POR CLIENTE ---
cliente 01 | lambda=1.000000 | slack=0.000000 | y_low=0.000000 | y_up=0.000000 | total_real=1.000000
cliente 02 | lambda=1.000000 | slack=0.000000 | y_low=0.000000 | y_up=0.000000 | total_real=1.000000
cliente 03 | lambda=1.000000 | slack=0.000000 | y_low=0.000000 | y_up=0.000000 | total_real=1.000000
cliente 04 | lambda=1.000000 | slack=0.000000 | y_low=0.000000 | y_up=0.000000 | total_real=1.000000
cliente 05 | lambda=1.000000 | slack=0.000000 | y_low=0.000000 | y_up=0.000000 | total_real=1.000000
cliente 06 | lambda=1.000000 | slack=0.000000 | y_low=0.000000 | y_up=0.000000 | total_real=1.000000
cliente 07 | lambda=1.000000 | slack=0.000000 | y_low=0.000000 | y_up=0.000000 | total_real=1.000000
cliente 08 | lambda=1.000000 | slack=0.000000 | y_low=0.000000 | y_up=0.000000 | total_real=1.000000
cliente 09 | lambda=1.000000 | slack=0.000000 | y_low=0.000000 | y_up=0.000000 | total_real=1.000000
cliente 10 | lambda=1.000000 | slack=0.000000 | y_low=0.000000 | y_up=0.000000 | total_real=1.000000
cliente 11 | lambda=1.000000 | slack=0.000000 | y_low=0.000000 | y_up=0.000000 | total_real=1.000000
cliente 12 | lambda=1.000000 | slack=0.000000 | y_low=0.000000 | y_up=0.000000 | total_real=1.000000
cliente 13 | lambda=1.000000 | slack=0.000000 | y_low=0.000000 | y_up=0.000000 | total_real=1.000000
cliente 14 | lambda=1.000000 | slack=0.000000 | y_low=0.000000 | y_up=0.000000 | total_real=1.000000


================ DUAIS DO MESTRE ================

PI (clientes):
  pi[1] =  3.999905
  pi[2] =  2.383128
  pi[3] =  3.686255
  pi[4] =  13.642844
  pi[5] =  7.686160
  pi[6] =  5.843032
  pi[7] =  12.417509
  pi[8] =  2.203128
  pi[9] =  5.529383
  pi[10] =  11.372415
  pi[11] =  4.378057
  pi[12] =  4.252366
  pi[13] =  14.650471
  pi[14] =  16.011550

SIGMA (veículos):
  sigma[0] = -0.000000
  sigma[1] = -0.000000

MU (arcos):
  sem duais de arco
=================================================

 [ETSAB] gamma_pi = 10.000000
[ORDEM PRICING] iter=47 | veiculos=[0, 1]
TESTA ALLBEST_SILVA
[PRICING MULTI] origem=ALLBEST_SILVA | k=0 | geradas=0 | novas_pool=0 | duplicadas_pool=0 | completa=False
TESTA BID_SILVA_CPP
[PRICING MULTI] origem=BID_SILVA_CPP | k=0 | geradas=0 | novas_pool=0 | duplicadas_pool=0 | completa=False
TESTA PD_SILVA_CPP
[PRICING MULTI] origem=PD_SILVA_CPP | k=0 | geradas=0 | novas_pool=0 | duplicadas_pool=0 | completa=False | timeout=False
[SILVA PRICING]
k=0
ALLBEST=0
BID_CPP=0
PD_CPP=0
pd_completa=False
pd_timeout=False
labels_pd=3000000
nivel_pd=8
melhor_rc=None
origem=None
certifica_k=False
TESTA ALLBEST_SILVA
[PRICING MULTI] origem=ALLBEST_SILVA | k=1 | geradas=0 | novas_pool=0 | duplicadas_pool=0 | completa=False
TESTA BID_SILVA_CPP
[PRICING MULTI] origem=BID_SILVA_CPP | k=1 | geradas=20 | novas_pool=20 | duplicadas_pool=0 | completa=False
[SILVA PRICING]
k=1
ALLBEST=0
BID_CPP=20
PD_CPP=0
pd_completa=None
pd_timeout=None
labels_pd=None
nivel_pd=None
melhor_rc=-3.6862552043343735
origem=BID_SILVA_CPP
certifica_k=False
[SILVA CERT] todos_k_certificados=False
[SELECAO MULTI] iter=47 | selecionadas=2 | por_veiculo={1: 2}
GAMMA PI 10.0
GAMMA PI atualizado 10.0
Tempo total nessa geracao : 1.4s
Tempo total no NO: 27.8s
TAMANHO NOVAS COL 2

--- Nova Coluna ---
Veículo: 1
Sequência: [0, 9, 10, 5, 4, 3, 7, 6, 13, 14, 11, 12, 15]
Custo: 95.78
Custo Reduzido: -3.686255
Clientes atendidos: [3, 4, 5, 6, 7, 9, 10, 11, 12, 13, 14]
TAMANHO NOVAS COL 2

--- Nova Coluna ---
Veículo: 1
Sequência: [0, 10, 9, 5, 4, 3, 7, 6, 13, 14, 11, 12, 15]
Custo: 95.78
Custo Reduzido: -3.686255
Clientes atendidos: [3, 4, 5, 6, 7, 9, 10, 11, 12, 13, 14]

[COPIA REJEITADA] origem_k=1 | destino_k=0 | motivo=viabilidade | seq=[0, 9, 10, 5, 4, 3, 7, 6, 13, 14, 11, 12, 15]
[COPIA REJEITADA] origem_k=1 | destino_k=0 | motivo=viabilidade | seq=[0, 10, 9, 5, 4, 3, 7, 6, 13, 14, 11, 12, 15]
[COLUNAS ITER] novas=2 | duplicadas=0 | por_veiculo={0: 0, 1: 2}
[Nó 0] Iter 47 - Obj = 107.8105  Colunas = 154 inst= C:\Users\PolyanaSilva\Documents\BP_VRPTW\instancias\Petro_instancias\14n-2k-6c-008r_ML_silva2024.json
[Nó 0] inst= C:\Users\PolyanaSilva\Documents\BP_VRPTW\instancias\Petro_instancias\14n-2k-6c-008r_ML_silva2024.json Colunas ativas na iteração 47: 
   veic=0 | col=1 | lambda=0.733333 | custo=0.0000 | rota=[0, 15]
   veic=0 | col=28 | lambda=0.133333 | custo=95.6387 | rota=[0, 1, 10, 8, 9, 2, 4, 3, 6, 5, 14, 13, 11, 12, 15]
   veic=0 | col=61 | lambda=0.133333 | custo=94.4134 | rota=[0, 10, 8, 9, 1, 6, 7, 2, 3, 5, 13, 14, 11, 12, 15]
   veic=1 | col=1 | lambda=0.133333 | custo=0.0000 | rota=[0, 15]
   veic=1 | col=3 | lambda=0.133333 | custo=92.0447 | rota=[0, 1, 4, 2, 3, 5, 8, 9, 10, 6, 7, 13, 11, 12, 15]
   veic=1 | col=7 | lambda=0.133333 | custo=96.6838 | rota=[0, 5, 1, 8, 9, 4, 2, 3, 7, 6, 13, 11, 12, 14, 15]
   veic=1 | col=11 | lambda=0.133333 | custo=93.4057 | rota=[0, 8, 10, 9, 1, 5, 2, 4, 3, 6, 7, 11, 12, 14, 15]
   veic=1 | col=13 | lambda=0.133333 | custo=95.9920 | rota=[0, 8, 10, 9, 1, 2, 4, 3, 7, 6, 14, 12, 13, 15]
   veic=1 | col=31 | lambda=0.133333 | custo=96.6838 | rota=[0, 4, 2, 3, 7, 1, 8, 10, 5, 11, 14, 12, 13, 15]
   veic=1 | col=70 | lambda=0.066667 | custo=96.1177 | rota=[0, 10, 8, 9, 5, 7, 6, 4, 2, 13, 14, 11, 15]
   veic=1 | col=78 | lambda=0.066667 | custo=95.5313 | rota=[0, 1, 9, 10, 5, 7, 6, 4, 13, 14, 11, 15]
   veic=1 | col=90 | lambda=0.066667 | custo=95.7838 | rota=[0, 9, 10, 5, 4, 3, 7, 6, 13, 14, 11, 12, 15]
Diff FO-  Sem melhora 0 
   valor recomposto = 107.810451

   valor recomposto = 107.810451

--- COBERTURA POR CLIENTE ---
cliente 01 | lambda=1.000000 | slack=0.000000 | y_low=0.000000 | y_up=0.000000 | total_real=1.000000
cliente 02 | lambda=1.000000 | slack=0.000000 | y_low=0.000000 | y_up=0.000000 | total_real=1.000000
cliente 03 | lambda=1.000000 | slack=0.000000 | y_low=0.000000 | y_up=0.000000 | total_real=1.000000
cliente 04 | lambda=1.000000 | slack=0.000000 | y_low=0.000000 | y_up=0.000000 | total_real=1.000000
cliente 05 | lambda=1.000000 | slack=0.000000 | y_low=0.000000 | y_up=0.000000 | total_real=1.000000
cliente 06 | lambda=1.000000 | slack=0.000000 | y_low=0.000000 | y_up=0.000000 | total_real=1.000000
cliente 07 | lambda=1.000000 | slack=0.000000 | y_low=0.000000 | y_up=0.000000 | total_real=1.000000
cliente 08 | lambda=1.000000 | slack=0.000000 | y_low=0.000000 | y_up=0.000000 | total_real=1.000000
cliente 09 | lambda=1.000000 | slack=0.000000 | y_low=0.000000 | y_up=0.000000 | total_real=1.000000
cliente 10 | lambda=1.000000 | slack=0.000000 | y_low=0.000000 | y_up=0.000000 | total_real=1.000000
cliente 11 | lambda=1.000000 | slack=0.000000 | y_low=0.000000 | y_up=0.000000 | total_real=1.000000
cliente 12 | lambda=1.000000 | slack=0.000000 | y_low=0.000000 | y_up=0.000000 | total_real=1.000000
cliente 13 | lambda=1.000000 | slack=0.000000 | y_low=0.000000 | y_up=0.000000 | total_real=1.000000
cliente 14 | lambda=1.000000 | slack=0.000000 | y_low=0.000000 | y_up=0.000000 | total_real=1.000000


================ DUAIS DO MESTRE ================

PI (clientes):
  pi[1] =  5.720157
  pi[2] =  3.243254
  pi[3] = -0.000000
  pi[4] =  13.397093
  pi[5] =  5.720157
  pi[6] =  3.016903
  pi[7] =  12.171759
  pi[8] =  3.063254
  pi[9] =  8.109761
  pi[10] =  11.126665
  pi[11] =  6.098310
  pi[12] =  5.972619
  pi[13] =  14.404720
  pi[14] =  15.765799

SIGMA (veículos):
  sigma[0] = -0.000000
  sigma[1] = -0.000000

MU (arcos):
  sem duais de arco
=================================================

 [ETSAB] gamma_pi = 10.000000
[ORDEM PRICING] iter=48 | veiculos=[0, 1]
TESTA ALLBEST_SILVA
[PRICING MULTI] origem=ALLBEST_SILVA | k=0 | geradas=0 | novas_pool=0 | duplicadas_pool=0 | completa=False
TESTA BID_SILVA_CPP
[PRICING MULTI] origem=BID_SILVA_CPP | k=0 | geradas=15 | novas_pool=15 | duplicadas_pool=0 | completa=False
[SILVA PRICING]
k=0
ALLBEST=0
BID_CPP=15
PD_CPP=0
pd_completa=None
pd_timeout=None
labels_pd=None
nivel_pd=None
melhor_rc=-0.962087243537054
origem=BID_SILVA_CPP
certifica_k=False
TESTA ALLBEST_SILVA
[PRICING MULTI] origem=ALLBEST_SILVA | k=1 | geradas=0 | novas_pool=0 | duplicadas_pool=0 | completa=False
TESTA BID_SILVA_CPP
[PRICING MULTI] origem=BID_SILVA_CPP | k=1 | geradas=20 | novas_pool=20 | duplicadas_pool=0 | completa=False
[SILVA PRICING]
k=1
ALLBEST=0
BID_CPP=20
PD_CPP=0
pd_completa=None
pd_timeout=None
labels_pd=None
nivel_pd=None
melhor_rc=-2.8108960154501696
origem=BID_SILVA_CPP
certifica_k=False
[SILVA CERT] todos_k_certificados=False
[SELECAO MULTI] iter=48 | selecionadas=4 | por_veiculo={0: 2, 1: 2}
GAMMA PI 10.0
GAMMA PI atualizado 10.0
Tempo total nessa geracao : 0.2s
Tempo total no NO: 28.0s
TAMANHO NOVAS COL 4

--- Nova Coluna ---
Veículo: 0
Sequência: [0, 1, 8, 9, 10, 5, 7, 2, 4, 14, 11, 12, 15]
Custo: 89.43
Custo Reduzido: -0.962087
Clientes atendidos: [1, 2, 4, 5, 7, 8, 9, 10, 11, 12, 14]
TAMANHO NOVAS COL 4

--- Nova Coluna ---
Veículo: 1
Sequência: [0, 1, 5, 10, 8, 9, 4, 2, 7, 13, 14, 12, 15]
Custo: 95.88
Custo Reduzido: -2.810896
Clientes atendidos: [1, 2, 4, 5, 7, 8, 9, 10, 12, 13, 14]
TAMANHO NOVAS COL 4

--- Nova Coluna ---
Veículo: 0
Sequência: [0, 1, 8, 9, 10, 5, 7, 4, 2, 14, 11, 12, 15]
Custo: 89.43
Custo Reduzido: -0.962087
Clientes atendidos: [1, 2, 4, 5, 7, 8, 9, 10, 11, 12, 14]
TAMANHO NOVAS COL 4

--- Nova Coluna ---
Veículo: 1
Sequência: [0, 8, 10, 9, 1, 5, 7, 4, 2, 13, 14, 12, 15]
Custo: 95.88
Custo Reduzido: -2.810896
Clientes atendidos: [1, 2, 4, 5, 7, 8, 9, 10, 12, 13, 14]

Nao adicionou no k 1
[COPIA REJEITADA] origem_k=1 | destino_k=0 | motivo=viabilidade | seq=[0, 1, 5, 10, 8, 9, 4, 2, 7, 13, 14, 12, 15]
Nao adicionou no k 1
[COPIA REJEITADA] origem_k=1 | destino_k=0 | motivo=viabilidade | seq=[0, 8, 10, 9, 1, 5, 7, 4, 2, 13, 14, 12, 15]
[COLUNAS ITER] novas=4 | duplicadas=0 | por_veiculo={0: 2, 1: 2}
[Nó 0] Iter 48 - Obj = 107.8105  Colunas = 158 inst= C:\Users\PolyanaSilva\Documents\BP_VRPTW\instancias\Petro_instancias\14n-2k-6c-008r_ML_silva2024.json
[Nó 0] inst= C:\Users\PolyanaSilva\Documents\BP_VRPTW\instancias\Petro_instancias\14n-2k-6c-008r_ML_silva2024.json Colunas ativas na iteração 48: 
   veic=0 | col=1 | lambda=0.733333 | custo=0.0000 | rota=[0, 15]
   veic=0 | col=28 | lambda=0.133333 | custo=95.6387 | rota=[0, 1, 10, 8, 9, 2, 4, 3, 6, 5, 14, 13, 11, 12, 15]
   veic=0 | col=61 | lambda=0.133333 | custo=94.4134 | rota=[0, 10, 8, 9, 1, 6, 7, 2, 3, 5, 13, 14, 11, 12, 15]
   veic=1 | col=1 | lambda=0.133333 | custo=0.0000 | rota=[0, 15]
   veic=1 | col=3 | lambda=0.133333 | custo=92.0447 | rota=[0, 1, 4, 2, 3, 5, 8, 9, 10, 6, 7, 13, 11, 12, 15]
   veic=1 | col=7 | lambda=0.133333 | custo=96.6838 | rota=[0, 5, 1, 8, 9, 4, 2, 3, 7, 6, 13, 11, 12, 14, 15]
   veic=1 | col=11 | lambda=0.133333 | custo=93.4057 | rota=[0, 8, 10, 9, 1, 5, 2, 4, 3, 6, 7, 11, 12, 14, 15]
   veic=1 | col=13 | lambda=0.133333 | custo=95.9920 | rota=[0, 8, 10, 9, 1, 2, 4, 3, 7, 6, 14, 12, 13, 15]
   veic=1 | col=31 | lambda=0.133333 | custo=96.6838 | rota=[0, 4, 2, 3, 7, 1, 8, 10, 5, 11, 14, 12, 13, 15]
   veic=1 | col=70 | lambda=0.066667 | custo=96.1177 | rota=[0, 10, 8, 9, 5, 7, 6, 4, 2, 13, 14, 11, 15]
   veic=1 | col=78 | lambda=0.066667 | custo=95.5313 | rota=[0, 1, 9, 10, 5, 7, 6, 4, 13, 14, 11, 15]
   veic=1 | col=90 | lambda=0.066667 | custo=95.7838 | rota=[0, 9, 10, 5, 4, 3, 7, 6, 13, 14, 11, 12, 15]
MESMA FO-  Sem melhora 1 Recom 107.81045099065422 Ultmf 107.8104509906542  VALOR SUB 1.4210854715202004e-14
   valor recomposto = 107.810451

   valor recomposto = 107.810451

--- COBERTURA POR CLIENTE ---
cliente 01 | lambda=1.000000 | slack=0.000000 | y_low=0.000000 | y_up=0.000000 | total_real=1.000000
cliente 02 | lambda=1.000000 | slack=0.000000 | y_low=0.000000 | y_up=0.000000 | total_real=1.000000
cliente 03 | lambda=1.000000 | slack=0.000000 | y_low=0.000000 | y_up=0.000000 | total_real=1.000000
cliente 04 | lambda=1.000000 | slack=0.000000 | y_low=0.000000 | y_up=0.000000 | total_real=1.000000
cliente 05 | lambda=1.000000 | slack=0.000000 | y_low=0.000000 | y_up=0.000000 | total_real=1.000000
cliente 06 | lambda=1.000000 | slack=0.000000 | y_low=0.000000 | y_up=0.000000 | total_real=1.000000
cliente 07 | lambda=1.000000 | slack=0.000000 | y_low=0.000000 | y_up=0.000000 | total_real=1.000000
cliente 08 | lambda=1.000000 | slack=0.000000 | y_low=0.000000 | y_up=0.000000 | total_real=1.000000
cliente 09 | lambda=1.000000 | slack=0.000000 | y_low=0.000000 | y_up=0.000000 | total_real=1.000000
cliente 10 | lambda=1.000000 | slack=0.000000 | y_low=0.000000 | y_up=0.000000 | total_real=1.000000
cliente 11 | lambda=1.000000 | slack=0.000000 | y_low=0.000000 | y_up=0.000000 | total_real=1.000000
cliente 12 | lambda=1.000000 | slack=0.000000 | y_low=0.000000 | y_up=0.000000 | total_real=1.000000
cliente 13 | lambda=1.000000 | slack=0.000000 | y_low=0.000000 | y_up=0.000000 | total_real=1.000000
cliente 14 | lambda=1.000000 | slack=0.000000 | y_low=0.000000 | y_up=0.000000 | total_real=1.000000


================ DUAIS DO MESTRE ================

PI (clientes):
  pi[1] =  5.720157
  pi[2] =  3.243254
  pi[3] =  1.405448
  pi[4] =  13.397093
  pi[5] =  5.720157
  pi[6] =  4.422351
  pi[7] =  12.171759
  pi[8] =  3.063254
  pi[9] =  6.704313
  pi[10] =  11.126665
  pi[11] =  6.098310
  pi[12] =  4.567171
  pi[13] =  14.404720
  pi[14] =  15.765799

SIGMA (veículos):
  sigma[0] = -0.000000
  sigma[1] = -0.000000

MU (arcos):
  sem duais de arco
=================================================

 [ETSAB] gamma_pi = 10.000000
[ORDEM PRICING] iter=49 | veiculos=[0, 1]
TESTA ALLBEST_SILVA
[PRICING MULTI] origem=ALLBEST_SILVA | k=0 | geradas=0 | novas_pool=0 | duplicadas_pool=0 | completa=False
TESTA BID_SILVA_CPP
[PRICING MULTI] origem=BID_SILVA_CPP | k=0 | geradas=0 | novas_pool=0 | duplicadas_pool=0 | completa=False
TESTA PD_SILVA_CPP
[PRICING MULTI] origem=PD_SILVA_CPP | k=0 | geradas=0 | novas_pool=0 | duplicadas_pool=0 | completa=False | timeout=False
[SILVA PRICING]
k=0
ALLBEST=0
BID_CPP=0
PD_CPP=0
pd_completa=False
pd_timeout=False
labels_pd=3000000
nivel_pd=8
melhor_rc=None
origem=None
certifica_k=False
TESTA ALLBEST_SILVA
[PRICING MULTI] origem=ALLBEST_SILVA | k=1 | geradas=0 | novas_pool=0 | duplicadas_pool=0 | completa=False
TESTA BID_SILVA_CPP
[PRICING MULTI] origem=BID_SILVA_CPP | k=1 | geradas=20 | novas_pool=20 | duplicadas_pool=0 | completa=False
[SILVA PRICING]
k=1
ALLBEST=0
BID_CPP=20
PD_CPP=0
pd_completa=None
pd_timeout=None
labels_pd=None
nivel_pd=None
melhor_rc=-1.2978058087868147
origem=BID_SILVA_CPP
certifica_k=False
[SILVA CERT] todos_k_certificados=False
[SELECAO MULTI] iter=49 | selecionadas=2 | por_veiculo={1: 2}
GAMMA PI 10.0
GAMMA PI atualizado 10.0
Tempo total nessa geracao : 1.3s
Tempo total no NO: 29.3s
TAMANHO NOVAS COL 2

--- Nova Coluna ---
Veículo: 1
Sequência: [0, 1, 8, 9, 10, 5, 2, 4, 7, 13, 14, 11, 15]
Custo: 96.12
Custo Reduzido: -1.297806
Clientes atendidos: [1, 2, 4, 5, 7, 8, 9, 10, 11, 13, 14]
TAMANHO NOVAS COL 2

--- Nova Coluna ---
Veículo: 1
Sequência: [0, 1, 8, 9, 10, 5, 7, 4, 2, 13, 14, 11, 15]
Custo: 96.12
Custo Reduzido: -1.297806
Clientes atendidos: [1, 2, 4, 5, 7, 8, 9, 10, 11, 13, 14]

[COPIA REJEITADA] origem_k=1 | destino_k=0 | motivo=viabilidade | seq=[0, 1, 8, 9, 10, 5, 2, 4, 7, 13, 14, 11, 15]
[COPIA REJEITADA] origem_k=1 | destino_k=0 | motivo=viabilidade | seq=[0, 1, 8, 9, 10, 5, 7, 4, 2, 13, 14, 11, 15]
[COLUNAS ITER] novas=2 | duplicadas=0 | por_veiculo={0: 0, 1: 2}
[Nó 0] Iter 49 - Obj = 107.8105  Colunas = 160 inst= C:\Users\PolyanaSilva\Documents\BP_VRPTW\instancias\Petro_instancias\14n-2k-6c-008r_ML_silva2024.json
[Nó 0] inst= C:\Users\PolyanaSilva\Documents\BP_VRPTW\instancias\Petro_instancias\14n-2k-6c-008r_ML_silva2024.json Colunas ativas na iteração 49: 
   veic=0 | col=1 | lambda=0.733333 | custo=0.0000 | rota=[0, 15]
   veic=0 | col=28 | lambda=0.133333 | custo=95.6387 | rota=[0, 1, 10, 8, 9, 2, 4, 3, 6, 5, 14, 13, 11, 12, 15]
   veic=0 | col=61 | lambda=0.133333 | custo=94.4134 | rota=[0, 10, 8, 9, 1, 6, 7, 2, 3, 5, 13, 14, 11, 12, 15]
   veic=1 | col=1 | lambda=0.133333 | custo=0.0000 | rota=[0, 15]
   veic=1 | col=3 | lambda=0.133333 | custo=92.0447 | rota=[0, 1, 4, 2, 3, 5, 8, 9, 10, 6, 7, 13, 11, 12, 15]
   veic=1 | col=7 | lambda=0.133333 | custo=96.6838 | rota=[0, 5, 1, 8, 9, 4, 2, 3, 7, 6, 13, 11, 12, 14, 15]
   veic=1 | col=11 | lambda=0.133333 | custo=93.4057 | rota=[0, 8, 10, 9, 1, 5, 2, 4, 3, 6, 7, 11, 12, 14, 15]
   veic=1 | col=13 | lambda=0.133333 | custo=95.9920 | rota=[0, 8, 10, 9, 1, 2, 4, 3, 7, 6, 14, 12, 13, 15]
   veic=1 | col=31 | lambda=0.133333 | custo=96.6838 | rota=[0, 4, 2, 3, 7, 1, 8, 10, 5, 11, 14, 12, 13, 15]
   veic=1 | col=70 | lambda=0.066667 | custo=96.1177 | rota=[0, 10, 8, 9, 5, 7, 6, 4, 2, 13, 14, 11, 15]
   veic=1 | col=78 | lambda=0.066667 | custo=95.5313 | rota=[0, 1, 9, 10, 5, 7, 6, 4, 13, 14, 11, 15]
   veic=1 | col=90 | lambda=0.066667 | custo=95.7838 | rota=[0, 9, 10, 5, 4, 3, 7, 6, 13, 14, 11, 12, 15]
MESMA FO-  Sem melhora 2 Recom 107.81045099065422 Ultmf 107.8104509906542  VALOR SUB 1.4210854715202004e-14
   valor recomposto = 107.810451

   valor recomposto = 107.810451

--- COBERTURA POR CLIENTE ---
cliente 01 | lambda=1.000000 | slack=0.000000 | y_low=0.000000 | y_up=0.000000 | total_real=1.000000
cliente 02 | lambda=1.000000 | slack=0.000000 | y_low=0.000000 | y_up=0.000000 | total_real=1.000000
cliente 03 | lambda=1.000000 | slack=0.000000 | y_low=0.000000 | y_up=0.000000 | total_real=1.000000
cliente 04 | lambda=1.000000 | slack=0.000000 | y_low=0.000000 | y_up=0.000000 | total_real=1.000000
cliente 05 | lambda=1.000000 | slack=0.000000 | y_low=0.000000 | y_up=0.000000 | total_real=1.000000
cliente 06 | lambda=1.000000 | slack=0.000000 | y_low=0.000000 | y_up=0.000000 | total_real=1.000000
cliente 07 | lambda=1.000000 | slack=0.000000 | y_low=0.000000 | y_up=0.000000 | total_real=1.000000
cliente 08 | lambda=1.000000 | slack=0.000000 | y_low=0.000000 | y_up=0.000000 | total_real=1.000000
cliente 09 | lambda=1.000000 | slack=0.000000 | y_low=0.000000 | y_up=0.000000 | total_real=1.000000
cliente 10 | lambda=1.000000 | slack=0.000000 | y_low=0.000000 | y_up=0.000000 | total_real=1.000000
cliente 11 | lambda=1.000000 | slack=0.000000 | y_low=0.000000 | y_up=0.000000 | total_real=1.000000
cliente 12 | lambda=1.000000 | slack=0.000000 | y_low=0.000000 | y_up=0.000000 | total_real=1.000000
cliente 13 | lambda=1.000000 | slack=0.000000 | y_low=0.000000 | y_up=0.000000 | total_real=1.000000
cliente 14 | lambda=1.000000 | slack=0.000000 | y_low=0.000000 | y_up=0.000000 | total_real=1.000000


================ DUAIS DO MESTRE ================

PI (clientes):
  pi[1] =  5.720157
  pi[2] =  3.243254
  pi[3] =  2.703254
  pi[4] =  13.397093
  pi[5] =  8.315769
  pi[6] =  5.720157
  pi[7] =  12.171759
  pi[8] =  3.063254
  pi[9] =  5.406508
  pi[10] =  11.126665
  pi[11] =  3.502698
  pi[12] =  3.269365
  pi[13] =  14.404720
  pi[14] =  15.765799

SIGMA (veículos):
  sigma[0] = -0.000000
  sigma[1] = -0.000000

MU (arcos):
  sem duais de arco
=================================================

 [ETSAB] gamma_pi = 10.000000
[ORDEM PRICING] iter=50 | veiculos=[0, 1]
TESTA ALLBEST_SILVA
[PRICING MULTI] origem=ALLBEST_SILVA | k=0 | geradas=0 | novas_pool=0 | duplicadas_pool=0 | completa=False
TESTA BID_SILVA_CPP
[PRICING MULTI] origem=BID_SILVA_CPP | k=0 | geradas=0 | novas_pool=0 | duplicadas_pool=0 | completa=False
TESTA PD_SILVA_CPP
[PRICING MULTI] origem=PD_SILVA_CPP | k=0 | geradas=0 | novas_pool=0 | duplicadas_pool=0 | completa=False | timeout=False
[SILVA PRICING]
k=0
ALLBEST=0
BID_CPP=0
PD_CPP=0
pd_completa=False
pd_timeout=False
labels_pd=3000000
nivel_pd=8
melhor_rc=None
origem=None
certifica_k=False
TESTA ALLBEST_SILVA
[PRICING MULTI] origem=ALLBEST_SILVA | k=1 | geradas=0 | novas_pool=0 | duplicadas_pool=0 | completa=False
TESTA BID_SILVA_CPP
[PRICING MULTI] origem=BID_SILVA_CPP | k=1 | geradas=13 | novas_pool=13 | duplicadas_pool=0 | completa=False
[SILVA PRICING]
k=1
ALLBEST=0
BID_CPP=13
PD_CPP=0
pd_completa=None
pd_timeout=None
labels_pd=None
nivel_pd=None
melhor_rc=-2.180865360741464
origem=BID_SILVA_CPP
certifica_k=False
[SILVA CERT] todos_k_certificados=False
[SELECAO MULTI] iter=50 | selecionadas=2 | por_veiculo={1: 2}
GAMMA PI 10.0
GAMMA PI atualizado 10.0
Tempo total nessa geracao : 1.3s
Tempo total no NO: 30.7s
TAMANHO NOVAS COL 2

--- Nova Coluna ---
Veículo: 1
Sequência: [0, 1, 8, 10, 9, 5, 4, 2, 3, 7, 6, 13, 11, 12, 15]
Custo: 89.86
Custo Reduzido: -2.180865
Clientes atendidos: [1, 2, 3, 4, 5, 6, 7, 8, 9, 10, 11, 12, 13]
TAMANHO NOVAS COL 2

--- Nova Coluna ---
Veículo: 1
Sequência: [0, 1, 10, 8, 9, 5, 2, 4, 3, 6, 7, 13, 11, 12, 15]
Custo: 89.86
Custo Reduzido: -2.180865
Clientes atendidos: [1, 2, 3, 4, 5, 6, 7, 8, 9, 10, 11, 12, 13]

[COPIA REJEITADA] origem_k=1 | destino_k=0 | motivo=viabilidade | seq=[0, 1, 8, 10, 9, 5, 4, 2, 3, 7, 6, 13, 11, 12, 15]
[COPIA REJEITADA] origem_k=1 | destino_k=0 | motivo=viabilidade | seq=[0, 1, 10, 8, 9, 5, 2, 4, 3, 6, 7, 13, 11, 12, 15]
[COLUNAS ITER] novas=2 | duplicadas=0 | por_veiculo={0: 0, 1: 2}
[Nó 0] Rodando MIP periódico após 10 novas colunas realmente adicionadas...
[Nó 0] MIP periódico encontrou solução inteira válida. FO=181.917133
[Nó 0] Melhor solução fracionada final (LP com slack):
   veic=0 | col=1 | lambda=0.733333 | custo=0.0000 | rota=[0, 15]
   veic=0 | col=28 | lambda=0.133333 | custo=95.6387 | rota=[0, 1, 10, 8, 9, 2, 4, 3, 6, 5, 14, 13, 11, 12, 15]
   veic=0 | col=61 | lambda=0.133333 | custo=94.4134 | rota=[0, 10, 8, 9, 1, 6, 7, 2, 3, 5, 13, 14, 11, 12, 15]
   veic=1 | col=1 | lambda=0.133333 | custo=0.0000 | rota=[0, 15]
   veic=1 | col=7 | lambda=0.133333 | custo=96.6838 | rota=[0, 5, 1, 8, 9, 4, 2, 3, 7, 6, 13, 11, 12, 14, 15]
   veic=1 | col=11 | lambda=0.133333 | custo=93.4057 | rota=[0, 8, 10, 9, 1, 5, 2, 4, 3, 6, 7, 11, 12, 14, 15]
   veic=1 | col=13 | lambda=0.133333 | custo=95.9920 | rota=[0, 8, 10, 9, 1, 2, 4, 3, 7, 6, 14, 12, 13, 15]
   veic=1 | col=31 | lambda=0.133333 | custo=96.6838 | rota=[0, 4, 2, 3, 7, 1, 8, 10, 5, 11, 14, 12, 13, 15]
   veic=1 | col=70 | lambda=0.066667 | custo=96.1177 | rota=[0, 10, 8, 9, 5, 7, 6, 4, 2, 13, 14, 11, 15]
   veic=1 | col=78 | lambda=0.066667 | custo=95.5313 | rota=[0, 1, 9, 10, 5, 7, 6, 4, 13, 14, 11, 15]
   veic=1 | col=90 | lambda=0.066667 | custo=95.7838 | rota=[0, 9, 10, 5, 4, 3, 7, 6, 13, 14, 11, 12, 15]
   veic=1 | col=96 | lambda=0.133333 | custo=89.8638 | rota=[0, 1, 8, 10, 9, 5, 4, 2, 3, 7, 6, 13, 11, 12, 15]
   valor LP recomposto = 107.519669
   slack_final = 0.000000

[Nó 0] Lambdas da melhor solução inteira:
   lambda_int[0,0] = 1
   lambda_int[1,0] = 1
[Nó 0] Melhor solução inteira final (MIP no pool):
   veic=0 | col=0 | z=1 | custo=91.0364 | rota=[0, 4, 2, 3, 11, 12, 14, 1, 15]
   veic=1 | col=0 | z=1 | custo=90.8808 | rota=[0, 8, 10, 9, 7, 6, 13, 5, 15]
   valor inteiro recomposto = 181.917133

[SILVA UB CHECK] MIP=181.917133 recalculado=181.917133 dif=0.000000
[Nó 0] Exportando solução inteira do MIP para JS...
   colunas ativas no MIP: [(0, 0), (1, 0)]
JS exportado: rotas_plot_data.js | rotas=2
[COLUNAS NO] novas_total=158 | duplicadas_total=0
Nó 0 finalizado: LP=107.5197, MIP_pool=181.91713294615585, tem_inteira=True, cg_convergiu=False, max_iter=False, slack_final=0.000000, artificial_final=0.000000, lb_confiavel=False
Melhor LP com slack = 0.0 iter=1
Melhor LP válido    = 0.0 iter=1
Melhor inteiro      = 181.91713294615585 iter=3
Achou LP target     = False iter=None tempo=None
Achou INT target    = False iter=None tempo=None
SALDOS
[0, 0, 0, 0, 0, 0, 0]
PRIMEIRO NO
[CONFIABILIDADE] no=0 | lb_confiavel=False | cg_convergiu=False | motivo=TIME_MAX
Tempo total: 30.7s
[Nó 0] LP=107.5197 inteira=True lb_confiavel=False slack_final=0.000000 cg_convergiu=False max_iter=False
[SILVA BP] no=0 prof=0 RMP=107.519669 MIP_RMP=181.91713294615585 lb_confiavel=False ncol=162 iterCG=50 melhorRC_por_k={0: None, 1: -2.180865360741464} motivoCG=TIME_MAX
Nó 0 tem inteiro com custo 181.9171
ATUALIZOU MELHOR INTEIRO Nó 0 Valor INTEIRO com custo 181.9171
Novo incumbente: z_inc=181.9171

Nó 0 Valor fracionário com custo 107.5197
ATUALIZOU MELHOR FRAC Nó 0 Valor fracionário com custo 107.5197
FIM do nó  0 

==== FIM B&P ====
Diagnóstico salvo em diag.csv
Melhor solução inteira: nó 0 com custo 181.9171

=== LAMBDAS DO NÓ 0 ===
Veículo 0, rota 1: lambda = 0.7333
   Sequência: [0, 15]
   Custo:     0.00
Veículo 0, rota 28: lambda = 0.1333
   Sequência: [0, 1, 10, 8, 9, 2, 4, 3, 6, 5, 14, 13, 11, 12, 15]
   Custo:     95.64
Veículo 0, rota 61: lambda = 0.1333
   Sequência: [0, 10, 8, 9, 1, 6, 7, 2, 3, 5, 13, 14, 11, 12, 15]
   Custo:     94.41
Veículo 1, rota 1: lambda = 0.1333
   Sequência: [0, 15]
   Custo:     0.00
Veículo 1, rota 7: lambda = 0.1333
   Sequência: [0, 5, 1, 8, 9, 4, 2, 3, 7, 6, 13, 11, 12, 14, 15]
   Custo:     96.68
Veículo 1, rota 11: lambda = 0.1333
   Sequência: [0, 8, 10, 9, 1, 5, 2, 4, 3, 6, 7, 11, 12, 14, 15]
   Custo:     93.41
Veículo 1, rota 13: lambda = 0.1333
   Sequência: [0, 8, 10, 9, 1, 2, 4, 3, 7, 6, 14, 12, 13, 15]
   Custo:     95.99
Veículo 1, rota 31: lambda = 0.1333
   Sequência: [0, 4, 2, 3, 7, 1, 8, 10, 5, 11, 14, 12, 13, 15]
   Custo:     96.68
Veículo 1, rota 70: lambda = 0.0667
   Sequência: [0, 10, 8, 9, 5, 7, 6, 4, 2, 13, 14, 11, 15]
   Custo:     96.12
Veículo 1, rota 78: lambda = 0.0667
   Sequência: [0, 1, 9, 10, 5, 7, 6, 4, 13, 14, 11, 15]
   Custo:     95.53
Veículo 1, rota 90: lambda = 0.0667
   Sequência: [0, 9, 10, 5, 4, 3, 7, 6, 13, 14, 11, 12, 15]
   Custo:     95.78
Veículo 1, rota 96: lambda = 0.1333
   Sequência: [0, 1, 8, 10, 9, 5, 4, 2, 3, 7, 6, 13, 11, 12, 15]
   Custo:     89.86
=== FIM LAMBDAS NÓ 0 ===

Melhor solução fracionária: nó 0 com custo 107.5197

=== LAMBDAS DO NÓ 0 ===
Veículo 0, rota 1: lambda = 0.7333
   Sequência: [0, 15]
   Custo:     0.00
Veículo 0, rota 28: lambda = 0.1333
   Sequência: [0, 1, 10, 8, 9, 2, 4, 3, 6, 5, 14, 13, 11, 12, 15]
   Custo:     95.64
Veículo 0, rota 61: lambda = 0.1333
   Sequência: [0, 10, 8, 9, 1, 6, 7, 2, 3, 5, 13, 14, 11, 12, 15]
   Custo:     94.41
Veículo 1, rota 1: lambda = 0.1333
   Sequência: [0, 15]
   Custo:     0.00
Veículo 1, rota 7: lambda = 0.1333
   Sequência: [0, 5, 1, 8, 9, 4, 2, 3, 7, 6, 13, 11, 12, 14, 15]
   Custo:     96.68
Veículo 1, rota 11: lambda = 0.1333
   Sequência: [0, 8, 10, 9, 1, 5, 2, 4, 3, 6, 7, 11, 12, 14, 15]
   Custo:     93.41
Veículo 1, rota 13: lambda = 0.1333
   Sequência: [0, 8, 10, 9, 1, 2, 4, 3, 7, 6, 14, 12, 13, 15]
   Custo:     95.99
Veículo 1, rota 31: lambda = 0.1333
   Sequência: [0, 4, 2, 3, 7, 1, 8, 10, 5, 11, 14, 12, 13, 15]
   Custo:     96.68
Veículo 1, rota 70: lambda = 0.0667
   Sequência: [0, 10, 8, 9, 5, 7, 6, 4, 2, 13, 14, 11, 15]
   Custo:     96.12
Veículo 1, rota 78: lambda = 0.0667
   Sequência: [0, 1, 9, 10, 5, 7, 6, 4, 13, 14, 11, 15]
   Custo:     95.53
Veículo 1, rota 90: lambda = 0.0667
   Sequência: [0, 9, 10, 5, 4, 3, 7, 6, 13, 14, 11, 12, 15]
   Custo:     95.78
Veículo 1, rota 96: lambda = 0.1333
   Sequência: [0, 1, 8, 10, 9, 5, 4, 2, 3, 7, 6, 13, 11, 12, 15]
   Custo:     89.86
=== FIM LAMBDAS NÓ 0 ===


[LOG BRUTO] salvo em C:\Users\PolyanaSilva\Documents\BP_VRPTW\_out_integracao_bp_silva_30s_bruto.log


====================================================================================================
RESUMO TESTE DE INTEGRACAO B&P (30s)
====================================================================================================
tempo_total = 30.70s
n_nos = 1
n_colunas = 162
melhor_UB = 181.91713294615585
LB_raiz_confiavel = None
LB_global_confiavel = None
arvore_certificada_completa = False
n_chamadas_ALLBEST = 98
n_chamadas_BID_CPP = 75
n_chamadas_PD_CPP = 16
n_PD_completa = 0
n_PD_incompleta = 16
n_PD_timeout = 0
n_certifica_k_true = 0
n_todos_k_certificados_true = 0
n_mismatch_custo_cpp_python = 0
n_mismatch_rc_cpp_python = 0
n_candidatas_rejeitadas_auditoria = 0 (revisita=0, branching=0, outros/inviavel=0)
n_AttributeError = 0
caminho_pyd = C:\Users\PolyanaSilva\Documents\BP_VRPTW\PD_SILVA_CPP\PD_SILVA_CPP\x64\Release\vrptw_pd_silva.pyd
pyd_correto = True

====================================================================================================
[TESTE DE INTEGRACAO] PASS
====================================================================================================
