no_id;z_inc;z_lp;z_li;total_colunas
0;21.49368473947587;21.382755894788055;-inf;0
1;21.48565588864254;21.382755894788055;-inf;0
4;21.48565588864254;21.382755894788055;-inf;0
