no_id;z_inc;z_lp;z_li;total_colunas
0;468.0;457.3;-inf;0
2;468.0;457.3;-inf;0
4;467.99999999999994;464.8499999999999;-inf;0
3;467.99999999999994;461.2;-inf;0
1;467.99999999999994;457.3;-inf;0
9;467.99999999999994;457.3;-inf;0
11;465.4;457.3;-inf;0
14;465.4;462.15000000000003;-inf;0
13;465.4;457.3;-inf;0
18;465.4;457.3;-inf;0
