no_id;z_inc;z_lp;z_li;total_colunas
0;278.46783503917095;253.4439676590239;-inf;0
2;278.46783503917095;254.10108039029885;-inf;0
8;276.7145782642176;268.5932640751818;-inf;0
10;276.7145782642176;270.8654372789499;-inf;0
12;276.7145782642176;275.50589411030813;-inf;0
