iteracao;valor_fo
0;10000000.000000
1;10000000.000000
2;10000000.000000
3;10000000.000000
4;10000000.000000
5;10000000.000000
6;5000008.770600
7;15.789607
8;15.789607
9;14.523328
10;14.371929
11;13.812263
12;13.347305
13;13.347305
14;13.347305
15;12.983676
16;12.983676
17;12.983676
18;12.983676
MIP;12.983676
