==================== Iniciando a resolução do modelo exato
Set parameter TimeLimit to value 12000
Gurobi Optimizer version 13.0.2 build v13.0.2rc1 (win64 - Windows 11+.0 (26200.2))

CPU model: AMD Ryzen 9 9950X3D 16-Core Processor, instruction set [SSE2|AVX|AVX2|AVX512]
Thread count: 16 physical cores, 32 logical processors, using up to 32 threads

Non-default parameters:
TimeLimit  12000

Optimize a model with 27400 rows, 14290 columns and 143820 nonzeros (Min)
Model fingerprint: 0x46a2cb06
Model has 13250 linear objective coefficients
Variable types: 520 continuous, 13770 integer (13770 binary)
Coefficient statistics:
  Matrix range     [1e+00, 1e+05]
  Objective range  [1e+00, 6e+01]
  Bounds range     [1e+00, 1e+00]
  RHS range        [1e+00, 1e+05]

Presolve removed 840 rows and 530 columns
Presolve time: 0.24s
Presolved: 26560 rows, 13760 columns, 103760 nonzeros
Variable types: 505 continuous, 13255 integer (13255 binary)
Deterministic concurrent LP optimizer: primal and dual simplex
Showing primal log only...

Concurrent spin time: 0.00s

Solved with dual simplex

Use crossover to convert LP symmetric solution to basic solution...
Crossover time: 0.15 seconds (0.03 work units)

Root relaxation: objective 1.446000e+02, 645 iterations, 0.26 seconds (0.08 work units)

    Nodes    |    Current Node    |     Objective Bounds      |     Work
 Expl Unexpl |  Obj  Depth IntInf | Incumbent    BestBd   Gap | It/Node Time

     0     0  144.60000    0  224          -  144.60000      -     -    1s
     0     0  144.60000    0  244          -  144.60000      -     -    1s
     0     0  145.63000    0  247          -  145.63000      -     -    1s
     0     0  146.00000    0  251          -  146.00000      -     -    1s
     0     0  149.64000    0  261          -  149.64000      -     -    1s
     0     0  160.76982    0  205          -  160.76982      -     -    4s
     0     0  184.80000    0  171          -  184.80000      -     -    5s
     0     0  184.80000    0  171          -  184.80000      -     -    6s
     0     0  186.16775    0  197          -  186.16775      -     -    7s
     0     0  187.41608    0  193          -  187.41608      -     -    7s
     0     0  191.81633    0  210          -  191.81633      -     -    8s
     0     0  191.94973    0  210          -  191.94973      -     -    8s
     0     0  192.75000    0  194          -  192.75000      -     -   10s
     0     0  192.90000    0  202          -  192.90000      -     -   10s
     0     0  192.90000    0  202          -  192.90000      -     -   11s
     0     0  192.90200    0  221          -  192.90200      -     -   11s
     0     0  193.08333    0  213          -  193.08333      -     -   11s
     0     0  193.08333    0  213          -  193.08333      -     -   12s
     0     0  193.22500    0  197          -  193.22500      -     -   12s
     0     0  193.42500    0  197          -  193.42500      -     -   13s
     0     0  193.93333    0  217          -  193.93333      -     -   13s
     0     0  193.93333    0  228          -  193.93333      -     -   14s
     0     0  194.17200    0  221          -  194.17200      -     -   15s
     0     0  194.51200    0  220          -  194.51200      -     -   16s
     0     0  194.51400    0  226          -  194.51400      -     -   16s
     0     0  194.52900    0  222          -  194.52900      -     -   16s
     0     0  195.86667    0  205          -  195.86667      -     -   16s
     0     0  196.13333    0  219          -  196.13333      -     -   17s
     0     0  196.48333    0  202          -  196.48333      -     -   17s
     0     0  196.48333    0  203          -  196.48333      -     -   17s
     0     0  197.06522    0  225          -  197.06522      -     -   18s
     0     0  197.06667    0  239          -  197.06667      -     -   18s
     0     0  197.11905    0  212          -  197.11905      -     -   18s
     0     0  197.47222    0  223          -  197.47222      -     -   22s
     0     0  197.57857    0  239          -  197.57857      -     -   22s
     0     0  197.57857    0  239          -  197.57857      -     -   23s
     0     0  197.57857    0  240          -  197.57857      -     -   23s
     0     0  197.75000    0  229          -  197.75000      -     -   24s
     0     0  197.77857    0  255          -  197.77857      -     -   25s
     0     0  197.77857    0  247          -  197.77857      -     -   25s
     0     0  197.82143    0  255          -  197.82143      -     -   26s
     0     0  197.99286    0  255          -  197.99286      -     -   26s
     0     0  198.02143    0  246          -  198.02143      -     -   27s
     0     0  198.02143    0  246          -  198.02143      -     -   27s
     0     0  198.02143    0  246          -  198.02143      -     -   28s
     0     0  198.02143    0  222          -  198.02143      -     -   29s
     0     2  198.49286    0  222          -  198.49286      -     -   32s
    71    80  200.75000    7  180          -  200.75000      -  87.2   35s
   268   284  205.54425   15  218          -  200.75000      -  79.5   40s
   701   696  257.22434   34  232          -  200.75000      -  66.2   46s
  1265  1307  307.65210   82  201          -  200.75000      -  62.0   50s
  2096  2118  353.11196  135  194          -  200.75000      -  60.8   55s
  2897  2837  456.82286  187  135          -  200.75000      -  62.3   60s
  3607  3397  233.48204   37  215          -  201.05000      -  65.8   65s
  3994  3571  263.00242   45  198          -  201.07500      -  66.9   70s
  4137  3724  260.50158   46  204          -  201.07500      -  67.4   75s
  4305  3906  262.08607   48  209          -  201.07500      -  68.1   80s
  4552  4156  350.93542   47  198          -  201.07500      -  68.3   85s
  4767  4218  276.67240   32  261          -  201.07500      -  69.5  108s
  4769  4219  336.45707   60  210          -  201.07500      -  69.5  118s
  4771  4221  347.04056  104  206          -  201.07500      -  69.4  120s
  4777  4225  277.48194   35  230          -  201.07500      -  69.3  125s
  4780  4227  379.61869  107  227          -  201.07500      -  69.3  133s
  4781  4227  406.22674  176  259          -  201.07500      -  69.3  137s
  4783  4229  281.16430  128  276          -  205.02672      -  69.3  147s
  4784  4229  320.83046  105  213          -  225.84444      -  69.2  151s
  4785  4230  418.67068  142  230          -  225.84444      -  69.2  158s
  4786  4231  344.23280   79  273          -  231.01918      -  69.2  164s
  4787  4231  232.44919   17  291          -  232.44919      -  69.2  165s
  4789  4233  255.53972   11  289          -  232.63460      -  69.2  174s
  4790  4233  381.13827  241  238          -  248.33061      -  69.2  179s
  4791  4234  297.87097   78  249          -  249.84244      -  69.1  181s
  4793  4235  379.76006  106  260          -  249.86702      -  69.1  189s
  4794  4236  497.52060  173  320          -  257.71212      -  69.1  195s
  4798  4239  263.00056   22  187          -  263.00056      -  69.0  206s
  4799  4239  265.62705   71  312          -  264.43948      -  69.0  210s
  4803  4242  268.34878   21  356          -  268.34878      -  69.0  215s
  4805  4243  273.49463   87  355          -  268.38711      -  68.9  225s
  4806  4244  276.46337   10  347          -  276.46337      -  68.9  233s
  4808  4245  342.34929   67  356          -  276.73208      -  68.9  236s
  4810  4247  689.14608  166  390          -  276.76839      -  68.9  246s
  4811  4247  607.79885  159  437          -  278.34391      -  68.9  251s
  4814  4249  278.34391   19  422          -  278.34391      -  68.8  255s
  4816  4251  288.62279   50  438          -  278.34391      -  68.8  267s
  4817  4251  397.03239  112  323          -  285.91301      -  68.8  272s
  4819  4253  286.96320   37  433          -  286.96320      -  68.7  276s
  4821  4254  582.59333  147  436          -  287.01401      -  68.7  288s
  4822  4255  289.94287   29  418          -  289.94287      -  68.7  296s
  4824  4256  347.90726   87  438          -  290.12318      -  68.7  300s
  4826  4257  297.08380  101  418          -  290.13838      -  68.6  311s
  4827  4258  310.67701  168  365          -  292.09225      -  68.6  331s
  4830  4260  357.92065  153  388          -  292.16838      -  68.6  343s
  4831  4261  292.93533   70  340          -  292.93533      -  68.6  350s
  4833  4262  351.97741  121  413          -  293.36025      -  68.5  366s
  4834  4263  468.60794  163  348          -  293.64695      -  68.5  370s
  4836  4264  539.22844  228  339          -  293.64695      -  68.5  381s
  4837  4265  293.81844   47  336          -  293.81844      -  68.5  390s
  4840  4267  555.67034  258  396          -  294.08245      -  68.4  397s
  4841  4267  295.15435  108  396          -  295.15435      -  68.4  403s
  4842  4268  295.45166   54  415          -  295.45166      -  68.4  405s
  4845  4270  295.75320   47  443          -  295.75320      -  68.4  412s
  4846  4271  296.80089   27  379          -  296.80089      -  68.4  420s
  4849  4273  296.82943   54  407          -  296.82943      -  68.3  427s
  4850  4273  296.86815   20  431          -  296.86815      -  68.3  431s
  4852  4275  297.00252   74  421          -  297.00252      -  68.3  435s
  4854  4276  304.45747  167  482          -  297.38751      -  68.2  454s
  4855  4277  550.57743  147  476          -  297.41677      -  68.2  457s
  4857  4278  298.12978   88  513          -  297.44229      -  68.2  463s
  4858  4279  333.41759   45  420          -  297.98298      -  68.2  470s
  4861  4281  297.98298   75  483          -  297.98298      -  68.1  477s
  4862  4281  298.27565    8  514          -  298.27565      -  68.1  512s
  4863  4282  465.69491  148  522          -  298.27565      -  68.1  515s
  4864  4283  298.58831   60  450          -  298.58831      -  68.1  521s
  4866  4284  338.51264   79  501          -  298.66348      -  68.1  526s
  4868  4285  412.56242  124  516          -  298.91133      -  68.0  536s
  4870  4287  315.36474  118  558          -  298.92866      -  68.0  540s
  4872  4288  521.73285  182  549          -  299.15549      -  68.0  547s
  4873  4289  472.30256  145  554          -  299.27788      -  68.0  551s
  4875  4290  299.29363   44  569          -  299.29363      -  67.9  555s
  4877  4291  299.32065   35  550          -  299.32065      -  67.9  561s
  4879  4293  299.33882   53  550          -  299.33882      -  67.9  603s
  4880  4293  379.61869  107  541          -  299.34576      -  67.9  607s
  4881  4294  406.22674  176  558          -  299.39748      -  67.9  610s
  4884  4297  320.83046  105  261          -  299.39748      -  72.3  642s
  4885  4298  418.67068  142  261          -  299.39748      -  72.3  647s
  4886  4298  344.23280   79  203          -  299.39748      -  72.3  670s
  4887  4299  299.39748   17  227          -  299.39748      -  72.3  679s
  4888  4300  338.52348   79  299          -  299.39830      -  72.3  682s
  4889  4300  299.39830   11  293          -  299.39830      -  72.3  686s
  4890  4301  381.13827  241  334          -  299.39830      -  72.3  692s
  4891  4302  299.39830   78  356          -  299.39830      -  72.2  697s
  4892  4302  299.39830   42  510          -  299.39830      -  72.2  704s
  4893  4303  379.76006  106  500          -  299.39830      -  72.2  709s
  4894  4304  497.52060  173  541          -  299.39830      -  72.2  712s
  4895  4304  299.39830   15  503          -  299.39830      -  72.2  715s
  4897  4306  299.40725   63  552          -  299.40725      -  72.2  732s
  4898  4306  299.74895   22  496          -  299.74895      -  72.1  739s
  4899  4307  299.78842   71  474          -  299.78842      -  72.1  742s
  4900  4308  299.79675   81  498          -  299.79675      -  72.1  756s
  4901  4308  300.36840  133  539          -  300.36840      -  72.1  765s
  4903  4310  300.50619   21  563          -  300.50619      -  72.1  770s
  4905  4311  300.51684   87  550          -  300.51684      -  72.0  786s
  4906  4312  300.96301   10  519          -  300.96301      -  72.0  798s
  4907  4312  384.76789  203  513          -  300.96301      -  72.0  800s
  4910  4314  689.14608  166  503          -  301.10011      -  72.0  817s
  4911  4315  607.79885  159  523          -  301.39119      -  72.0  829s
  4912  4316  301.40792   97  510          -  301.40792      -  71.9  832s
  4913  4316  301.46448   65  534          -  301.46448      -  71.9  835s
  4915  4318  302.14689  155  540          -  301.48293      -  71.9  852s
  4916  4318  301.85172   50  582          -  301.85172      -  71.9  863s
  4917  4319  397.03239  112  581          -  301.88801      -  71.9  865s
  4919  4320  301.90220   37  607          -  301.90220      -  71.8  872s
  4920  4321  351.14267   98  603          -  302.19622      -  71.8  879s
  4921  4322  582.59333  147  601          -  302.22614      -  71.8  881s
  4922  4322  302.22834   29  612          -  302.22834      -  71.8  885s
  4923  4323  302.25461   20  620          -  302.25461      -  71.8  896s
  4925  4324  362.09702   87  603          -  302.28885      -  71.7  907s
  4926  4325  302.28885  101  602          -  302.28885      -  71.7  910s
  4928  4326  316.08774   43  569          -  302.28885      -  71.7  921s
  4929  4327  391.37261  154  569          -  302.28902      -  71.7  979s
  4930  4331  302.29259   26  548          -  302.28902      -  73.9  992s
  4936  4341  305.47717   28  394          -  302.81758      -  74.1  997s
  4960  4365  306.12423   30  377          -  303.08152      -  75.0 1001s
  5017  4403  309.02664   32  364          -  303.08152      -  76.5 1006s
  5033  4413  307.96748   32  374          -  303.08152      -  77.4 1024s
  5049  4421  309.19870   33  374          -  303.08152      -  77.8 1027s
  5068  4429  309.02882   33  356          -  303.08152      -  78.6 1031s
  5086  4437  313.37381   34  348          -  303.08152      -  79.5 1035s
  5102  4448  312.89350   34  349          -  303.08152      -  80.4 1045s
  5119  4460  314.25926   35  307          -  303.08152      -  80.9 1051s
  5136  4473  313.09416   35  307          -  303.08152      -  81.2 1057s
  5155  4483  314.56421   36  299          -  303.08152      -  81.6 1062s
  5171  4493  329.92805   36  313          -  303.08152      -  82.2 1067s
  5189  4501 infeasible   37               -  303.08152      -  82.6 1078s
  5207  4511 infeasible   37               -  303.08152      -  83.5 1089s
  5227  4521  352.58470   36  338          -  303.08152      -  84.4 1106s
  5243  4531  325.97632   36  277          -  303.08152      -  84.8 1123s
  5261  4544  342.50233   37  322          -  303.08152      -  85.9 1130s
  5299  4565  342.50233   38  327          -  303.08152      -  86.6 1140s
  5331  4586  343.52138   39  308          -  303.08152      -  87.5 1150s
  5347  4595 infeasible   39               -  303.08152      -  88.3 1155s
  5365  4605  361.28626   40  288          -  303.08152      -  89.2 1160s
  5400  4631  412.49897   41  254          -  303.08152      -  90.4 1170s
  5422  4648 infeasible   42               -  303.08152      -  91.0 1177s
  5450  4671  454.62489   42  195          -  303.08152      -  92.0 1182s
  5485  4690  420.34780   43  300          -  303.08152      -  93.1 1189s
  5515  4696  415.77503   43  268          -  303.08152      -  93.8 1195s
  5531  4716  415.79617   44  267          -  303.08152      -  94.3 1200s
  5557  4739 infeasible   44               -  303.08152      -  95.0 1206s
  5590  4765 infeasible   45               -  303.08152      -  95.3 1214s
  5631  4784  422.59902   46  282          -  303.08152      -  96.1 1224s
  5667  4802  421.26945   47  299          -  303.08152      -  96.8 1243s
  5704  4829 infeasible   47               -  303.08152      -  97.6 1251s
  5755  4877  425.13011   48  308          -  303.08152      -  97.9 1266s
  5826  4894  428.30891   48  275          -  303.08152      -  98.5 1276s
  5877  4940  426.61780   49  294          -  303.08152      -  99.0 1283s
  5948  4926 infeasible   49               -  303.08152      -   100 1304s
  5973  4935 infeasible   49               -  303.08152      -   100 1317s
  6002  4967  322.59839   32  177          -  303.89573      -   102 1328s
  6044  4999  322.76937   33  298          -  303.89573      -   103 1350s
  6090  5041  323.59303   34  288          -  303.89573      -   104 1361s
  6147  5133  324.19300   35  296          -  303.89573      -   105 1374s
  6258  5215  323.19380   33  145          -  303.89573      -   106 1385s
  6389  5306  323.59295   34  179          -  303.89573      -   108 1395s
  6576  5388  323.59316   35  185          -  303.89573      -   110 1417s
  6790  5483  325.34694   41  162          -  304.13420      -   112 1435s
  7006  5508  333.83587   45   99          -  304.27004      -   114 1454s
  7156  5725  337.62754   51  219          -  304.45803      -   116 1467s
  7461  5919  370.59523   64  238          -  304.45803      -   119 1490s
  7803  6052  362.18302   78  226          -  304.45803      -   120 1500s
  8099  6085  455.59567  103  177          -  304.45803      -   123 1519s
  8277  6162 infeasible  107               -  304.45803      -   125 1534s
  8451  6436  343.30523   40  249          -  304.78696      -   126 1547s
  8812  6626  326.50116   57  174          -  304.78696      -   128 1570s
H 8962  5845                     401.4000000  304.78696  24.1%   128 1570s
  9229  5824     cutoff   70       401.40000  304.94424  24.0%   128 1591s
  9557  5979  383.70700   49  256  401.40000  305.12072  24.0%   130 1627s
  9916  6114  339.76858   50  369  401.40000  305.12072  24.0%   131 1638s
 10248  6307  384.58855   62  212  401.40000  305.12072  24.0%   133 1660s
 10635  6406  322.87596   51  193  401.40000  305.74903  23.8%   134 1684s
 10972  6582  349.64619   74  192  401.40000  305.74903  23.8%   135 1706s
 11329  6760  401.02010   97  112  401.40000  305.74903  23.8%   137 1716s
 11725  6877  346.65238   56  237  401.40000  305.74903  23.8%   139 1761s
 12075  7076  356.04257   45  391  401.40000  305.92443  23.8%   140 1775s
 12558  7296 infeasible   59       401.40000  305.95086  23.8%   141 1817s
 13036  7456  341.86422   60  271  401.40000  306.19451  23.7%   142 1864s
 13510  7789  323.48955   44  331  401.40000  306.94223  23.5%   144 1901s
 14141  7967  310.20251   42  315  401.40000  306.94223  23.5%   145 1925s
 14721  8144  322.33651   45  292  401.40000  307.45104  23.4%   146 1950s
 15163  8324  320.24388   55  222  401.40000  307.45104  23.4%   148 1979s
 15669  8518  382.45020   68  216  401.40000  307.75153  23.3%   150 2014s
 16186  8716  386.77077   60  213  401.40000  307.75153  23.3%   153 2063s
 16795  8839  400.12564   65  298  401.40000  307.99725  23.3%   155 2105s
 17434  9108  314.12913   34  242  401.40000  307.99725  23.3%   156 2143s
 18015  9575  321.46576   34  320  401.40000  308.28790  23.2%   157 2192s
H18686  6894                     367.3000000  308.36808  16.0%   159 2245s
 18814  7198  327.56616   51  226  367.30000  308.36808  16.0%   160 2284s
 19293  7198     cutoff   46       367.30000  308.60000  16.0%   162 2285s
 19462  7532  329.29948   45  289  367.30000  308.60000  16.0%   162 2323s
 20200  7955  314.24907   51  349  367.30000  308.94781  15.9%   164 2362s
 20973  8427  357.96806   48  268  367.30000  309.25656  15.8%   165 2461s
 21947  8824  353.09884   45  391  367.30000  309.39484  15.8%   167 2510s
 22684  9242  317.88940   44  254  367.30000  309.60417  15.7%   168 2551s
 23492  9613  317.79012   38  302  367.30000  309.91899  15.6%   169 2601s
 24331 10014  336.40388   49  223  367.30000  310.05292  15.6%   169 2651s
 25058 10490  343.50021   47  220  367.30000  310.20151  15.5%   171 2695s
 26020 10886  325.24306   54  311  367.30000  310.31908  15.5%   171 2753s
 26716 10886  316.41672   52  274  367.30000  310.31908  15.5%   171 2755s
 26876 11233  340.56331   66  297  367.30000  310.63110  15.4%   171 2810s
 27715 11751  354.82986   64  238  367.30000  310.78364  15.4%   173 2856s
 28662 12203  328.27860   56  285  367.30000  310.97747  15.3%   173 2908s
 29628 12668  316.79915   44  366  367.30000  311.35139  15.2%   174 2959s
 29768 12668  317.37741   40  320  367.30000  311.36192  15.2%   174 2960s
 30538 13277  316.29348   52  303  367.30000  311.54798  15.2%   175 3016s
 31570 13852  323.56979   55  219  367.30000  311.72703  15.1%   176 3095s
 32621 13928  344.71147   46  323  367.30000  312.07626  15.0%   176 3206s
H32632 13510                     364.0000000  312.07626  14.3%   176 3206s
 32729 14164  359.71720   53  249  364.00000  312.07626  14.3%   176 3271s
H33998 14519                     362.4000000  312.25700  13.8%   177 3342s
 35086 15085  351.05281   67  350  362.40000  312.57183  13.7%   177 3403s
 36218 15755  349.20176   56  194  362.40000  312.75846  13.7%   178 3475s
 37563 16306  354.83890   51  219  362.40000  312.98018  13.6%   179 3533s
 38825 16878 infeasible   47       362.40000  313.32943  13.5%   180 3596s
 40075 17542  333.85283   40  272  362.40000  313.60746  13.5%   181 3656s
 41411 17543  356.38700   70  261  362.40000  313.80565  13.4%   183 4625s
 41413 17544  330.04233   52  210  362.40000  313.80565  13.4%   183 4657s
 41414 17545  347.99480   47  300  362.40000  313.80565  13.4%   183 4676s
 41415 17546  318.03064   47  299  362.40000  313.80565  13.4%   183 4688s
 41416 17546  329.78346   51  371  362.40000  313.80565  13.4%   183 4704s
 41417 17547  343.54221   63  417  362.40000  313.80565  13.4%   183 4716s
 41418 17548  317.15645   48  351  362.40000  313.80565  13.4%   183 4722s
 41419 17548  347.76225   62  398  362.40000  313.80565  13.4%   183 4729s
 41420 17549  320.13287   55  347  362.40000  313.80565  13.4%   183 4736s
 41421 17550  333.10000   57  404  362.40000  313.80565  13.4%   183 4741s
 41422 17550  348.27158   46  449  362.40000  313.80565  13.4%   183 4745s
 41424 17552  336.71644   41  361  362.40000  313.80565  13.4%   183 4750s
 41426 17553  333.12557   52  440  362.40000  313.80565  13.4%   183 4757s
 41427 17554  343.37835   39  361  362.40000  313.80565  13.4%   183 4760s
 41428 17554  348.87104   51  450  362.40000  313.80565  13.4%   183 4779s
 41429 17555  335.74162   46  441  362.40000  313.80565  13.4%   183 4795s
 41431 17556  341.34521   55  528  362.40000  313.80565  13.4%   183 4801s
 41432 17557  316.28623   43  458  362.40000  313.80565  13.4%   183 4805s
 41434 17558  359.87192   74  463  362.40000  313.80565  13.4%   183 4810s
 41435 17559  349.83650   48  478  362.40000  313.80565  13.4%   183 4880s
 41436 17560  325.57926   63  541  362.40000  313.80565  13.4%   183 4894s
 41437 17560  353.30204   47  501  362.40000  313.80565  13.4%   183 4898s
 41438 17561  362.29085   52  536  362.40000  313.80565  13.4%   183 4902s
 41440 17562  342.30566   58  516  362.40000  313.80565  13.4%   183 4906s
 41441 17563  329.57509   51  514  362.40000  313.80565  13.4%   183 4963s
 41442 17564  332.84043   51  474  362.40000  313.80565  13.4%   183 4992s
 41443 17564  323.35531   44  464  362.40000  313.80565  13.4%   183 4997s
 41444 17565  321.93591   49  493  362.40000  313.80565  13.4%   183 5001s
 41446 17566  340.12338   67  506  362.40000  313.80565  13.4%   183 5063s
 41447 17567  340.10042   58  396  362.40000  313.80565  13.4%   183 5073s
 41448 17568  314.13878   41  416  362.40000  313.80565  13.4%   183 5075s
 41449 17568  343.66921   71  429  362.40000  313.80565  13.4%   183 5144s
 41450 17569  356.12166   58  536  362.40000  313.80565  13.4%   183 5172s
 41451 17570  329.13447   39  497  362.40000  313.80565  13.4%   183 5178s
 41452 17570  354.35444   38  519  362.40000  313.80565  13.4%   183 5181s
 41453 17571  327.68656   47  539  362.40000  313.80565  13.4%   183 5185s
 41455 17572  347.02905   62  513  362.40000  313.80565  13.4%   183 5191s
 41456 17573  321.37422   46  513  362.40000  313.80565  13.4%   183 5259s
 41457 17574  349.08611   80  608  362.40000  314.75857  13.1%   183 5282s
 41458 17574  358.07220   55  580  362.40000  314.75857  13.1%   183 5286s
 41459 17575  346.65059   49  577  362.40000  314.75857  13.1%   183 5290s
 41461 17576  349.01317   77  610  362.40000  314.75857  13.1%   183 5364s
 41462 17577  349.90460   60  555  362.40000  315.18191  13.0%   183 5384s
 41463 17578  334.99502   56  603  362.40000  315.43208  13.0%   183 5390s
 41465 17579  357.74485   50  560  362.40000  315.51189  12.9%   183 5397s
 41466 17580  341.20227   50  574  362.40000  315.52212  12.9%   183 5400s
 41468 17581  318.66144   40  582  362.40000  315.52409  12.9%   183 5484s
 41469 17582  347.45974   40  555  362.40000  316.14773  12.8%   183 5507s
 41471 17583  352.67252   50  589  362.40000  316.14773  12.8%   183 5576s
 41472 17584  340.25262   51  614  362.40000  316.18959  12.8%   183 5597s
 41473 17584  354.90924   53  566  362.40000  316.18959  12.8%   183 5600s
 41475 17586  320.43137   53  595  362.40000  316.18959  12.8%   183 5675s
 41476 17586  362.04502   56  537  362.40000  316.88559  12.6%   183 5693s
 41477 17587  328.62685   53  597  362.40000  316.88559  12.6%   183 5697s
 41478 17588  326.25305   62  584  362.40000  316.88559  12.6%   183 5700s
 41479 17588  334.98904   47  598  362.40000  316.88559  12.6%   183 5762s
 41480 17589  341.32038   51  613  362.40000  317.40629  12.4%   183 5791s
 41482 17590  317.40629   50  587  362.40000  317.40629  12.4%   182 5797s
 41483 17591  321.72399   41  590  362.40000  317.40629  12.4%   182 5861s
 41484 17592  323.92839   48  571  362.40000  317.53212  12.4%   182 5878s
 41485 17592  320.34016   38  584  362.40000  317.53212  12.4%   182 5881s
 41487 17594  337.36945   48  582  362.40000  317.53212  12.4%   182 5943s
 41488 17594  340.66302   63  553  362.40000  317.55840  12.4%   182 5952s
 41490 17596  354.22997   62  590  362.40000  317.55840  12.4%   182 6017s
 41491 17596  337.42081   40  534  362.40000  317.56710  12.4%   182 6034s
 41492 17597  348.71441   44  554  362.40000  317.56710  12.4%   182 6038s
 41493 17598  317.56710   49  562  362.40000  317.56710  12.4%   182 6041s
 41494 17598  349.45544   64  566  362.40000  317.56710  12.4%   182 6108s
 41495 17599  323.48151   59  514  362.40000  318.47941  12.1%   182 6123s
 41496 17600  349.52660   51  518  362.40000  318.47941  12.1%   182 6126s
 41498 17601  350.70594   43  539  362.40000  318.47941  12.1%   182 6195s
 41499 17602  348.81358   69  415  362.40000  318.48447  12.1%   182 6212s
 41500 17602  318.62746   62  422  362.40000  318.49633  12.1%   182 6215s
 41502 17604  362.13160   51  438  362.40000  318.50346  12.1%   182 6220s
 41503 17604  318.50346   36  438  362.40000  318.50346  12.1%   182 6284s
 41504 17605  318.59279   52  464  362.40000  318.59279  12.1%   182 6322s
 41505 17606  344.81722   66  455  362.40000  318.59279  12.1%   182 6325s
 41507 17607  339.48147   44  462  362.40000  318.59279  12.1%   182 6330s
 41508 17608  318.59279   49  468  362.40000  318.59279  12.1%   182 6394s
 41509 17608  318.70076   45  459  362.40000  318.70076  12.1%   182 6415s
 41510 17609  346.64234   53  460  362.40000  318.70076  12.1%   182 6480s
 41511 17610  356.38700   70  465  362.40000  318.70076  12.1%   182 6516s
 41512 17610  324.35000   44  451  362.40000  318.70076  12.1%   182 6574s
 41513 17611  330.04233   52  501  362.40000  318.89714  12.0%   182 6604s
 41514 17612  347.99480   47  510  362.40000  318.89714  12.0%   182 6607s
 41515 17612  318.89714   47  521  362.40000  318.89714  12.0%   182 6612s
 41516 17613  329.78346   51  512  362.40000  318.89714  12.0%   182 6676s
 41517 17614  343.54221   63  504  362.40000  318.89714  12.0%   182 6685s
 41519 17615  347.76225   62  451  362.40000  318.89714  12.0%   182 6748s
 41520 17616  320.13287   55  453  362.40000  318.92873  12.0%   182 6777s
 41521 17616  333.10000   57  493  362.40000  318.95803  12.0%   182 6780s
 41524 17618  336.71644   41  501  362.40000  318.99090  12.0%   182 6786s
 41525 17619  339.80386   47  511  362.40000  318.99105  12.0%   182 6849s
 41526 17620  333.12557   52  496  362.40000  319.07228  12.0%   182 6964s
 41527 17620  343.37835   39  502  362.40000  319.07228  12.0%   182 7026s
 41528 17621  348.87104   51  384  362.40000  319.07487  12.0%   182 7067s
 41529 17622  335.74162   46  388  362.40000  319.07487  12.0%   182 7070s
 41530 17622  345.14562   67  454  362.40000  319.07487  12.0%   182 7132s
 41531 17623  341.34521   55  451  362.40000  319.39139  11.9%   182 7145s
 41533 17624  358.30016   43  479  362.40000  319.39139  11.9%   182 7150s
 41535 17626  349.83650   48  505  362.40000  319.39139  11.9%   182 7226s
 41536 17626  325.57926   63  527  362.40000  319.39139  11.9%   182 7254s
 41537 17627  353.30204   47  513  362.40000  319.39139  11.9%   182 7257s
 41539 17628  343.47601   56  519  362.40000  319.39139  11.9%   182 7261s
 41540 17629  342.30566   58  522  362.40000  319.39139  11.9%   182 7333s
 41541 17630  329.57509   51  516  362.40000  319.39139  11.9%   182 7345s
 41543 17631  323.35531   44  466  362.40000  319.39139  11.9%   182 7350s
 41545 17632  349.58367   59  453  362.40000  319.39139  11.9%   182 7355s
 41546 17633  340.12338   67  453  362.40000  319.39139  11.9%   182 7410s
 41547 17634  340.10042   58  519  362.40000  319.54930  11.8%   182 7447s
 41548 17634  319.60770   41  515  362.40000  319.60770  11.8%   182 7452s
 41550 17636  356.12166   58  548  362.40000  319.62473  11.8%   182 7458s
 41551 17636  329.13447   39  541  362.40000  319.63207  11.8%   182 7460s
 41552 17637  354.35444   38  557  362.40000  319.63227  11.8%   182 7527s
 41553 17638  327.68656   47  556  362.40000  319.63795  11.8%   182 7535s
 41554 17638  327.07492   43  564  362.40000  319.63795  11.8%   182 7599s
 41555 17639  347.02905   62  600  362.40000  319.81370  11.8%   182 7640s
 41556 17640  321.37422   46  561  362.40000  319.81370  11.8%   182 7645s
 41558 17641  358.07220   55  571  362.40000  319.81370  11.8%   182 7721s
 41559 17642  346.65059   49  588  362.40000  319.81370  11.8%   182 7730s
 41561 17643  349.01317   77  623  362.40000  319.81370  11.8%   182 7735s
 41562 17644  349.90460   60  627  362.40000  319.81370  11.8%   182 7807s
 41563 17644  334.99502   56  609  362.40000  319.89166  11.7%   182 7845s
 41566 17646  341.20227   50  657  362.40000  319.89166  11.7%   182 7851s
 41567 17647  336.10875   49  660  362.40000  319.89166  11.7%   182 7925s
 41568 17648  319.96923   40  661  362.40000  319.96923  11.7%   182 7930s
 41569 17648  347.45974   40  661  362.40000  319.96923  11.7%   182 8007s
 41570 17649  343.17481   53  631  362.40000  319.99511  11.7%   182 8031s
 41571 17650  352.67252   50  639  362.40000  319.99511  11.7%   182 8102s
 41572 17650  340.25262   51  600  362.40000  319.99511  11.7%   182 8180s
 41573 17651  354.90924   53  614  362.40000  319.99511  11.7%   182 8252s
 41574 17652  360.23052   77  579  362.40000  319.99511  11.7%   182 8358s
 41575 17652  320.43137   53  582  362.40000  319.99511  11.7%   182 8360s
 41577 17654  328.62685   53  601  362.40000  319.99511  11.7%   182 8425s
 41578 17654  326.25305   62  592  362.40000  319.99511  11.7%   182 8431s
 41580 17656  341.32038   51  590  362.40000  319.99511  11.7%   182 8435s
 41581 17656  325.96582   57  593  362.40000  319.99511  11.7%   182 8490s
 41582 17657  319.99511   50  600  362.40000  319.99511  11.7%   182 8513s
 41584 17658  323.92839   48  566  362.40000  320.00658  11.7%   182 8584s
 41585 17659  320.38088   38  612  362.40000  320.38088  11.6%   182 8591s
 41587 17660  337.36945   48  598  362.40000  320.38088  11.6%   182 8595s
 41588 17661  340.66302   63  593  362.40000  320.38088  11.6%   182 8667s
 41589 17662  326.22004   47  575  362.40000  320.56845  11.5%   182 8696s
 41591 17663  337.42081   40  652  362.40000  320.56845  11.5%   182 8701s
 41593 17664  320.56845   49  626  362.40000  320.56845  11.5%   182 8779s
 41594 17665  349.45544   64  626  362.40000  320.56845  11.5%   182 8790s
 41595 17666  323.48151   59  626  362.40000  320.56845  11.5%   182 8876s
 41596 17666  349.52660   51  658  362.40000  320.56845  11.5%   182 8910s
 41598 17668  350.70594   43  592  362.40000  320.56845  11.5%   182 8984s
 41599 17668  348.81358   69  527  362.40000  320.56845  11.5%   182 8995s
 41600 17669  320.56845   62  550  362.40000  320.56845  11.5%   182 9000s
 41602 17670  362.13160   51  559  362.40000  320.56845  11.5%   182 9088s
 41603 17671  320.56845   36  559  362.40000  320.56845  11.5%   182 9125s
 41604 17672  320.56845   52  559  362.40000  320.56845  11.5%   182 9195s
 41605 17672  344.81722   66  556  362.40000  320.65332  11.5%   182 9213s
 41606 17673  353.63615   47  545  362.40000  320.65332  11.5%   182 9217s
 41607 17674  339.48147   44  556  362.40000  320.65332  11.5%   182 9220s
 41609 17675  320.65332   45  571  362.40000  320.65332  11.5%   182 9303s
 41610 17676  346.64234   53  582  362.40000  320.65332  11.5%   182 9344s
 41611 17676  356.38700   70  583  362.40000  320.65332  11.5%   182 9423s
 41612 17677  324.35000   44  593  362.40000  320.71753  11.5%   182 9430s
 41613 17678  330.04233   52  592  362.40000  320.71753  11.5%   182 9521s
 41614 17678  347.99480   47  602  362.40000  320.71753  11.5%   182 9553s
 41615 17679  320.71753   47  609  362.40000  320.71753  11.5%   182 9633s
 41616 17680  329.78346   51  607  362.40000  320.71753  11.5%   182 9642s
 41617 17680  343.54221   63  606  362.40000  320.71753  11.5%   182 9737s
 41618 17681  320.71753   48  606  362.40000  320.71753  11.5%   182 9796s
 41619 17682  347.76225   62  601  362.40000  320.71753  11.5%   182 9879s
 41620 17682  320.71753   55  607  362.40000  320.71753  11.5%   182 9888s
 41621 17683  333.10000   57  594  362.40000  320.71753  11.5%   182 9891s
 41622 17684  348.27158   46  597  362.40000  320.71753  11.5%   182 9976s
 41623 17684  353.37665   59  599  362.40000  320.71753  11.5%   182 10020s
 41624 17685  336.71644   41  597  362.40000  320.71753  11.5%   182 10102s
 41625 17686  339.80386   47  533  362.40000  320.71753  11.5%   182 10116s
 41626 17686  333.12557   52  634  362.40000  320.71753  11.5%   182 10121s
 41628 17688  348.87104   51  617  362.40000  320.71753  11.5%   182 10128s
 41629 17688  335.74162   46  618  362.40000  320.71753  11.5%   182 10213s
 41630 17689  345.14562   67  636  362.40000  320.80224  11.5%   182 10258s
 41631 17690  341.34521   55  641  362.40000  320.80224  11.5%   182 10261s
 41633 17691  358.30016   43  646  362.40000  320.80224  11.5%   182 10267s
 41634 17692  359.87192   74  649  362.40000  320.80224  11.5%   182 10271s
 41635 17692  349.83650   48  651  362.40000  320.80224  11.5%   182 10365s
 41636 17693  325.57926   63  683  362.40000  320.94722  11.4%   182 10421s
 41638 17694  362.29085   52  687  362.40000  320.94722  11.4%   182 10520s
 41639 17695  343.47601   56  672  362.40000  320.94722  11.4%   182 10566s
 41640 17696  342.30566   58  672  362.40000  320.94722  11.4%   182 10673s
 41641 17696  329.57509   51  673  362.40000  320.94722  11.4%   182 10678s
 41642 17697  332.84043   51  647  362.40000  320.94722  11.4%   182 10782s
 41643 17698  323.35531   44  647  362.40000  320.94722  11.4%   182 10832s
 41644 17698  321.93591   49  647  362.40000  320.94722  11.4%   182 10936s
 41645 17699  349.58367   59  647  362.40000  320.94722  11.4%   182 11041s
 41646 17700  340.12338   67  643  362.40000  320.94722  11.4%   182 11212s
 41647 17700  340.10042   58  650  362.40000  320.94722  11.4%   182 11313s
 41648 17701  320.94722   41  641  362.40000  320.94722  11.4%   182 11493s
 41649 17702  343.66921   71  656  362.40000  320.94722  11.4%   182 11600s
 41650 17702  356.12166   58  647  362.40000  320.94722  11.4%   182 11614s
 41651 17703  329.13447   39  648  362.40000  320.94722  11.4%   182 11718s
 41652 17704  354.35444   38  637  362.40000  320.94722  11.4%   182 11729s
 41653 17704  327.68656   47  639  362.40000  320.94722  11.4%   182 11730s
 41655 17706  347.02905   62  658  362.40000  320.94722  11.4%   182 11846s
 41656 17706  321.37422   46  622  362.40000  321.05900  11.4%   182 11895s
 41657 17707  349.08611   80  590  362.40000  321.11721  11.4%   182 11902s
 41658 17708  358.07220   55  625  362.40000  321.11834  11.4%   182 11905s

Cutting planes:
  Gomory: 28
  Cover: 82
  Implied bound: 7
  Projected implied bound: 1
  Clique: 83
  MIR: 113
  Flow cover: 331
  Inf proof: 5
  Zero half: 156
  RLT: 19
  Relax-and-lift: 38

Explored 41658 nodes (7609018 simplex iterations) in 12012.23 seconds (1263.96 work units)
Thread count was 32 (of 32 available processors)

Solution count 4: 362.4 364 367.3 401.4 

Time limit reached
Best objective 3.624000000000e+02, best bound 3.212000000000e+02, gap 11.3687%

== Veículo 0 ==
Rota: 0 -> 5 -> 3 -> 7 -> 8 -> 10 -> 11 -> 9 -> 6 -> 4 -> 2 -> 1 -> 51
  Nó |  Chegada |    Saída |  Carga_in | Carga_out
   0 |     0.00 |     0.00 |      0.00 |      10.0
   5 |    15.10 |   105.10 |     10.00 |      20.0
   3 |   106.10 |   196.10 |     20.00 |      40.0
   7 |   198.10 |   288.10 |     40.00 |      60.0
   8 |   290.90 |   380.90 |     60.00 |      70.0
  10 |   384.50 |   474.50 |     70.00 |      80.0
  11 |   477.50 |   567.50 |     80.00 |      90.0
   9 |   570.60 |   660.60 |     90.00 |     110.0
   6 |   662.80 |   752.80 |    110.00 |     120.0
   4 |   755.00 |   845.00 |    120.00 |     150.0
   2 |   848.60 |   938.60 |    150.00 |     160.0
   1 |   940.60 |  1030.60 |    160.00 |       0.0
  51 |  1049.20 |  1049.20 |      0.00 |         -

== Veículo 1 ==
Rota: 0 -> 13 -> 17 -> 18 -> 19 -> 15 -> 16 -> 14 -> 12 -> 51
  Nó |  Chegada |    Saída |  Carga_in | Carga_out
   0 |     0.00 |     0.00 |      0.00 |      30.0
  13 |    30.80 |   120.80 |     30.00 |      50.0
  17 |   124.80 |   214.80 |     50.00 |      70.0
  18 |   217.80 |   307.80 |     70.00 |      80.0
  19 |   312.80 |   402.80 |     80.00 |     120.0
  15 |   407.80 |   497.80 |    120.00 |     160.0
  16 |   502.80 |   592.80 |    160.00 |     170.0
  14 |   594.80 |   684.80 |    170.00 |     190.0
  12 |   687.80 |   777.80 |    190.00 |       0.0
  51 |   815.80 |   815.80 |      0.00 |         -

== Veículo 2 ==
Rota: 0 -> 32 -> 33 -> 31 -> 35 -> 37 -> 38 -> 39 -> 36 -> 34 -> 51
  Nó |  Chegada |    Saída |  Carga_in | Carga_out
   0 |     0.00 |     0.00 |      0.00 |      30.0
  32 |    31.60 |   121.60 |     30.00 |      70.0
  33 |   197.70 |   287.70 |     70.00 |      90.0
  31 |   293.00 |   383.00 |     90.00 |     100.0
  35 |   388.00 |   478.00 |    100.00 |     120.0
  37 |   483.80 |   573.80 |    120.00 |     150.0
  38 |   575.80 |   665.80 |    150.00 |     170.0
  39 |   670.80 |   760.80 |    170.00 |     180.0
  36 |   765.80 |   855.80 |    180.00 |     200.0
  34 |   858.80 |   948.80 |    200.00 |       0.0
  51 |   981.10 |   981.10 |      0.00 |         -

== Veículo 3 ==
Rota: 0 -> 43 -> 42 -> 41 -> 40 -> 44 -> 45 -> 46 -> 48 -> 50 -> 49 -> 47 -> 51
  Nó |  Chegada |    Saída |  Carga_in | Carga_out
   0 |     0.00 |     0.00 |      0.00 |      10.0
  43 |    16.50 |   106.50 |     10.00 |      40.0
  42 |   109.50 |   199.50 |     40.00 |      50.0
  41 |   201.50 |   291.50 |     50.00 |      60.0
  40 |   293.50 |   383.50 |     60.00 |      70.0
  44 |   386.50 |   476.50 |     70.00 |      80.0
  45 |   478.50 |   568.50 |     80.00 |     110.0
  46 |   570.50 |   660.50 |    110.00 |     120.0
  48 |   786.00 |   876.00 |    120.00 |     130.0
  50 |   941.40 |  1031.40 |    130.00 |     140.0
  49 |  1035.00 |  1125.00 |    140.00 |     150.0
  47 |  1127.00 |  1217.00 |    150.00 |       0.0
  51 |  1235.00 |  1235.00 |      0.00 |         -

== Veículo 4 ==
Rota: 0 -> 20 -> 24 -> 25 -> 27 -> 29 -> 30 -> 28 -> 26 -> 23 -> 22 -> 21 -> 51
  Nó |  Chegada |    Saída |  Carga_in | Carga_out
   0 |     0.00 |     0.00 |      0.00 |      10.0
  20 |    10.00 |   100.00 |     10.00 |      20.0
  24 |   105.00 |   195.00 |     20.00 |      60.0
  25 |   197.00 |   287.00 |     60.00 |      70.0
  27 |   289.00 |   379.00 |     70.00 |      80.0
  29 |   382.60 |   472.60 |     80.00 |      90.0
  30 |   477.60 |   567.60 |     90.00 |     110.0
  28 |   570.60 |   660.60 |    110.00 |     120.0
  26 |   662.60 |   752.60 |    120.00 |     130.0
  23 |   755.60 |   845.60 |    130.00 |     150.0
  22 |   848.60 |   938.60 |    150.00 |     170.0
  21 |   940.60 |  1030.60 |    170.00 |       0.0
  51 |  1040.70 |  1040.70 |      0.00 |         -
Solução encontrada com sucesso!
tempo total exato: 12014.772195577621
 $$$$$$$$$$$$$$$$$ USOU ESTABILIZACAO False

--------------------------------------------------
Heurística retirada = 10
--------------------------------------------------
ATENÇÃO: clientes não couberam em rotas reais.
Criando rota artificial para garantir solução inteira inicial.
Clientes artificiais: [31, 35, 38]

=== ROTAS INICIAIS INTEIRAS ===
Veículo 0: [0, 20, 24, 27, 25, 30, 28, 26, 22, 23, 21, 49, 47, 51]
  custo = 78.5000 | artificial = False
Veículo 1: [0, 3, 5, 7, 8, 11, 10, 9, 6, 4, 2, 1, 51]
  custo = 61.8000 | artificial = False
Veículo 2: [0, 41, 42, 43, 44, 45, 46, 48, 50, 34, 51]
  custo = 92.7000 | artificial = False
Veículo 3: [0, 33, 40, 32, 29, 37, 39, 36, 31, 35, 38, 51]
  custo = 1000198.3000 | artificial = True
Veículo 4: [0, 18, 17, 13, 15, 19, 16, 14, 12, 51]
  custo = 102.6000 | artificial = False
Custo inicial inteiro = 1000533.9000
[CW] Após savings: 6 rotas, 5 veículos
[CW] Phase A.5: 2 clientes excedentes → rota combinada viável (custo=43.40), rotas=6
[CW] Phase B: rota combinada viável mas slot indisponível — tentando reinserção individual
[CW] Clientes não inseríveis após Phase B — tentando reinserção:
  cliente 10: ready=279 due=488 demand=10 service=90
  [FAIL] cliente 10 sem posição viável em nenhuma rota
[CW] 1 clientes sem inserção viável → rota artificial

=== ROTAS INICIAIS CW ===
Veículo 0: [0, 43, 42, 41, 40, 44, 46, 48, 45, 50, 49, 47, 51]
  custo = 62.1000 | artificial = False
Veículo 1: [0, 20, 5, 3, 7, 8, 11, 9, 6, 4, 2, 1, 51]
  custo = 69.8000 | artificial = False
Veículo 2: [0, 24, 25, 27, 30, 29, 28, 26, 23, 22, 21, 51]
  custo = 54.1000 | artificial = False
Veículo 3: [0, 33, 32, 31, 35, 38, 37, 39, 36, 34, 51]
  custo = 100.1000 | artificial = False
Veículo 4: [0, 13, 18, 17, 15, 19, 16, 14, 12, 10, 51]
  custo = 1000101.2000 | artificial = True
Custo inicial CW = 1000387.3000
[CONSTRUTIVA] VENCEDOR: Clarke-Wright (1 art, custo_art=1000101.20) vs Inteligente (1 art, custo_art=1000198.30)
veic 0 rotas iniciais = 1
veic 1 rotas iniciais = 1
veic 2 rotas iniciais = 1
veic 3 rotas iniciais = 1
veic 4 rotas iniciais = 1

=========== PROCESSANDO NÓ 0 (prof=0, pai=None) ===========

--- Resolve nó 0 com POOL GLOBAL NORMALZITO ---
[Nó 0] Iter 0 - Obj = 1000387.3000  Colunas = 5 inst= instancias/c108.txt
[Nó 0] inst= instancias/c108.txt Colunas ativas na iteração 0: 
   veic=0 | col=0 | lambda=1.000000 | custo=62.1000 | rota=[0, 43, 42, 41, 40, 44, 46, 48, 45, 50, 49, 47, 51]
   veic=1 | col=0 | lambda=1.000000 | custo=69.8000 | rota=[0, 20, 5, 3, 7, 8, 11, 9, 6, 4, 2, 1, 51]
   veic=2 | col=0 | lambda=1.000000 | custo=54.1000 | rota=[0, 24, 25, 27, 30, 29, 28, 26, 23, 22, 21, 51]
   veic=3 | col=0 | lambda=1.000000 | custo=100.1000 | rota=[0, 33, 32, 31, 35, 38, 37, 39, 36, 34, 51]
   veic=4 | col=0 | lambda=1.000000 | custo=1000101.2000 | rota=[0, 13, 18, 17, 15, 19, 16, 14, 12, 10, 51]
Diff FO-  Sem melhora 0 
   valor recomposto = 1000387.300000

   valor recomposto = 1000387.300000

--- COBERTURA POR CLIENTE ---
cliente 01 | lambda=1.000000 | slack=0.000000 | y_low=0.000000 | y_up=0.000000 | total_real=1.000000
cliente 02 | lambda=1.000000 | slack=0.000000 | y_low=0.000000 | y_up=0.000000 | total_real=1.000000
cliente 03 | lambda=1.000000 | slack=0.000000 | y_low=0.000000 | y_up=0.000000 | total_real=1.000000
cliente 04 | lambda=1.000000 | slack=0.000000 | y_low=0.000000 | y_up=0.000000 | total_real=1.000000
cliente 05 | lambda=1.000000 | slack=0.000000 | y_low=0.000000 | y_up=0.000000 | total_real=1.000000
cliente 06 | lambda=1.000000 | slack=0.000000 | y_low=0.000000 | y_up=0.000000 | total_real=1.000000
cliente 07 | lambda=1.000000 | slack=0.000000 | y_low=0.000000 | y_up=0.000000 | total_real=1.000000
cliente 08 | lambda=1.000000 | slack=0.000000 | y_low=0.000000 | y_up=0.000000 | total_real=1.000000
cliente 09 | lambda=1.000000 | slack=0.000000 | y_low=0.000000 | y_up=0.000000 | total_real=1.000000
cliente 10 | lambda=1.000000 | slack=0.000000 | y_low=0.000000 | y_up=0.000000 | total_real=1.000000
cliente 11 | lambda=1.000000 | slack=0.000000 | y_low=0.000000 | y_up=0.000000 | total_real=1.000000
cliente 12 | lambda=1.000000 | slack=0.000000 | y_low=0.000000 | y_up=0.000000 | total_real=1.000000
cliente 13 | lambda=1.000000 | slack=0.000000 | y_low=0.000000 | y_up=0.000000 | total_real=1.000000
cliente 14 | lambda=1.000000 | slack=0.000000 | y_low=0.000000 | y_up=0.000000 | total_real=1.000000
cliente 15 | lambda=1.000000 | slack=0.000000 | y_low=0.000000 | y_up=0.000000 | total_real=1.000000
cliente 16 | lambda=1.000000 | slack=0.000000 | y_low=0.000000 | y_up=0.000000 | total_real=1.000000
cliente 17 | lambda=1.000000 | slack=0.000000 | y_low=0.000000 | y_up=0.000000 | total_real=1.000000
cliente 18 | lambda=1.000000 | slack=0.000000 | y_low=0.000000 | y_up=0.000000 | total_real=1.000000
cliente 19 | lambda=1.000000 | slack=0.000000 | y_low=0.000000 | y_up=0.000000 | total_real=1.000000
cliente 20 | lambda=1.000000 | slack=0.000000 | y_low=0.000000 | y_up=0.000000 | total_real=1.000000
cliente 21 | lambda=1.000000 | slack=0.000000 | y_low=0.000000 | y_up=0.000000 | total_real=1.000000
cliente 22 | lambda=1.000000 | slack=0.000000 | y_low=0.000000 | y_up=0.000000 | total_real=1.000000
cliente 23 | lambda=1.000000 | slack=0.000000 | y_low=0.000000 | y_up=0.000000 | total_real=1.000000
cliente 24 | lambda=1.000000 | slack=0.000000 | y_low=0.000000 | y_up=0.000000 | total_real=1.000000
cliente 25 | lambda=1.000000 | slack=0.000000 | y_low=0.000000 | y_up=0.000000 | total_real=1.000000
cliente 26 | lambda=1.000000 | slack=0.000000 | y_low=0.000000 | y_up=0.000000 | total_real=1.000000
cliente 27 | lambda=1.000000 | slack=0.000000 | y_low=0.000000 | y_up=0.000000 | total_real=1.000000
cliente 28 | lambda=1.000000 | slack=0.000000 | y_low=0.000000 | y_up=0.000000 | total_real=1.000000
cliente 29 | lambda=1.000000 | slack=0.000000 | y_low=0.000000 | y_up=0.000000 | total_real=1.000000
cliente 30 | lambda=1.000000 | slack=0.000000 | y_low=0.000000 | y_up=0.000000 | total_real=1.000000
cliente 31 | lambda=1.000000 | slack=0.000000 | y_low=0.000000 | y_up=0.000000 | total_real=1.000000
cliente 32 | lambda=1.000000 | slack=0.000000 | y_low=0.000000 | y_up=0.000000 | total_real=1.000000
cliente 33 | lambda=1.000000 | slack=0.000000 | y_low=0.000000 | y_up=0.000000 | total_real=1.000000
cliente 34 | lambda=1.000000 | slack=0.000000 | y_low=0.000000 | y_up=0.000000 | total_real=1.000000
cliente 35 | lambda=1.000000 | slack=0.000000 | y_low=0.000000 | y_up=0.000000 | total_real=1.000000
cliente 36 | lambda=1.000000 | slack=0.000000 | y_low=0.000000 | y_up=0.000000 | total_real=1.000000
cliente 37 | lambda=1.000000 | slack=0.000000 | y_low=0.000000 | y_up=0.000000 | total_real=1.000000
cliente 38 | lambda=1.000000 | slack=0.000000 | y_low=0.000000 | y_up=0.000000 | total_real=1.000000
cliente 39 | lambda=1.000000 | slack=0.000000 | y_low=0.000000 | y_up=0.000000 | total_real=1.000000
cliente 40 | lambda=1.000000 | slack=0.000000 | y_low=0.000000 | y_up=0.000000 | total_real=1.000000
cliente 41 | lambda=1.000000 | slack=0.000000 | y_low=0.000000 | y_up=0.000000 | total_real=1.000000
cliente 42 | lambda=1.000000 | slack=0.000000 | y_low=0.000000 | y_up=0.000000 | total_real=1.000000
cliente 43 | lambda=1.000000 | slack=0.000000 | y_low=0.000000 | y_up=0.000000 | total_real=1.000000
cliente 44 | lambda=1.000000 | slack=0.000000 | y_low=0.000000 | y_up=0.000000 | total_real=1.000000
cliente 45 | lambda=1.000000 | slack=0.000000 | y_low=0.000000 | y_up=0.000000 | total_real=1.000000
cliente 46 | lambda=1.000000 | slack=0.000000 | y_low=0.000000 | y_up=0.000000 | total_real=1.000000
cliente 47 | lambda=1.000000 | slack=0.000000 | y_low=0.000000 | y_up=0.000000 | total_real=1.000000
cliente 48 | lambda=1.000000 | slack=0.000000 | y_low=0.000000 | y_up=0.000000 | total_real=1.000000
cliente 49 | lambda=1.000000 | slack=0.000000 | y_low=0.000000 | y_up=0.000000 | total_real=1.000000
cliente 50 | lambda=1.000000 | slack=0.000000 | y_low=0.000000 | y_up=0.000000 | total_real=1.000000


================ DUAIS DO MESTRE ================

PI (clientes):
  pi[1] =  10000.000000
  pi[2] =  10000.000000
  pi[3] =  10000.000000
  pi[4] =  10000.000000
  pi[5] =  10000.000000
  pi[6] =  10000.000000
  pi[7] =  10000.000000
  pi[8] =  10000.000000
  pi[9] =  10000.000000
  pi[10] =  10000.000000
  pi[11] =  10000.000000
  pi[12] =  10000.000000
  pi[13] =  10000.000000
  pi[14] =  10000.000000
  pi[15] =  10000.000000
  pi[16] =  10000.000000
  pi[17] =  10000.000000
  pi[18] =  10000.000000
  pi[19] =  10000.000000
  pi[20] =  10000.000000
  pi[21] =  10000.000000
  pi[22] =  10000.000000
  pi[23] =  10000.000000
  pi[24] =  10000.000000
  pi[25] =  10000.000000
  pi[26] =  10000.000000
  pi[27] =  10000.000000
  pi[28] =  10000.000000
  pi[29] =  10000.000000
  pi[30] =  10000.000000
  pi[31] =  10000.000000
  pi[32] =  10000.000000
  pi[33] =  10000.000000
  pi[34] =  10000.000000
  pi[35] =  10000.000000
  pi[36] =  10000.000000
  pi[37] =  10000.000000
  pi[38] =  10000.000000
  pi[39] =  10000.000000
  pi[40] =  10000.000000
  pi[41] =  10000.000000
  pi[42] =  10000.000000
  pi[43] =  10000.000000
  pi[44] =  10000.000000
  pi[45] =  10000.000000
  pi[46] =  10000.000000
  pi[47] =  10000.000000
  pi[48] =  10000.000000
  pi[49] =  10000.000000
  pi[50] =  10000.000000

SIGMA (veículos):
  sigma[0] = -109937.900000
  sigma[1] = -109930.200000
  sigma[2] = -99945.900000
  sigma[3] = -89899.900000
  sigma[4] =  910101.200000

MU (arcos):
  sem duais de arco
=================================================

TESTA ALLBEST

[ALLBEST GEROU CANDIDATA]
k=4
rc=-1030025.600000
custo=75.600000
seq=[0, 20, 24, 25, 27, 29, 30, 28, 26, 23, 22, 21, 47, 51]
TESTA ALLBEST

[ALLBEST GEROU CANDIDATA]
k=3
rc=-20024.500000
custo=75.600000
seq=[0, 24, 25, 27, 29, 30, 28, 26, 23, 22, 21, 47, 51]
TESTA ALLBEST

[ALLBEST GEROU CANDIDATA]
k=2
rc=-9959.100000
custo=95.000000
seq=[0, 43, 20, 24, 29, 30, 28, 26, 22, 21, 49, 47, 51]
TESTA ALLBEST

[ALLBEST GEROU CANDIDATA]
k=1
rc=-9973.900000
custo=95.900000
seq=[0, 43, 20, 25, 27, 29, 30, 28, 26, 22, 21, 49, 47, 51]
TESTA ALLBEST

[ALLBEST GEROU CANDIDATA]
k=0
rc=-9969.000000
custo=93.100000
seq=[0, 5, 3, 7, 8, 11, 10, 26, 23, 22, 21, 50, 47, 51]
Tempo total nessa geracao : 0.6s
Tempo total no NO: 0.6s
TAMANHO NOVAS COL 5

--- Nova Coluna ---
Veículo: 4
Sequência: [0, 20, 24, 25, 27, 29, 30, 28, 26, 23, 22, 21, 47, 51]
Custo: 75.60
Custo Reduzido: -1030025.600000
Clientes atendidos: [20, 21, 22, 23, 24, 25, 26, 27, 28, 29, 30, 47]
TAMANHO NOVAS COL 5

--- Nova Coluna ---
Veículo: 3
Sequência: [0, 24, 25, 27, 29, 30, 28, 26, 23, 22, 21, 47, 51]
Custo: 75.60
Custo Reduzido: -20024.500000
Clientes atendidos: [21, 22, 23, 24, 25, 26, 27, 28, 29, 30, 47]
TAMANHO NOVAS COL 5

--- Nova Coluna ---
Veículo: 2
Sequência: [0, 43, 20, 24, 29, 30, 28, 26, 22, 21, 49, 47, 51]
Custo: 95.00
Custo Reduzido: -9959.100000
Clientes atendidos: [20, 21, 22, 24, 26, 28, 29, 30, 43, 47, 49]
TAMANHO NOVAS COL 5

--- Nova Coluna ---
Veículo: 1
Sequência: [0, 43, 20, 25, 27, 29, 30, 28, 26, 22, 21, 49, 47, 51]
Custo: 95.90
Custo Reduzido: -9973.900000
Clientes atendidos: [20, 21, 22, 25, 26, 27, 28, 29, 30, 43, 47, 49]
TAMANHO NOVAS COL 5

--- Nova Coluna ---
Veículo: 0
Sequência: [0, 5, 3, 7, 8, 11, 10, 26, 23, 22, 21, 50, 47, 51]
Custo: 93.10
Custo Reduzido: -9969.000000
Clientes atendidos: [3, 5, 7, 8, 10, 11, 21, 22, 23, 26, 47, 50]

Nao adicionou no k 0
Nao adicionou no k 1
Nao adicionou no k 0
Nao adicionou no k 1
[Nó 0] Iter 1 - Obj = 1000387.3000  Colunas = 26 inst= instancias/c108.txt
[Nó 0] inst= instancias/c108.txt Colunas ativas na iteração 1: 
   veic=0 | col=0 | lambda=1.000000 | custo=62.1000 | rota=[0, 43, 42, 41, 40, 44, 46, 48, 45, 50, 49, 47, 51]
   veic=1 | col=0 | lambda=1.000000 | custo=69.8000 | rota=[0, 20, 5, 3, 7, 8, 11, 9, 6, 4, 2, 1, 51]
   veic=2 | col=0 | lambda=1.000000 | custo=54.1000 | rota=[0, 24, 25, 27, 30, 29, 28, 26, 23, 22, 21, 51]
   veic=3 | col=0 | lambda=1.000000 | custo=100.1000 | rota=[0, 33, 32, 31, 35, 38, 37, 39, 36, 34, 51]
   veic=4 | col=0 | lambda=1.000000 | custo=1000101.2000 | rota=[0, 13, 18, 17, 15, 19, 16, 14, 12, 10, 51]
MESMA FO-  Sem melhora 1 Recom 1000387.2999999999 Ultmf 1000387.2999999999  VALOR SUB 0.0
   valor recomposto = 1000387.300000

   valor recomposto = 1000387.300000

--- COBERTURA POR CLIENTE ---
cliente 01 | lambda=1.000000 | slack=0.000000 | y_low=0.000000 | y_up=0.000000 | total_real=1.000000
cliente 02 | lambda=1.000000 | slack=0.000000 | y_low=0.000000 | y_up=0.000000 | total_real=1.000000
cliente 03 | lambda=1.000000 | slack=0.000000 | y_low=0.000000 | y_up=0.000000 | total_real=1.000000
cliente 04 | lambda=1.000000 | slack=0.000000 | y_low=0.000000 | y_up=0.000000 | total_real=1.000000
cliente 05 | lambda=1.000000 | slack=0.000000 | y_low=0.000000 | y_up=0.000000 | total_real=1.000000
cliente 06 | lambda=1.000000 | slack=0.000000 | y_low=0.000000 | y_up=0.000000 | total_real=1.000000
cliente 07 | lambda=1.000000 | slack=0.000000 | y_low=0.000000 | y_up=0.000000 | total_real=1.000000
cliente 08 | lambda=1.000000 | slack=0.000000 | y_low=0.000000 | y_up=0.000000 | total_real=1.000000
cliente 09 | lambda=1.000000 | slack=0.000000 | y_low=0.000000 | y_up=0.000000 | total_real=1.000000
cliente 10 | lambda=1.000000 | slack=0.000000 | y_low=0.000000 | y_up=0.000000 | total_real=1.000000
cliente 11 | lambda=1.000000 | slack=0.000000 | y_low=0.000000 | y_up=0.000000 | total_real=1.000000
cliente 12 | lambda=1.000000 | slack=0.000000 | y_low=0.000000 | y_up=0.000000 | total_real=1.000000
cliente 13 | lambda=1.000000 | slack=0.000000 | y_low=0.000000 | y_up=0.000000 | total_real=1.000000
cliente 14 | lambda=1.000000 | slack=0.000000 | y_low=0.000000 | y_up=0.000000 | total_real=1.000000
cliente 15 | lambda=1.000000 | slack=0.000000 | y_low=0.000000 | y_up=0.000000 | total_real=1.000000
cliente 16 | lambda=1.000000 | slack=0.000000 | y_low=0.000000 | y_up=0.000000 | total_real=1.000000
cliente 17 | lambda=1.000000 | slack=0.000000 | y_low=0.000000 | y_up=0.000000 | total_real=1.000000
cliente 18 | lambda=1.000000 | slack=0.000000 | y_low=0.000000 | y_up=0.000000 | total_real=1.000000
cliente 19 | lambda=1.000000 | slack=0.000000 | y_low=0.000000 | y_up=0.000000 | total_real=1.000000
cliente 20 | lambda=1.000000 | slack=0.000000 | y_low=0.000000 | y_up=0.000000 | total_real=1.000000
cliente 21 | lambda=1.000000 | slack=0.000000 | y_low=0.000000 | y_up=0.000000 | total_real=1.000000
cliente 22 | lambda=1.000000 | slack=0.000000 | y_low=0.000000 | y_up=0.000000 | total_real=1.000000
cliente 23 | lambda=1.000000 | slack=0.000000 | y_low=0.000000 | y_up=0.000000 | total_real=1.000000
cliente 24 | lambda=1.000000 | slack=0.000000 | y_low=0.000000 | y_up=0.000000 | total_real=1.000000
cliente 25 | lambda=1.000000 | slack=0.000000 | y_low=0.000000 | y_up=0.000000 | total_real=1.000000
cliente 26 | lambda=1.000000 | slack=0.000000 | y_low=0.000000 | y_up=0.000000 | total_real=1.000000
cliente 27 | lambda=1.000000 | slack=0.000000 | y_low=0.000000 | y_up=0.000000 | total_real=1.000000
cliente 28 | lambda=1.000000 | slack=0.000000 | y_low=0.000000 | y_up=0.000000 | total_real=1.000000
cliente 29 | lambda=1.000000 | slack=0.000000 | y_low=0.000000 | y_up=0.000000 | total_real=1.000000
cliente 30 | lambda=1.000000 | slack=0.000000 | y_low=0.000000 | y_up=0.000000 | total_real=1.000000
cliente 31 | lambda=1.000000 | slack=0.000000 | y_low=0.000000 | y_up=0.000000 | total_real=1.000000
cliente 32 | lambda=1.000000 | slack=0.000000 | y_low=0.000000 | y_up=0.000000 | total_real=1.000000
cliente 33 | lambda=1.000000 | slack=0.000000 | y_low=0.000000 | y_up=0.000000 | total_real=1.000000
cliente 34 | lambda=1.000000 | slack=0.000000 | y_low=0.000000 | y_up=0.000000 | total_real=1.000000
cliente 35 | lambda=1.000000 | slack=0.000000 | y_low=0.000000 | y_up=0.000000 | total_real=1.000000
cliente 36 | lambda=1.000000 | slack=0.000000 | y_low=0.000000 | y_up=0.000000 | total_real=1.000000
cliente 37 | lambda=1.000000 | slack=0.000000 | y_low=0.000000 | y_up=0.000000 | total_real=1.000000
cliente 38 | lambda=1.000000 | slack=0.000000 | y_low=0.000000 | y_up=0.000000 | total_real=1.000000
cliente 39 | lambda=1.000000 | slack=0.000000 | y_low=0.000000 | y_up=0.000000 | total_real=1.000000
cliente 40 | lambda=1.000000 | slack=0.000000 | y_low=0.000000 | y_up=0.000000 | total_real=1.000000
cliente 41 | lambda=1.000000 | slack=0.000000 | y_low=0.000000 | y_up=0.000000 | total_real=1.000000
cliente 42 | lambda=1.000000 | slack=0.000000 | y_low=0.000000 | y_up=0.000000 | total_real=1.000000
cliente 43 | lambda=1.000000 | slack=0.000000 | y_low=0.000000 | y_up=0.000000 | total_real=1.000000
cliente 44 | lambda=1.000000 | slack=0.000000 | y_low=0.000000 | y_up=0.000000 | total_real=1.000000
cliente 45 | lambda=1.000000 | slack=0.000000 | y_low=0.000000 | y_up=0.000000 | total_real=1.000000
cliente 46 | lambda=1.000000 | slack=0.000000 | y_low=0.000000 | y_up=0.000000 | total_real=1.000000
cliente 47 | lambda=1.000000 | slack=0.000000 | y_low=0.000000 | y_up=0.000000 | total_real=1.000000
cliente 48 | lambda=1.000000 | slack=0.000000 | y_low=0.000000 | y_up=0.000000 | total_real=1.000000
cliente 49 | lambda=1.000000 | slack=0.000000 | y_low=0.000000 | y_up=0.000000 | total_real=1.000000
cliente 50 | lambda=1.000000 | slack=0.000000 | y_low=0.000000 | y_up=0.000000 | total_real=1.000000


================ DUAIS DO MESTRE ================

PI (clientes):
  pi[1] =  10000.000000
  pi[2] =  10000.000000
  pi[3] =  10000.000000
  pi[4] =  10000.000000
  pi[5] =  10000.000000
  pi[6] =  10000.000000
  pi[7] =  10000.000000
  pi[8] =  10000.000000
  pi[9] =  10000.000000
  pi[10] =  10000.000000
  pi[11] =  10000.000000
  pi[12] =  10000.000000
  pi[13] =  10000.000000
  pi[14] =  10000.000000
  pi[15] =  10000.000000
  pi[16] =  10000.000000
  pi[17] =  10000.000000
  pi[18] =  10000.000000
  pi[19] =  10000.000000
  pi[20] =  10000.000000
  pi[21] =  10000.000000
  pi[22] =  10000.000000
  pi[23] =  10000.000000
  pi[24] =  10000.000000
  pi[25] =  10000.000000
  pi[26] =  13.500000
  pi[27] =  10000.000000
  pi[28] =  10000.000000
  pi[29] =  10000.000000
  pi[30] =  10000.000000
  pi[31] =  10000.000000
  pi[32] =  10000.000000
  pi[33] =  10000.000000
  pi[34] =  10000.000000
  pi[35] =  10000.000000
  pi[36] =  10000.000000
  pi[37] =  10000.000000
  pi[38] =  10000.000000
  pi[39] =  10000.000000
  pi[40] =  10000.000000
  pi[41] =  10000.000000
  pi[42] =  10000.000000
  pi[43] =  10000.000000
  pi[44] =  10000.000000
  pi[45] =  10000.000000
  pi[46] =  10000.000000
  pi[47] = -1010039.100000
  pi[48] =  10000.000000
  pi[49] =  10000.000000
  pi[50] =  10000.000000

SIGMA (veículos):
  sigma[0] =  910101.200000
  sigma[1] = -109930.200000
  sigma[2] = -89959.400000
  sigma[3] = -89899.900000
  sigma[4] =  910101.200000

MU (arcos):
  sem duais de arco
=================================================

TESTA ALLBEST

[ALLBEST GEROU CANDIDATA]
k=0
rc=-1009844.200000
custo=257.000000
seq=[0, 32, 7, 44, 8, 11, 6, 4, 34, 21, 49, 51]
Tempo total nessa geracao : 0.1s
Tempo total no NO: 0.8s
TAMANHO NOVAS COL 1

--- Nova Coluna ---
Veículo: 0
Sequência: [0, 32, 7, 44, 8, 11, 6, 4, 34, 21, 49, 51]
Custo: 257.00
Custo Reduzido: -1009844.200000
Clientes atendidos: [4, 6, 7, 8, 11, 21, 32, 34, 44, 49]

Nao adicionou no k 1
[Nó 0] Iter 2 - Obj = 1000387.3000  Colunas = 29 inst= instancias/c108.txt
[Nó 0] inst= instancias/c108.txt Colunas ativas na iteração 2: 
   veic=0 | col=0 | lambda=1.000000 | custo=62.1000 | rota=[0, 43, 42, 41, 40, 44, 46, 48, 45, 50, 49, 47, 51]
   veic=1 | col=0 | lambda=1.000000 | custo=69.8000 | rota=[0, 20, 5, 3, 7, 8, 11, 9, 6, 4, 2, 1, 51]
   veic=2 | col=0 | lambda=1.000000 | custo=54.1000 | rota=[0, 24, 25, 27, 30, 29, 28, 26, 23, 22, 21, 51]
   veic=3 | col=0 | lambda=1.000000 | custo=100.1000 | rota=[0, 33, 32, 31, 35, 38, 37, 39, 36, 34, 51]
   veic=4 | col=0 | lambda=1.000000 | custo=1000101.2000 | rota=[0, 13, 18, 17, 15, 19, 16, 14, 12, 10, 51]
MESMA FO-  Sem melhora 2 Recom 1000387.2999999999 Ultmf 1000387.2999999999  VALOR SUB 0.0
   valor recomposto = 1000387.300000

   valor recomposto = 1000387.300000

--- COBERTURA POR CLIENTE ---
cliente 01 | lambda=1.000000 | slack=0.000000 | y_low=0.000000 | y_up=0.000000 | total_real=1.000000
cliente 02 | lambda=1.000000 | slack=0.000000 | y_low=0.000000 | y_up=0.000000 | total_real=1.000000
cliente 03 | lambda=1.000000 | slack=0.000000 | y_low=0.000000 | y_up=0.000000 | total_real=1.000000
cliente 04 | lambda=1.000000 | slack=0.000000 | y_low=0.000000 | y_up=0.000000 | total_real=1.000000
cliente 05 | lambda=1.000000 | slack=0.000000 | y_low=0.000000 | y_up=0.000000 | total_real=1.000000
cliente 06 | lambda=1.000000 | slack=0.000000 | y_low=0.000000 | y_up=0.000000 | total_real=1.000000
cliente 07 | lambda=1.000000 | slack=0.000000 | y_low=0.000000 | y_up=0.000000 | total_real=1.000000
cliente 08 | lambda=1.000000 | slack=0.000000 | y_low=0.000000 | y_up=0.000000 | total_real=1.000000
cliente 09 | lambda=1.000000 | slack=0.000000 | y_low=0.000000 | y_up=0.000000 | total_real=1.000000
cliente 10 | lambda=1.000000 | slack=0.000000 | y_low=0.000000 | y_up=0.000000 | total_real=1.000000
cliente 11 | lambda=1.000000 | slack=0.000000 | y_low=0.000000 | y_up=0.000000 | total_real=1.000000
cliente 12 | lambda=1.000000 | slack=0.000000 | y_low=0.000000 | y_up=0.000000 | total_real=1.000000
cliente 13 | lambda=1.000000 | slack=0.000000 | y_low=0.000000 | y_up=0.000000 | total_real=1.000000
cliente 14 | lambda=1.000000 | slack=0.000000 | y_low=0.000000 | y_up=0.000000 | total_real=1.000000
cliente 15 | lambda=1.000000 | slack=0.000000 | y_low=0.000000 | y_up=0.000000 | total_real=1.000000
cliente 16 | lambda=1.000000 | slack=0.000000 | y_low=0.000000 | y_up=0.000000 | total_real=1.000000
cliente 17 | lambda=1.000000 | slack=0.000000 | y_low=0.000000 | y_up=0.000000 | total_real=1.000000
cliente 18 | lambda=1.000000 | slack=0.000000 | y_low=0.000000 | y_up=0.000000 | total_real=1.000000
cliente 19 | lambda=1.000000 | slack=0.000000 | y_low=0.000000 | y_up=0.000000 | total_real=1.000000
cliente 20 | lambda=1.000000 | slack=0.000000 | y_low=0.000000 | y_up=0.000000 | total_real=1.000000
cliente 21 | lambda=1.000000 | slack=0.000000 | y_low=0.000000 | y_up=0.000000 | total_real=1.000000
cliente 22 | lambda=1.000000 | slack=0.000000 | y_low=0.000000 | y_up=0.000000 | total_real=1.000000
cliente 23 | lambda=1.000000 | slack=0.000000 | y_low=0.000000 | y_up=0.000000 | total_real=1.000000
cliente 24 | lambda=1.000000 | slack=0.000000 | y_low=0.000000 | y_up=0.000000 | total_real=1.000000
cliente 25 | lambda=1.000000 | slack=0.000000 | y_low=0.000000 | y_up=0.000000 | total_real=1.000000
cliente 26 | lambda=1.000000 | slack=0.000000 | y_low=0.000000 | y_up=0.000000 | total_real=1.000000
cliente 27 | lambda=1.000000 | slack=0.000000 | y_low=0.000000 | y_up=0.000000 | total_real=1.000000
cliente 28 | lambda=1.000000 | slack=0.000000 | y_low=0.000000 | y_up=0.000000 | total_real=1.000000
cliente 29 | lambda=1.000000 | slack=0.000000 | y_low=0.000000 | y_up=0.000000 | total_real=1.000000
cliente 30 | lambda=1.000000 | slack=0.000000 | y_low=0.000000 | y_up=0.000000 | total_real=1.000000
cliente 31 | lambda=1.000000 | slack=0.000000 | y_low=0.000000 | y_up=0.000000 | total_real=1.000000
cliente 32 | lambda=1.000000 | slack=0.000000 | y_low=0.000000 | y_up=0.000000 | total_real=1.000000
cliente 33 | lambda=1.000000 | slack=0.000000 | y_low=0.000000 | y_up=0.000000 | total_real=1.000000
cliente 34 | lambda=1.000000 | slack=0.000000 | y_low=0.000000 | y_up=0.000000 | total_real=1.000000
cliente 35 | lambda=1.000000 | slack=0.000000 | y_low=0.000000 | y_up=0.000000 | total_real=1.000000
cliente 36 | lambda=1.000000 | slack=0.000000 | y_low=0.000000 | y_up=0.000000 | total_real=1.000000
cliente 37 | lambda=1.000000 | slack=0.000000 | y_low=0.000000 | y_up=0.000000 | total_real=1.000000
cliente 38 | lambda=1.000000 | slack=0.000000 | y_low=0.000000 | y_up=0.000000 | total_real=1.000000
cliente 39 | lambda=1.000000 | slack=0.000000 | y_low=0.000000 | y_up=0.000000 | total_real=1.000000
cliente 40 | lambda=1.000000 | slack=0.000000 | y_low=0.000000 | y_up=0.000000 | total_real=1.000000
cliente 41 | lambda=1.000000 | slack=0.000000 | y_low=0.000000 | y_up=0.000000 | total_real=1.000000
cliente 42 | lambda=1.000000 | slack=0.000000 | y_low=0.000000 | y_up=0.000000 | total_real=1.000000
cliente 43 | lambda=1.000000 | slack=0.000000 | y_low=0.000000 | y_up=0.000000 | total_real=1.000000
cliente 44 | lambda=1.000000 | slack=0.000000 | y_low=0.000000 | y_up=0.000000 | total_real=1.000000
cliente 45 | lambda=1.000000 | slack=0.000000 | y_low=0.000000 | y_up=0.000000 | total_real=1.000000
cliente 46 | lambda=1.000000 | slack=0.000000 | y_low=0.000000 | y_up=0.000000 | total_real=1.000000
cliente 47 | lambda=1.000000 | slack=0.000000 | y_low=0.000000 | y_up=0.000000 | total_real=1.000000
cliente 48 | lambda=1.000000 | slack=0.000000 | y_low=0.000000 | y_up=0.000000 | total_real=1.000000
cliente 49 | lambda=1.000000 | slack=0.000000 | y_low=0.000000 | y_up=0.000000 | total_real=1.000000
cliente 50 | lambda=1.000000 | slack=0.000000 | y_low=0.000000 | y_up=0.000000 | total_real=1.000000


================ DUAIS DO MESTRE ================

PI (clientes):
  pi[1] =  10000.000000
  pi[2] =  10000.000000
  pi[3] =  10000.000000
  pi[4] =  10000.000000
  pi[5] =  10000.000000
  pi[6] =  10000.000000
  pi[7] =  10000.000000
  pi[8] =  10000.000000
  pi[9] =  10000.000000
  pi[10] =  10000.000000
  pi[11] = -999844.200000
  pi[12] =  10000.000000
  pi[13] =  10000.000000
  pi[14] =  10000.000000
  pi[15] =  10000.000000
  pi[16] =  10000.000000
  pi[17] =  10000.000000
  pi[18] =  10000.000000
  pi[19] =  10000.000000
  pi[20] =  10000.000000
  pi[21] =  10000.000000
  pi[22] =  10000.000000
  pi[23] =  10000.000000
  pi[24] =  10000.000000
  pi[25] =  10000.000000
  pi[26] =  13.500000
  pi[27] =  10000.000000
  pi[28] =  10000.000000
  pi[29] =  10000.000000
  pi[30] =  10000.000000
  pi[31] =  10000.000000
  pi[32] =  10000.000000
  pi[33] =  10000.000000
  pi[34] =  10000.000000
  pi[35] =  10000.000000
  pi[36] =  10000.000000
  pi[37] =  10000.000000
  pi[38] =  10000.000000
  pi[39] =  10000.000000
  pi[40] =  10000.000000
  pi[41] =  10000.000000
  pi[42] =  10000.000000
  pi[43] =  10000.000000
  pi[44] =  10000.000000
  pi[45] =  10000.000000
  pi[46] =  10000.000000
  pi[47] = -1010039.100000
  pi[48] =  10000.000000
  pi[49] =  10000.000000
  pi[50] =  10000.000000

SIGMA (veículos):
  sigma[0] =  910101.200000
  sigma[1] =  899914.000000
  sigma[2] = -89959.400000
  sigma[3] = -89899.900000
  sigma[4] =  910101.200000

MU (arcos):
  sem duais de arco
=================================================

TESTA ALLBEST

[ALLBEST GEROU CANDIDATA]
k=0
rc=-1019884.600000
custo=216.600000
seq=[0, 24, 5, 8, 15, 16, 12, 9, 36, 50, 21, 49, 51]
Tempo total nessa geracao : 0.1s
Tempo total no NO: 0.8s
TAMANHO NOVAS COL 1

--- Nova Coluna ---
Veículo: 0
Sequência: [0, 24, 5, 8, 15, 16, 12, 9, 36, 50, 21, 49, 51]
Custo: 216.60
Custo Reduzido: -1019884.600000
Clientes atendidos: [5, 8, 9, 12, 15, 16, 21, 24, 36, 49, 50]

[Nó 0] Iter 3 - Obj = 1000387.3000  Colunas = 33 inst= instancias/c108.txt
[Nó 0] inst= instancias/c108.txt Colunas ativas na iteração 3: 
   veic=0 | col=0 | lambda=1.000000 | custo=62.1000 | rota=[0, 43, 42, 41, 40, 44, 46, 48, 45, 50, 49, 47, 51]
   veic=1 | col=0 | lambda=1.000000 | custo=69.8000 | rota=[0, 20, 5, 3, 7, 8, 11, 9, 6, 4, 2, 1, 51]
   veic=2 | col=0 | lambda=1.000000 | custo=54.1000 | rota=[0, 24, 25, 27, 30, 29, 28, 26, 23, 22, 21, 51]
   veic=3 | col=0 | lambda=1.000000 | custo=100.1000 | rota=[0, 33, 32, 31, 35, 38, 37, 39, 36, 34, 51]
   veic=4 | col=0 | lambda=1.000000 | custo=1000101.2000 | rota=[0, 13, 18, 17, 15, 19, 16, 14, 12, 10, 51]
MESMA FO-  Sem melhora 3 Recom 1000387.2999999999 Ultmf 1000387.2999999999  VALOR SUB 0.0
   valor recomposto = 1000387.300000

   valor recomposto = 1000387.300000

--- COBERTURA POR CLIENTE ---
cliente 01 | lambda=1.000000 | slack=0.000000 | y_low=0.000000 | y_up=0.000000 | total_real=1.000000
cliente 02 | lambda=1.000000 | slack=0.000000 | y_low=0.000000 | y_up=0.000000 | total_real=1.000000
cliente 03 | lambda=1.000000 | slack=0.000000 | y_low=0.000000 | y_up=0.000000 | total_real=1.000000
cliente 04 | lambda=1.000000 | slack=0.000000 | y_low=0.000000 | y_up=0.000000 | total_real=1.000000
cliente 05 | lambda=1.000000 | slack=0.000000 | y_low=0.000000 | y_up=0.000000 | total_real=1.000000
cliente 06 | lambda=1.000000 | slack=0.000000 | y_low=0.000000 | y_up=0.000000 | total_real=1.000000
cliente 07 | lambda=1.000000 | slack=0.000000 | y_low=0.000000 | y_up=0.000000 | total_real=1.000000
cliente 08 | lambda=1.000000 | slack=0.000000 | y_low=0.000000 | y_up=0.000000 | total_real=1.000000
cliente 09 | lambda=1.000000 | slack=0.000000 | y_low=0.000000 | y_up=0.000000 | total_real=1.000000
cliente 10 | lambda=1.000000 | slack=0.000000 | y_low=0.000000 | y_up=0.000000 | total_real=1.000000
cliente 11 | lambda=1.000000 | slack=0.000000 | y_low=0.000000 | y_up=0.000000 | total_real=1.000000
cliente 12 | lambda=1.000000 | slack=0.000000 | y_low=0.000000 | y_up=0.000000 | total_real=1.000000
cliente 13 | lambda=1.000000 | slack=0.000000 | y_low=0.000000 | y_up=0.000000 | total_real=1.000000
cliente 14 | lambda=1.000000 | slack=0.000000 | y_low=0.000000 | y_up=0.000000 | total_real=1.000000
cliente 15 | lambda=1.000000 | slack=0.000000 | y_low=0.000000 | y_up=0.000000 | total_real=1.000000
cliente 16 | lambda=1.000000 | slack=0.000000 | y_low=0.000000 | y_up=0.000000 | total_real=1.000000
cliente 17 | lambda=1.000000 | slack=0.000000 | y_low=0.000000 | y_up=0.000000 | total_real=1.000000
cliente 18 | lambda=1.000000 | slack=0.000000 | y_low=0.000000 | y_up=0.000000 | total_real=1.000000
cliente 19 | lambda=1.000000 | slack=0.000000 | y_low=0.000000 | y_up=0.000000 | total_real=1.000000
cliente 20 | lambda=1.000000 | slack=0.000000 | y_low=0.000000 | y_up=0.000000 | total_real=1.000000
cliente 21 | lambda=1.000000 | slack=0.000000 | y_low=0.000000 | y_up=0.000000 | total_real=1.000000
cliente 22 | lambda=1.000000 | slack=0.000000 | y_low=0.000000 | y_up=0.000000 | total_real=1.000000
cliente 23 | lambda=1.000000 | slack=0.000000 | y_low=0.000000 | y_up=0.000000 | total_real=1.000000
cliente 24 | lambda=1.000000 | slack=0.000000 | y_low=0.000000 | y_up=0.000000 | total_real=1.000000
cliente 25 | lambda=1.000000 | slack=0.000000 | y_low=0.000000 | y_up=0.000000 | total_real=1.000000
cliente 26 | lambda=1.000000 | slack=0.000000 | y_low=0.000000 | y_up=0.000000 | total_real=1.000000
cliente 27 | lambda=1.000000 | slack=0.000000 | y_low=0.000000 | y_up=0.000000 | total_real=1.000000
cliente 28 | lambda=1.000000 | slack=0.000000 | y_low=0.000000 | y_up=0.000000 | total_real=1.000000
cliente 29 | lambda=1.000000 | slack=0.000000 | y_low=0.000000 | y_up=0.000000 | total_real=1.000000
cliente 30 | lambda=1.000000 | slack=0.000000 | y_low=0.000000 | y_up=0.000000 | total_real=1.000000
cliente 31 | lambda=1.000000 | slack=0.000000 | y_low=0.000000 | y_up=0.000000 | total_real=1.000000
cliente 32 | lambda=1.000000 | slack=0.000000 | y_low=0.000000 | y_up=0.000000 | total_real=1.000000
cliente 33 | lambda=1.000000 | slack=0.000000 | y_low=0.000000 | y_up=0.000000 | total_real=1.000000
cliente 34 | lambda=1.000000 | slack=0.000000 | y_low=0.000000 | y_up=0.000000 | total_real=1.000000
cliente 35 | lambda=1.000000 | slack=0.000000 | y_low=0.000000 | y_up=0.000000 | total_real=1.000000
cliente 36 | lambda=1.000000 | slack=0.000000 | y_low=0.000000 | y_up=0.000000 | total_real=1.000000
cliente 37 | lambda=1.000000 | slack=0.000000 | y_low=0.000000 | y_up=0.000000 | total_real=1.000000
cliente 38 | lambda=1.000000 | slack=0.000000 | y_low=0.000000 | y_up=0.000000 | total_real=1.000000
cliente 39 | lambda=1.000000 | slack=0.000000 | y_low=0.000000 | y_up=0.000000 | total_real=1.000000
cliente 40 | lambda=1.000000 | slack=0.000000 | y_low=0.000000 | y_up=0.000000 | total_real=1.000000
cliente 41 | lambda=1.000000 | slack=0.000000 | y_low=0.000000 | y_up=0.000000 | total_real=1.000000
cliente 42 | lambda=1.000000 | slack=0.000000 | y_low=0.000000 | y_up=0.000000 | total_real=1.000000
cliente 43 | lambda=1.000000 | slack=0.000000 | y_low=0.000000 | y_up=0.000000 | total_real=1.000000
cliente 44 | lambda=1.000000 | slack=0.000000 | y_low=0.000000 | y_up=0.000000 | total_real=1.000000
cliente 45 | lambda=1.000000 | slack=0.000000 | y_low=0.000000 | y_up=0.000000 | total_real=1.000000
cliente 46 | lambda=1.000000 | slack=0.000000 | y_low=0.000000 | y_up=0.000000 | total_real=1.000000
cliente 47 | lambda=1.000000 | slack=0.000000 | y_low=0.000000 | y_up=0.000000 | total_real=1.000000
cliente 48 | lambda=1.000000 | slack=0.000000 | y_low=0.000000 | y_up=0.000000 | total_real=1.000000
cliente 49 | lambda=1.000000 | slack=0.000000 | y_low=0.000000 | y_up=0.000000 | total_real=1.000000
cliente 50 | lambda=1.000000 | slack=0.000000 | y_low=0.000000 | y_up=0.000000 | total_real=1.000000


================ DUAIS DO MESTRE ================

PI (clientes):
  pi[1] =  10000.000000
  pi[2] =  10000.000000
  pi[3] =  10000.000000
  pi[4] =  10000.000000
  pi[5] =  10000.000000
  pi[6] =  10000.000000
  pi[7] =  10000.000000
  pi[8] =  10000.000000
  pi[9] =  10000.000000
  pi[10] =  10000.000000
  pi[11] =  10000.000000
  pi[12] =  10000.000000
  pi[13] =  10000.000000
  pi[14] =  10000.000000
  pi[15] =  10000.000000
  pi[16] =  10000.000000
  pi[17] =  10000.000000
  pi[18] =  10000.000000
  pi[19] =  10000.000000
  pi[20] =  10000.000000
  pi[21] = -499915.350000
  pi[22] =  10000.000000
  pi[23] =  10000.000000
  pi[24] =  10000.000000
  pi[25] =  10000.000000
  pi[26] =  10000.000000
  pi[27] =  10000.000000
  pi[28] =  10000.000000
  pi[29] =  10000.000000
  pi[30] =  10000.000000
  pi[31] =  10000.000000
  pi[32] =  10000.000000
  pi[33] =  10000.000000
  pi[34] =  10000.000000
  pi[35] =  10000.000000
  pi[36] = -40.400000
  pi[37] =  10000.000000
  pi[38] =  10000.000000
  pi[39] =  10000.000000
  pi[40] =  10000.000000
  pi[41] =  10000.000000
  pi[42] =  10000.000000
  pi[43] =  10000.000000
  pi[44] =  10000.000000
  pi[45] =  10000.000000
  pi[46] =  10000.000000
  pi[47] = -510110.250000
  pi[48] =  10000.000000
  pi[49] = -489928.850000
  pi[50] =  10000.000000

SIGMA (veículos):
  sigma[0] =  910101.200000
  sigma[1] = -109930.200000
  sigma[2] =  409969.450000
  sigma[3] = -79859.500000
  sigma[4] =  910101.200000

MU (arcos):
  sem duais de arco
=================================================

TESTA ALLBEST

[ALLBEST GEROU CANDIDATA]
k=0
rc=-999858.800000
custo=242.400000
seq=[0, 18, 13, 8, 30, 37, 48, 6, 1, 50, 51]
Tempo total nessa geracao : 0.0s
Tempo total no NO: 0.9s
TAMANHO NOVAS COL 1

--- Nova Coluna ---
Veículo: 0
Sequência: [0, 18, 13, 8, 30, 37, 48, 6, 1, 50, 51]
Custo: 242.40
Custo Reduzido: -999858.800000
Clientes atendidos: [1, 6, 8, 13, 18, 30, 37, 48, 50]

Nao adicionou no k 1
[Nó 0] Iter 4 - Obj = 1000387.3000  Colunas = 36 inst= instancias/c108.txt
[Nó 0] inst= instancias/c108.txt Colunas ativas na iteração 4: 
   veic=0 | col=0 | lambda=1.000000 | custo=62.1000 | rota=[0, 43, 42, 41, 40, 44, 46, 48, 45, 50, 49, 47, 51]
   veic=1 | col=0 | lambda=1.000000 | custo=69.8000 | rota=[0, 20, 5, 3, 7, 8, 11, 9, 6, 4, 2, 1, 51]
   veic=2 | col=0 | lambda=1.000000 | custo=54.1000 | rota=[0, 24, 25, 27, 30, 29, 28, 26, 23, 22, 21, 51]
   veic=3 | col=0 | lambda=1.000000 | custo=100.1000 | rota=[0, 33, 32, 31, 35, 38, 37, 39, 36, 34, 51]
   veic=4 | col=0 | lambda=1.000000 | custo=1000101.2000 | rota=[0, 13, 18, 17, 15, 19, 16, 14, 12, 10, 51]
MESMA FO-  Sem melhora 4 Recom 1000387.2999999999 Ultmf 1000387.2999999999  VALOR SUB 0.0
   valor recomposto = 1000387.300000

   valor recomposto = 1000387.300000

--- COBERTURA POR CLIENTE ---
cliente 01 | lambda=1.000000 | slack=0.000000 | y_low=0.000000 | y_up=0.000000 | total_real=1.000000
cliente 02 | lambda=1.000000 | slack=0.000000 | y_low=0.000000 | y_up=0.000000 | total_real=1.000000
cliente 03 | lambda=1.000000 | slack=0.000000 | y_low=0.000000 | y_up=0.000000 | total_real=1.000000
cliente 04 | lambda=1.000000 | slack=0.000000 | y_low=0.000000 | y_up=0.000000 | total_real=1.000000
cliente 05 | lambda=1.000000 | slack=0.000000 | y_low=0.000000 | y_up=0.000000 | total_real=1.000000
cliente 06 | lambda=1.000000 | slack=0.000000 | y_low=0.000000 | y_up=0.000000 | total_real=1.000000
cliente 07 | lambda=1.000000 | slack=0.000000 | y_low=0.000000 | y_up=0.000000 | total_real=1.000000
cliente 08 | lambda=1.000000 | slack=0.000000 | y_low=0.000000 | y_up=0.000000 | total_real=1.000000
cliente 09 | lambda=1.000000 | slack=0.000000 | y_low=0.000000 | y_up=0.000000 | total_real=1.000000
cliente 10 | lambda=1.000000 | slack=0.000000 | y_low=0.000000 | y_up=0.000000 | total_real=1.000000
cliente 11 | lambda=1.000000 | slack=0.000000 | y_low=0.000000 | y_up=0.000000 | total_real=1.000000
cliente 12 | lambda=1.000000 | slack=0.000000 | y_low=0.000000 | y_up=0.000000 | total_real=1.000000
cliente 13 | lambda=1.000000 | slack=0.000000 | y_low=0.000000 | y_up=0.000000 | total_real=1.000000
cliente 14 | lambda=1.000000 | slack=0.000000 | y_low=0.000000 | y_up=0.000000 | total_real=1.000000
cliente 15 | lambda=1.000000 | slack=0.000000 | y_low=0.000000 | y_up=0.000000 | total_real=1.000000
cliente 16 | lambda=1.000000 | slack=0.000000 | y_low=0.000000 | y_up=0.000000 | total_real=1.000000
cliente 17 | lambda=1.000000 | slack=0.000000 | y_low=0.000000 | y_up=0.000000 | total_real=1.000000
cliente 18 | lambda=1.000000 | slack=0.000000 | y_low=0.000000 | y_up=0.000000 | total_real=1.000000
cliente 19 | lambda=1.000000 | slack=0.000000 | y_low=0.000000 | y_up=0.000000 | total_real=1.000000
cliente 20 | lambda=1.000000 | slack=0.000000 | y_low=0.000000 | y_up=0.000000 | total_real=1.000000
cliente 21 | lambda=1.000000 | slack=0.000000 | y_low=0.000000 | y_up=0.000000 | total_real=1.000000
cliente 22 | lambda=1.000000 | slack=0.000000 | y_low=0.000000 | y_up=0.000000 | total_real=1.000000
cliente 23 | lambda=1.000000 | slack=0.000000 | y_low=0.000000 | y_up=0.000000 | total_real=1.000000
cliente 24 | lambda=1.000000 | slack=0.000000 | y_low=0.000000 | y_up=0.000000 | total_real=1.000000
cliente 25 | lambda=1.000000 | slack=0.000000 | y_low=0.000000 | y_up=0.000000 | total_real=1.000000
cliente 26 | lambda=1.000000 | slack=0.000000 | y_low=0.000000 | y_up=0.000000 | total_real=1.000000
cliente 27 | lambda=1.000000 | slack=0.000000 | y_low=0.000000 | y_up=0.000000 | total_real=1.000000
cliente 28 | lambda=1.000000 | slack=0.000000 | y_low=0.000000 | y_up=0.000000 | total_real=1.000000
cliente 29 | lambda=1.000000 | slack=0.000000 | y_low=0.000000 | y_up=0.000000 | total_real=1.000000
cliente 30 | lambda=1.000000 | slack=0.000000 | y_low=0.000000 | y_up=0.000000 | total_real=1.000000
cliente 31 | lambda=1.000000 | slack=0.000000 | y_low=0.000000 | y_up=0.000000 | total_real=1.000000
cliente 32 | lambda=1.000000 | slack=0.000000 | y_low=0.000000 | y_up=0.000000 | total_real=1.000000
cliente 33 | lambda=1.000000 | slack=0.000000 | y_low=0.000000 | y_up=0.000000 | total_real=1.000000
cliente 34 | lambda=1.000000 | slack=0.000000 | y_low=0.000000 | y_up=0.000000 | total_real=1.000000
cliente 35 | lambda=1.000000 | slack=0.000000 | y_low=0.000000 | y_up=0.000000 | total_real=1.000000
cliente 36 | lambda=1.000000 | slack=0.000000 | y_low=0.000000 | y_up=0.000000 | total_real=1.000000
cliente 37 | lambda=1.000000 | slack=0.000000 | y_low=0.000000 | y_up=0.000000 | total_real=1.000000
cliente 38 | lambda=1.000000 | slack=0.000000 | y_low=0.000000 | y_up=0.000000 | total_real=1.000000
cliente 39 | lambda=1.000000 | slack=0.000000 | y_low=0.000000 | y_up=0.000000 | total_real=1.000000
cliente 40 | lambda=1.000000 | slack=0.000000 | y_low=0.000000 | y_up=0.000000 | total_real=1.000000
cliente 41 | lambda=1.000000 | slack=0.000000 | y_low=0.000000 | y_up=0.000000 | total_real=1.000000
cliente 42 | lambda=1.000000 | slack=0.000000 | y_low=0.000000 | y_up=0.000000 | total_real=1.000000
cliente 43 | lambda=1.000000 | slack=0.000000 | y_low=0.000000 | y_up=0.000000 | total_real=1.000000
cliente 44 | lambda=1.000000 | slack=0.000000 | y_low=0.000000 | y_up=0.000000 | total_real=1.000000
cliente 45 | lambda=1.000000 | slack=0.000000 | y_low=0.000000 | y_up=0.000000 | total_real=1.000000
cliente 46 | lambda=1.000000 | slack=0.000000 | y_low=0.000000 | y_up=0.000000 | total_real=1.000000
cliente 47 | lambda=1.000000 | slack=0.000000 | y_low=0.000000 | y_up=0.000000 | total_real=1.000000
cliente 48 | lambda=1.000000 | slack=0.000000 | y_low=0.000000 | y_up=0.000000 | total_real=1.000000
cliente 49 | lambda=1.000000 | slack=0.000000 | y_low=0.000000 | y_up=0.000000 | total_real=1.000000
cliente 50 | lambda=1.000000 | slack=0.000000 | y_low=0.000000 | y_up=0.000000 | total_real=1.000000


================ DUAIS DO MESTRE ================

PI (clientes):
  pi[1] =  10000.000000
  pi[2] =  10000.000000
  pi[3] =  10000.000000
  pi[4] =  10000.000000
  pi[5] =  10000.000000
  pi[6] =  10000.000000
  pi[7] =  10000.000000
  pi[8] = -989858.250000
  pi[9] =  10000.000000
  pi[10] =  10000.000000
  pi[11] =  10000.000000
  pi[12] =  10000.000000
  pi[13] =  10000.000000
  pi[14] =  10000.000000
  pi[15] =  10000.000000
  pi[16] =  10000.000000
  pi[17] =  10000.000000
  pi[18] =  10000.000000
  pi[19] =  10000.000000
  pi[20] =  10000.000000
  pi[21] =  14.050000
  pi[22] =  10000.000000
  pi[23] =  10000.000000
  pi[24] =  10000.000000
  pi[25] =  10000.000000
  pi[26] =  10000.000000
  pi[27] =  10000.000000
  pi[28] =  10000.000000
  pi[29] =  10000.000000
  pi[30] =  9999.450000
  pi[31] =  10000.000000
  pi[32] =  10000.000000
  pi[33] =  10000.000000
  pi[34] =  10000.000000
  pi[35] =  10000.000000
  pi[36] = -40.400000
  pi[37] =  10000.000000
  pi[38] =  10000.000000
  pi[39] =  10000.000000
  pi[40] =  10000.000000
  pi[41] =  10000.000000
  pi[42] =  10000.000000
  pi[43] =  10000.000000
  pi[44] =  10000.000000
  pi[45] =  10000.000000
  pi[46] =  10000.000000
  pi[47] = -1010039.100000
  pi[48] =  10000.000000
  pi[49] =  10000.000000
  pi[50] =  10000.000000

SIGMA (veículos):
  sigma[0] =  910101.200000
  sigma[1] =  889928.050000
  sigma[2] = -89959.400000
  sigma[3] = -79859.500000
  sigma[4] =  910101.200000

MU (arcos):
  sem duais de arco
=================================================

TESTA ALLBEST

[ALLBEST GEROU CANDIDATA]
k=0
rc=-999837.100000
custo=223.700000
seq=[0, 7, 24, 41, 40, 11, 14, 36, 34, 22, 49, 51]
Tempo total nessa geracao : 0.1s
Tempo total no NO: 0.9s
TAMANHO NOVAS COL 1

--- Nova Coluna ---
Veículo: 0
Sequência: [0, 7, 24, 41, 40, 11, 14, 36, 34, 22, 49, 51]
Custo: 223.70
Custo Reduzido: -999837.100000
Clientes atendidos: [7, 11, 14, 22, 24, 34, 36, 40, 41, 49]

Nao adicionou no k 2
[Nó 0] Rodando MIP periódico após 5 colunas...
Set parameter TimeLimit to value 30
Gurobi Optimizer version 13.0.2 build v13.0.2rc1 (win64 - Windows 11+.0 (26200.2))

CPU model: AMD Ryzen 9 9950X3D 16-Core Processor, instruction set [SSE2|AVX|AVX2|AVX512]
Thread count: 16 physical cores, 32 logical processors, using up to 32 threads

Non-default parameters:
TimeLimit  30

Optimize a model with 55 rows, 39 columns and 466 nonzeros (Min)
Model fingerprint: 0xe214cbef
Model has 39 linear objective coefficients
Variable types: 0 continuous, 39 integer (39 binary)
Coefficient statistics:
  Matrix range     [1e+00, 1e+00]
  Objective range  [5e+01, 1e+06]
  Bounds range     [1e+00, 1e+00]
  RHS range        [1e+00, 1e+00]

Found heuristic solution: objective 1000387.3000
Presolve removed 55 rows and 39 columns
Presolve time: 0.00s
Presolve: All rows and columns removed

Explored 0 nodes (0 simplex iterations) in 0.01 seconds (0.00 work units)
Thread count was 1 (of 32 available processors)

Solution count 1: 1.00039e+06 

Optimal solution found (tolerance 1.00e-04)
Best objective 1.000387300000e+06, best bound 1.000387300000e+06, gap 0.0000%
[Nó 0] MIP periódico encontrou solução inteira válida. FO=1000387.300000
[Nó 0] Iter 5 - Obj = 1000387.3000  Colunas = 39 inst= instancias/c108.txt
[Nó 0] inst= instancias/c108.txt Colunas ativas na iteração 5: 
   veic=0 | col=0 | lambda=1.000000 | custo=62.1000 | rota=[0, 43, 42, 41, 40, 44, 46, 48, 45, 50, 49, 47, 51]
   veic=1 | col=0 | lambda=1.000000 | custo=69.8000 | rota=[0, 20, 5, 3, 7, 8, 11, 9, 6, 4, 2, 1, 51]
   veic=2 | col=0 | lambda=1.000000 | custo=54.1000 | rota=[0, 24, 25, 27, 30, 29, 28, 26, 23, 22, 21, 51]
   veic=3 | col=0 | lambda=1.000000 | custo=100.1000 | rota=[0, 33, 32, 31, 35, 38, 37, 39, 36, 34, 51]
   veic=4 | col=0 | lambda=1.000000 | custo=1000101.2000 | rota=[0, 13, 18, 17, 15, 19, 16, 14, 12, 10, 51]
MESMA FO-  Sem melhora 5 Recom 1000387.2999999999 Ultmf 1000387.2999999999  VALOR SUB 0.0
   valor recomposto = 1000387.300000

   valor recomposto = 1000387.300000

--- COBERTURA POR CLIENTE ---
cliente 01 | lambda=1.000000 | slack=0.000000 | y_low=0.000000 | y_up=0.000000 | total_real=1.000000
cliente 02 | lambda=1.000000 | slack=0.000000 | y_low=0.000000 | y_up=0.000000 | total_real=1.000000
cliente 03 | lambda=1.000000 | slack=0.000000 | y_low=0.000000 | y_up=0.000000 | total_real=1.000000
cliente 04 | lambda=1.000000 | slack=0.000000 | y_low=0.000000 | y_up=0.000000 | total_real=1.000000
cliente 05 | lambda=1.000000 | slack=0.000000 | y_low=0.000000 | y_up=0.000000 | total_real=1.000000
cliente 06 | lambda=1.000000 | slack=0.000000 | y_low=0.000000 | y_up=0.000000 | total_real=1.000000
cliente 07 | lambda=1.000000 | slack=0.000000 | y_low=0.000000 | y_up=0.000000 | total_real=1.000000
cliente 08 | lambda=1.000000 | slack=0.000000 | y_low=0.000000 | y_up=0.000000 | total_real=1.000000
cliente 09 | lambda=1.000000 | slack=0.000000 | y_low=0.000000 | y_up=0.000000 | total_real=1.000000
cliente 10 | lambda=1.000000 | slack=0.000000 | y_low=0.000000 | y_up=0.000000 | total_real=1.000000
cliente 11 | lambda=1.000000 | slack=0.000000 | y_low=0.000000 | y_up=0.000000 | total_real=1.000000
cliente 12 | lambda=1.000000 | slack=0.000000 | y_low=0.000000 | y_up=0.000000 | total_real=1.000000
cliente 13 | lambda=1.000000 | slack=0.000000 | y_low=0.000000 | y_up=0.000000 | total_real=1.000000
cliente 14 | lambda=1.000000 | slack=0.000000 | y_low=0.000000 | y_up=0.000000 | total_real=1.000000
cliente 15 | lambda=1.000000 | slack=0.000000 | y_low=0.000000 | y_up=0.000000 | total_real=1.000000
cliente 16 | lambda=1.000000 | slack=0.000000 | y_low=0.000000 | y_up=0.000000 | total_real=1.000000
cliente 17 | lambda=1.000000 | slack=0.000000 | y_low=0.000000 | y_up=0.000000 | total_real=1.000000
cliente 18 | lambda=1.000000 | slack=0.000000 | y_low=0.000000 | y_up=0.000000 | total_real=1.000000
cliente 19 | lambda=1.000000 | slack=0.000000 | y_low=0.000000 | y_up=0.000000 | total_real=1.000000
cliente 20 | lambda=1.000000 | slack=0.000000 | y_low=0.000000 | y_up=0.000000 | total_real=1.000000
cliente 21 | lambda=1.000000 | slack=0.000000 | y_low=0.000000 | y_up=0.000000 | total_real=1.000000
cliente 22 | lambda=1.000000 | slack=0.000000 | y_low=0.000000 | y_up=0.000000 | total_real=1.000000
cliente 23 | lambda=1.000000 | slack=0.000000 | y_low=0.000000 | y_up=0.000000 | total_real=1.000000
cliente 24 | lambda=1.000000 | slack=0.000000 | y_low=0.000000 | y_up=0.000000 | total_real=1.000000
cliente 25 | lambda=1.000000 | slack=0.000000 | y_low=0.000000 | y_up=0.000000 | total_real=1.000000
cliente 26 | lambda=1.000000 | slack=0.000000 | y_low=0.000000 | y_up=0.000000 | total_real=1.000000
cliente 27 | lambda=1.000000 | slack=0.000000 | y_low=0.000000 | y_up=0.000000 | total_real=1.000000
cliente 28 | lambda=1.000000 | slack=0.000000 | y_low=0.000000 | y_up=0.000000 | total_real=1.000000
cliente 29 | lambda=1.000000 | slack=0.000000 | y_low=0.000000 | y_up=0.000000 | total_real=1.000000
cliente 30 | lambda=1.000000 | slack=0.000000 | y_low=0.000000 | y_up=0.000000 | total_real=1.000000
cliente 31 | lambda=1.000000 | slack=0.000000 | y_low=0.000000 | y_up=0.000000 | total_real=1.000000
cliente 32 | lambda=1.000000 | slack=0.000000 | y_low=0.000000 | y_up=0.000000 | total_real=1.000000
cliente 33 | lambda=1.000000 | slack=0.000000 | y_low=0.000000 | y_up=0.000000 | total_real=1.000000
cliente 34 | lambda=1.000000 | slack=0.000000 | y_low=0.000000 | y_up=0.000000 | total_real=1.000000
cliente 35 | lambda=1.000000 | slack=0.000000 | y_low=0.000000 | y_up=0.000000 | total_real=1.000000
cliente 36 | lambda=1.000000 | slack=0.000000 | y_low=0.000000 | y_up=0.000000 | total_real=1.000000
cliente 37 | lambda=1.000000 | slack=0.000000 | y_low=0.000000 | y_up=0.000000 | total_real=1.000000
cliente 38 | lambda=1.000000 | slack=0.000000 | y_low=0.000000 | y_up=0.000000 | total_real=1.000000
cliente 39 | lambda=1.000000 | slack=0.000000 | y_low=0.000000 | y_up=0.000000 | total_real=1.000000
cliente 40 | lambda=1.000000 | slack=0.000000 | y_low=0.000000 | y_up=0.000000 | total_real=1.000000
cliente 41 | lambda=1.000000 | slack=0.000000 | y_low=0.000000 | y_up=0.000000 | total_real=1.000000
cliente 42 | lambda=1.000000 | slack=0.000000 | y_low=0.000000 | y_up=0.000000 | total_real=1.000000
cliente 43 | lambda=1.000000 | slack=0.000000 | y_low=0.000000 | y_up=0.000000 | total_real=1.000000
cliente 44 | lambda=1.000000 | slack=0.000000 | y_low=0.000000 | y_up=0.000000 | total_real=1.000000
cliente 45 | lambda=1.000000 | slack=0.000000 | y_low=0.000000 | y_up=0.000000 | total_real=1.000000
cliente 46 | lambda=1.000000 | slack=0.000000 | y_low=0.000000 | y_up=0.000000 | total_real=1.000000
cliente 47 | lambda=1.000000 | slack=0.000000 | y_low=0.000000 | y_up=0.000000 | total_real=1.000000
cliente 48 | lambda=1.000000 | slack=0.000000 | y_low=0.000000 | y_up=0.000000 | total_real=1.000000
cliente 49 | lambda=1.000000 | slack=0.000000 | y_low=0.000000 | y_up=0.000000 | total_real=1.000000
cliente 50 | lambda=1.000000 | slack=0.000000 | y_low=0.000000 | y_up=0.000000 | total_real=1.000000


================ DUAIS DO MESTRE ================

PI (clientes):
  pi[1] =  10000.000000
  pi[2] =  10000.000000
  pi[3] =  10000.000000
  pi[4] =  10000.000000
  pi[5] =  10000.000000
  pi[6] =  10000.000000
  pi[7] = -329936.333333
  pi[8] = -659907.866667
  pi[9] =  10000.000000
  pi[10] =  10000.000000
  pi[11] =  10000.000000
  pi[12] =  10000.000000
  pi[13] =  10000.000000
  pi[14] =  10000.000000
  pi[15] =  10000.000000
  pi[16] =  10000.000000
  pi[17] =  10000.000000
  pi[18] =  10000.000000
  pi[19] =  10000.000000
  pi[20] =  10000.000000
  pi[21] =  10000.000000
  pi[22] =  10000.000000
  pi[23] =  10000.000000
  pi[24] =  10000.000000
  pi[25] =  10000.000000
  pi[26] =  10000.000000
  pi[27] =  10000.000000
  pi[28] =  10000.000000
  pi[29] =  10000.000000
  pi[30] = -319950.933333
  pi[31] =  10000.000000
  pi[32] =  10000.000000
  pi[33] =  10000.000000
  pi[34] =  10000.000000
  pi[35] =  10000.000000
  pi[36] = -339976.733333
  pi[37] =  10000.000000
  pi[38] =  10000.000000
  pi[39] =  10000.000000
  pi[40] = -309964.433333
  pi[41] =  10000.000000
  pi[42] =  10000.000000
  pi[43] =  10000.000000
  pi[44] =  10000.000000
  pi[45] =  10000.000000
  pi[46] =  10000.000000
  pi[47] = -690074.666667
  pi[48] =  10000.000000
  pi[49] =  10000.000000
  pi[50] =  10000.000000

SIGMA (veículos):
  sigma[0] =  910101.200000
  sigma[1] =  899914.000000
  sigma[2] =  230005.033333
  sigma[3] =  260076.833333
  sigma[4] =  910101.200000

MU (arcos):
  sem duais de arco
=================================================

TESTA ALLBEST

[ALLBEST GEROU CANDIDATA]
k=0
rc=-1009857.700000
custo=243.500000
seq=[0, 24, 31, 18, 15, 45, 23, 2, 1, 22, 49, 51]
Tempo total nessa geracao : 0.1s
Tempo total no NO: 1.1s
TAMANHO NOVAS COL 1

--- Nova Coluna ---
Veículo: 0
Sequência: [0, 24, 31, 18, 15, 45, 23, 2, 1, 22, 49, 51]
Custo: 243.50
Custo Reduzido: -1009857.700000
Clientes atendidos: [1, 2, 15, 18, 22, 23, 24, 31, 45, 49]

[Nó 0] Iter 6 - Obj = 1000387.3000  Colunas = 43 inst= instancias/c108.txt
[Nó 0] inst= instancias/c108.txt Colunas ativas na iteração 6: 
   veic=0 | col=0 | lambda=1.000000 | custo=62.1000 | rota=[0, 43, 42, 41, 40, 44, 46, 48, 45, 50, 49, 47, 51]
   veic=1 | col=0 | lambda=1.000000 | custo=69.8000 | rota=[0, 20, 5, 3, 7, 8, 11, 9, 6, 4, 2, 1, 51]
   veic=2 | col=0 | lambda=1.000000 | custo=54.1000 | rota=[0, 24, 25, 27, 30, 29, 28, 26, 23, 22, 21, 51]
   veic=3 | col=0 | lambda=1.000000 | custo=100.1000 | rota=[0, 33, 32, 31, 35, 38, 37, 39, 36, 34, 51]
   veic=4 | col=0 | lambda=1.000000 | custo=1000101.2000 | rota=[0, 13, 18, 17, 15, 19, 16, 14, 12, 10, 51]
MESMA FO-  Sem melhora 6 Recom 1000387.2999999999 Ultmf 1000387.2999999999  VALOR SUB 0.0
   valor recomposto = 1000387.300000

   valor recomposto = 1000387.300000

--- COBERTURA POR CLIENTE ---
cliente 01 | lambda=1.000000 | slack=0.000000 | y_low=0.000000 | y_up=0.000000 | total_real=1.000000
cliente 02 | lambda=1.000000 | slack=0.000000 | y_low=0.000000 | y_up=0.000000 | total_real=1.000000
cliente 03 | lambda=1.000000 | slack=0.000000 | y_low=0.000000 | y_up=0.000000 | total_real=1.000000
cliente 04 | lambda=1.000000 | slack=0.000000 | y_low=0.000000 | y_up=0.000000 | total_real=1.000000
cliente 05 | lambda=1.000000 | slack=0.000000 | y_low=0.000000 | y_up=0.000000 | total_real=1.000000
cliente 06 | lambda=1.000000 | slack=0.000000 | y_low=0.000000 | y_up=0.000000 | total_real=1.000000
cliente 07 | lambda=1.000000 | slack=0.000000 | y_low=0.000000 | y_up=0.000000 | total_real=1.000000
cliente 08 | lambda=1.000000 | slack=0.000000 | y_low=0.000000 | y_up=0.000000 | total_real=1.000000
cliente 09 | lambda=1.000000 | slack=0.000000 | y_low=0.000000 | y_up=0.000000 | total_real=1.000000
cliente 10 | lambda=1.000000 | slack=0.000000 | y_low=0.000000 | y_up=0.000000 | total_real=1.000000
cliente 11 | lambda=1.000000 | slack=0.000000 | y_low=0.000000 | y_up=0.000000 | total_real=1.000000
cliente 12 | lambda=1.000000 | slack=0.000000 | y_low=0.000000 | y_up=0.000000 | total_real=1.000000
cliente 13 | lambda=1.000000 | slack=0.000000 | y_low=0.000000 | y_up=0.000000 | total_real=1.000000
cliente 14 | lambda=1.000000 | slack=0.000000 | y_low=0.000000 | y_up=0.000000 | total_real=1.000000
cliente 15 | lambda=1.000000 | slack=0.000000 | y_low=0.000000 | y_up=0.000000 | total_real=1.000000
cliente 16 | lambda=1.000000 | slack=0.000000 | y_low=0.000000 | y_up=0.000000 | total_real=1.000000
cliente 17 | lambda=1.000000 | slack=0.000000 | y_low=0.000000 | y_up=0.000000 | total_real=1.000000
cliente 18 | lambda=1.000000 | slack=0.000000 | y_low=0.000000 | y_up=0.000000 | total_real=1.000000
cliente 19 | lambda=1.000000 | slack=0.000000 | y_low=0.000000 | y_up=0.000000 | total_real=1.000000
cliente 20 | lambda=1.000000 | slack=0.000000 | y_low=0.000000 | y_up=0.000000 | total_real=1.000000
cliente 21 | lambda=1.000000 | slack=0.000000 | y_low=0.000000 | y_up=0.000000 | total_real=1.000000
cliente 22 | lambda=1.000000 | slack=0.000000 | y_low=0.000000 | y_up=0.000000 | total_real=1.000000
cliente 23 | lambda=1.000000 | slack=0.000000 | y_low=0.000000 | y_up=0.000000 | total_real=1.000000
cliente 24 | lambda=1.000000 | slack=0.000000 | y_low=0.000000 | y_up=0.000000 | total_real=1.000000
cliente 25 | lambda=1.000000 | slack=0.000000 | y_low=0.000000 | y_up=0.000000 | total_real=1.000000
cliente 26 | lambda=1.000000 | slack=0.000000 | y_low=0.000000 | y_up=0.000000 | total_real=1.000000
cliente 27 | lambda=1.000000 | slack=0.000000 | y_low=0.000000 | y_up=0.000000 | total_real=1.000000
cliente 28 | lambda=1.000000 | slack=0.000000 | y_low=0.000000 | y_up=0.000000 | total_real=1.000000
cliente 29 | lambda=1.000000 | slack=0.000000 | y_low=0.000000 | y_up=0.000000 | total_real=1.000000
cliente 30 | lambda=1.000000 | slack=0.000000 | y_low=0.000000 | y_up=0.000000 | total_real=1.000000
cliente 31 | lambda=1.000000 | slack=0.000000 | y_low=0.000000 | y_up=0.000000 | total_real=1.000000
cliente 32 | lambda=1.000000 | slack=0.000000 | y_low=0.000000 | y_up=0.000000 | total_real=1.000000
cliente 33 | lambda=1.000000 | slack=0.000000 | y_low=0.000000 | y_up=0.000000 | total_real=1.000000
cliente 34 | lambda=1.000000 | slack=0.000000 | y_low=0.000000 | y_up=0.000000 | total_real=1.000000
cliente 35 | lambda=1.000000 | slack=0.000000 | y_low=0.000000 | y_up=0.000000 | total_real=1.000000
cliente 36 | lambda=1.000000 | slack=0.000000 | y_low=0.000000 | y_up=0.000000 | total_real=1.000000
cliente 37 | lambda=1.000000 | slack=0.000000 | y_low=0.000000 | y_up=0.000000 | total_real=1.000000
cliente 38 | lambda=1.000000 | slack=0.000000 | y_low=0.000000 | y_up=0.000000 | total_real=1.000000
cliente 39 | lambda=1.000000 | slack=0.000000 | y_low=0.000000 | y_up=0.000000 | total_real=1.000000
cliente 40 | lambda=1.000000 | slack=0.000000 | y_low=0.000000 | y_up=0.000000 | total_real=1.000000
cliente 41 | lambda=1.000000 | slack=0.000000 | y_low=0.000000 | y_up=0.000000 | total_real=1.000000
cliente 42 | lambda=1.000000 | slack=0.000000 | y_low=0.000000 | y_up=0.000000 | total_real=1.000000
cliente 43 | lambda=1.000000 | slack=0.000000 | y_low=0.000000 | y_up=0.000000 | total_real=1.000000
cliente 44 | lambda=1.000000 | slack=0.000000 | y_low=0.000000 | y_up=0.000000 | total_real=1.000000
cliente 45 | lambda=1.000000 | slack=0.000000 | y_low=0.000000 | y_up=0.000000 | total_real=1.000000
cliente 46 | lambda=1.000000 | slack=0.000000 | y_low=0.000000 | y_up=0.000000 | total_real=1.000000
cliente 47 | lambda=1.000000 | slack=0.000000 | y_low=0.000000 | y_up=0.000000 | total_real=1.000000
cliente 48 | lambda=1.000000 | slack=0.000000 | y_low=0.000000 | y_up=0.000000 | total_real=1.000000
cliente 49 | lambda=1.000000 | slack=0.000000 | y_low=0.000000 | y_up=0.000000 | total_real=1.000000
cliente 50 | lambda=1.000000 | slack=0.000000 | y_low=0.000000 | y_up=0.000000 | total_real=1.000000


================ DUAIS DO MESTRE ================

PI (clientes):
  pi[1] = -313291.933333
  pi[2] =  10000.000000
  pi[3] =  10000.000000
  pi[4] =  10000.000000
  pi[5] =  10000.000000
  pi[6] =  10000.000000
  pi[7] = -208845.055556
  pi[8] = -218852.155556
  pi[9] =  10000.000000
  pi[10] =  10000.000000
  pi[11] =  10000.000000
  pi[12] =  10000.000000
  pi[13] =  10000.000000
  pi[14] =  10000.000000
  pi[15] =  10000.000000
  pi[16] =  10000.000000
  pi[17] =  10000.000000
  pi[18] =  10000.000000
  pi[19] =  10000.000000
  pi[20] =  10000.000000
  pi[21] =  10000.000000
  pi[22] =  10000.000000
  pi[23] = -114418.777778
  pi[24] =  10000.000000
  pi[25] =  10000.000000
  pi[26] =  10000.000000
  pi[27] =  10000.000000
  pi[28] =  10000.000000
  pi[29] =  10000.000000
  pi[30] = -437714.711111
  pi[31] =  10000.000000
  pi[32] =  10000.000000
  pi[33] =  10000.000000
  pi[34] =  10000.000000
  pi[35] =  10000.000000
  pi[36] = -218885.455556
  pi[37] =  10000.000000
  pi[38] =  10000.000000
  pi[39] =  10000.000000
  pi[40] =  10000.000000
  pi[41] =  10000.000000
  pi[42] =  10000.000000
  pi[43] =  10000.000000
  pi[44] =  10000.000000
  pi[45] =  10000.000000
  pi[46] =  10000.000000
  pi[47] = -447892.111111
  pi[48] =  10000.000000
  pi[49] = -552146.988889
  pi[50] =  10000.000000

SIGMA (veículos):
  sigma[0] =  910101.200000
  sigma[1] =  661058.944444
  sigma[2] =  472187.588889
  sigma[3] =  138985.555556
  sigma[4] =  910101.200000

MU (arcos):
  sem duais de arco
=================================================

TESTA ALLBEST

[ALLBEST GEROU CANDIDATA]
k=0
rc=-552092.088889
custo=117.000000
seq=[0, 20, 27, 32, 35, 38, 39, 50, 47, 22, 21, 51]
Tempo total nessa geracao : 0.1s
Tempo total no NO: 1.2s
TAMANHO NOVAS COL 1

--- Nova Coluna ---
Veículo: 0
Sequência: [0, 20, 27, 32, 35, 38, 39, 50, 47, 22, 21, 51]
Custo: 117.00
Custo Reduzido: -552092.088889
Clientes atendidos: [20, 21, 22, 27, 32, 35, 38, 39, 47, 50]

Nao adicionou no k 3
[Nó 0] Iter 7 - Obj = 1000387.3000  Colunas = 46 inst= instancias/c108.txt
[Nó 0] inst= instancias/c108.txt Colunas ativas na iteração 7: 
   veic=0 | col=0 | lambda=1.000000 | custo=62.1000 | rota=[0, 43, 42, 41, 40, 44, 46, 48, 45, 50, 49, 47, 51]
   veic=1 | col=0 | lambda=1.000000 | custo=69.8000 | rota=[0, 20, 5, 3, 7, 8, 11, 9, 6, 4, 2, 1, 51]
   veic=2 | col=0 | lambda=1.000000 | custo=54.1000 | rota=[0, 24, 25, 27, 30, 29, 28, 26, 23, 22, 21, 51]
   veic=3 | col=0 | lambda=1.000000 | custo=100.1000 | rota=[0, 33, 32, 31, 35, 38, 37, 39, 36, 34, 51]
   veic=4 | col=0 | lambda=1.000000 | custo=1000101.2000 | rota=[0, 13, 18, 17, 15, 19, 16, 14, 12, 10, 51]
MESMA FO-  Sem melhora 7 Recom 1000387.2999999999 Ultmf 1000387.2999999999  VALOR SUB 0.0
   valor recomposto = 1000387.300000

   valor recomposto = 1000387.300000

--- COBERTURA POR CLIENTE ---
cliente 01 | lambda=1.000000 | slack=0.000000 | y_low=0.000000 | y_up=0.000000 | total_real=1.000000
cliente 02 | lambda=1.000000 | slack=0.000000 | y_low=0.000000 | y_up=0.000000 | total_real=1.000000
cliente 03 | lambda=1.000000 | slack=0.000000 | y_low=0.000000 | y_up=0.000000 | total_real=1.000000
cliente 04 | lambda=1.000000 | slack=0.000000 | y_low=0.000000 | y_up=0.000000 | total_real=1.000000
cliente 05 | lambda=1.000000 | slack=0.000000 | y_low=0.000000 | y_up=0.000000 | total_real=1.000000
cliente 06 | lambda=1.000000 | slack=0.000000 | y_low=0.000000 | y_up=0.000000 | total_real=1.000000
cliente 07 | lambda=1.000000 | slack=0.000000 | y_low=0.000000 | y_up=0.000000 | total_real=1.000000
cliente 08 | lambda=1.000000 | slack=0.000000 | y_low=0.000000 | y_up=0.000000 | total_real=1.000000
cliente 09 | lambda=1.000000 | slack=0.000000 | y_low=0.000000 | y_up=0.000000 | total_real=1.000000
cliente 10 | lambda=1.000000 | slack=0.000000 | y_low=0.000000 | y_up=0.000000 | total_real=1.000000
cliente 11 | lambda=1.000000 | slack=0.000000 | y_low=0.000000 | y_up=0.000000 | total_real=1.000000
cliente 12 | lambda=1.000000 | slack=0.000000 | y_low=0.000000 | y_up=0.000000 | total_real=1.000000
cliente 13 | lambda=1.000000 | slack=0.000000 | y_low=0.000000 | y_up=0.000000 | total_real=1.000000
cliente 14 | lambda=1.000000 | slack=0.000000 | y_low=0.000000 | y_up=0.000000 | total_real=1.000000
cliente 15 | lambda=1.000000 | slack=0.000000 | y_low=0.000000 | y_up=0.000000 | total_real=1.000000
cliente 16 | lambda=1.000000 | slack=0.000000 | y_low=0.000000 | y_up=0.000000 | total_real=1.000000
cliente 17 | lambda=1.000000 | slack=0.000000 | y_low=0.000000 | y_up=0.000000 | total_real=1.000000
cliente 18 | lambda=1.000000 | slack=0.000000 | y_low=0.000000 | y_up=0.000000 | total_real=1.000000
cliente 19 | lambda=1.000000 | slack=0.000000 | y_low=0.000000 | y_up=0.000000 | total_real=1.000000
cliente 20 | lambda=1.000000 | slack=0.000000 | y_low=0.000000 | y_up=0.000000 | total_real=1.000000
cliente 21 | lambda=1.000000 | slack=0.000000 | y_low=0.000000 | y_up=0.000000 | total_real=1.000000
cliente 22 | lambda=1.000000 | slack=0.000000 | y_low=0.000000 | y_up=0.000000 | total_real=1.000000
cliente 23 | lambda=1.000000 | slack=0.000000 | y_low=0.000000 | y_up=0.000000 | total_real=1.000000
cliente 24 | lambda=1.000000 | slack=0.000000 | y_low=0.000000 | y_up=0.000000 | total_real=1.000000
cliente 25 | lambda=1.000000 | slack=0.000000 | y_low=0.000000 | y_up=0.000000 | total_real=1.000000
cliente 26 | lambda=1.000000 | slack=0.000000 | y_low=0.000000 | y_up=0.000000 | total_real=1.000000
cliente 27 | lambda=1.000000 | slack=0.000000 | y_low=0.000000 | y_up=0.000000 | total_real=1.000000
cliente 28 | lambda=1.000000 | slack=0.000000 | y_low=0.000000 | y_up=0.000000 | total_real=1.000000
cliente 29 | lambda=1.000000 | slack=0.000000 | y_low=0.000000 | y_up=0.000000 | total_real=1.000000
cliente 30 | lambda=1.000000 | slack=0.000000 | y_low=0.000000 | y_up=0.000000 | total_real=1.000000
cliente 31 | lambda=1.000000 | slack=0.000000 | y_low=0.000000 | y_up=0.000000 | total_real=1.000000
cliente 32 | lambda=1.000000 | slack=0.000000 | y_low=0.000000 | y_up=0.000000 | total_real=1.000000
cliente 33 | lambda=1.000000 | slack=0.000000 | y_low=0.000000 | y_up=0.000000 | total_real=1.000000
cliente 34 | lambda=1.000000 | slack=0.000000 | y_low=0.000000 | y_up=0.000000 | total_real=1.000000
cliente 35 | lambda=1.000000 | slack=0.000000 | y_low=0.000000 | y_up=0.000000 | total_real=1.000000
cliente 36 | lambda=1.000000 | slack=0.000000 | y_low=0.000000 | y_up=0.000000 | total_real=1.000000
cliente 37 | lambda=1.000000 | slack=0.000000 | y_low=0.000000 | y_up=0.000000 | total_real=1.000000
cliente 38 | lambda=1.000000 | slack=0.000000 | y_low=0.000000 | y_up=0.000000 | total_real=1.000000
cliente 39 | lambda=1.000000 | slack=0.000000 | y_low=0.000000 | y_up=0.000000 | total_real=1.000000
cliente 40 | lambda=1.000000 | slack=0.000000 | y_low=0.000000 | y_up=0.000000 | total_real=1.000000
cliente 41 | lambda=1.000000 | slack=0.000000 | y_low=0.000000 | y_up=0.000000 | total_real=1.000000
cliente 42 | lambda=1.000000 | slack=0.000000 | y_low=0.000000 | y_up=0.000000 | total_real=1.000000
cliente 43 | lambda=1.000000 | slack=0.000000 | y_low=0.000000 | y_up=0.000000 | total_real=1.000000
cliente 44 | lambda=1.000000 | slack=0.000000 | y_low=0.000000 | y_up=0.000000 | total_real=1.000000
cliente 45 | lambda=1.000000 | slack=0.000000 | y_low=0.000000 | y_up=0.000000 | total_real=1.000000
cliente 46 | lambda=1.000000 | slack=0.000000 | y_low=0.000000 | y_up=0.000000 | total_real=1.000000
cliente 47 | lambda=1.000000 | slack=0.000000 | y_low=0.000000 | y_up=0.000000 | total_real=1.000000
cliente 48 | lambda=1.000000 | slack=0.000000 | y_low=0.000000 | y_up=0.000000 | total_real=1.000000
cliente 49 | lambda=1.000000 | slack=0.000000 | y_low=0.000000 | y_up=0.000000 | total_real=1.000000
cliente 50 | lambda=1.000000 | slack=0.000000 | y_low=0.000000 | y_up=0.000000 | total_real=1.000000


================ DUAIS DO MESTRE ================

PI (clientes):
  pi[1] = -549902.828571
  pi[2] =  10000.000000
  pi[3] =  10000.000000
  pi[4] =  10000.000000
  pi[5] =  10000.000000
  pi[6] =  10000.000000
  pi[7] = -129974.757143
  pi[8] = -139981.857143
  pi[9] =  10000.000000
  pi[10] =  10000.000000
  pi[11] =  10000.000000
  pi[12] =  10000.000000
  pi[13] =  10000.000000
  pi[14] =  10000.000000
  pi[15] =  10000.000000
  pi[16] =  10000.000000
  pi[17] =  10000.000000
  pi[18] =  10000.000000
  pi[19] =  10000.000000
  pi[20] =  10000.000000
  pi[21] =  10000.000000
  pi[22] =  10000.000000
  pi[23] = -74983.628571
  pi[24] =  10000.000000
  pi[25] =  10000.000000
  pi[26] =  10000.000000
  pi[27] =  10000.000000
  pi[28] =  10000.000000
  pi[29] =  10000.000000
  pi[30] = -279974.114286
  pi[31] =  10000.000000
  pi[32] = -344916.342857
  pi[33] =  10000.000000
  pi[34] =  10000.000000
  pi[35] =  10000.000000
  pi[36] = -494931.500000
  pi[37] =  10000.000000
  pi[38] =  10000.000000
  pi[39] =  10000.000000
  pi[40] =  10000.000000
  pi[41] =  10000.000000
  pi[42] =  10000.000000
  pi[43] =  10000.000000
  pi[44] =  10000.000000
  pi[45] =  10000.000000
  pi[46] =  10000.000000
  pi[47] = -645067.857143
  pi[48] =  10000.000000
  pi[49] = -354971.242857
  pi[50] =  10000.000000

SIGMA (veículos):
  sigma[0] =  910101.200000
  sigma[1] =  739929.242857
  sigma[2] =  275011.842857
  sigma[3] =  769947.942857
  sigma[4] =  910101.200000

MU (arcos):
  sem duais de arco
=================================================

TESTA ALLBEST

[ALLBEST GEROU CANDIDATA]
k=0
rc=-654915.557143
custo=214.400000
seq=[0, 43, 17, 27, 29, 39, 28, 9, 6, 22, 21, 49, 51]
Tempo total nessa geracao : 0.1s
Tempo total no NO: 1.3s
TAMANHO NOVAS COL 1

--- Nova Coluna ---
Veículo: 0
Sequência: [0, 43, 17, 27, 29, 39, 28, 9, 6, 22, 21, 49, 51]
Custo: 214.40
Custo Reduzido: -654915.557143
Clientes atendidos: [6, 9, 17, 21, 22, 27, 28, 29, 39, 43, 49]

[Nó 0] Iter 8 - Obj = 1000387.3000  Colunas = 50 inst= instancias/c108.txt
[Nó 0] inst= instancias/c108.txt Colunas ativas na iteração 8: 
   veic=0 | col=0 | lambda=1.000000 | custo=62.1000 | rota=[0, 43, 42, 41, 40, 44, 46, 48, 45, 50, 49, 47, 51]
   veic=1 | col=0 | lambda=1.000000 | custo=69.8000 | rota=[0, 20, 5, 3, 7, 8, 11, 9, 6, 4, 2, 1, 51]
   veic=2 | col=0 | lambda=1.000000 | custo=54.1000 | rota=[0, 24, 25, 27, 30, 29, 28, 26, 23, 22, 21, 51]
   veic=3 | col=0 | lambda=1.000000 | custo=100.1000 | rota=[0, 33, 32, 31, 35, 38, 37, 39, 36, 34, 51]
   veic=4 | col=0 | lambda=1.000000 | custo=1000101.2000 | rota=[0, 13, 18, 17, 15, 19, 16, 14, 12, 10, 51]
MESMA FO-  Sem melhora 8 Recom 1000387.2999999999 Ultmf 1000387.2999999999  VALOR SUB 0.0
   valor recomposto = 1000387.300000

   valor recomposto = 1000387.300000

--- COBERTURA POR CLIENTE ---
cliente 01 | lambda=1.000000 | slack=0.000000 | y_low=0.000000 | y_up=0.000000 | total_real=1.000000
cliente 02 | lambda=1.000000 | slack=0.000000 | y_low=0.000000 | y_up=0.000000 | total_real=1.000000
cliente 03 | lambda=1.000000 | slack=0.000000 | y_low=0.000000 | y_up=0.000000 | total_real=1.000000
cliente 04 | lambda=1.000000 | slack=0.000000 | y_low=0.000000 | y_up=0.000000 | total_real=1.000000
cliente 05 | lambda=1.000000 | slack=0.000000 | y_low=0.000000 | y_up=0.000000 | total_real=1.000000
cliente 06 | lambda=1.000000 | slack=0.000000 | y_low=0.000000 | y_up=0.000000 | total_real=1.000000
cliente 07 | lambda=1.000000 | slack=0.000000 | y_low=0.000000 | y_up=0.000000 | total_real=1.000000
cliente 08 | lambda=1.000000 | slack=0.000000 | y_low=0.000000 | y_up=0.000000 | total_real=1.000000
cliente 09 | lambda=1.000000 | slack=0.000000 | y_low=0.000000 | y_up=0.000000 | total_real=1.000000
cliente 10 | lambda=1.000000 | slack=0.000000 | y_low=0.000000 | y_up=0.000000 | total_real=1.000000
cliente 11 | lambda=1.000000 | slack=0.000000 | y_low=0.000000 | y_up=0.000000 | total_real=1.000000
cliente 12 | lambda=1.000000 | slack=0.000000 | y_low=0.000000 | y_up=0.000000 | total_real=1.000000
cliente 13 | lambda=1.000000 | slack=0.000000 | y_low=0.000000 | y_up=0.000000 | total_real=1.000000
cliente 14 | lambda=1.000000 | slack=0.000000 | y_low=0.000000 | y_up=0.000000 | total_real=1.000000
cliente 15 | lambda=1.000000 | slack=0.000000 | y_low=0.000000 | y_up=0.000000 | total_real=1.000000
cliente 16 | lambda=1.000000 | slack=0.000000 | y_low=0.000000 | y_up=0.000000 | total_real=1.000000
cliente 17 | lambda=1.000000 | slack=0.000000 | y_low=0.000000 | y_up=0.000000 | total_real=1.000000
cliente 18 | lambda=1.000000 | slack=0.000000 | y_low=0.000000 | y_up=0.000000 | total_real=1.000000
cliente 19 | lambda=1.000000 | slack=0.000000 | y_low=0.000000 | y_up=0.000000 | total_real=1.000000
cliente 20 | lambda=1.000000 | slack=0.000000 | y_low=0.000000 | y_up=0.000000 | total_real=1.000000
cliente 21 | lambda=1.000000 | slack=0.000000 | y_low=0.000000 | y_up=0.000000 | total_real=1.000000
cliente 22 | lambda=1.000000 | slack=0.000000 | y_low=0.000000 | y_up=0.000000 | total_real=1.000000
cliente 23 | lambda=1.000000 | slack=0.000000 | y_low=0.000000 | y_up=0.000000 | total_real=1.000000
cliente 24 | lambda=1.000000 | slack=0.000000 | y_low=0.000000 | y_up=0.000000 | total_real=1.000000
cliente 25 | lambda=1.000000 | slack=0.000000 | y_low=0.000000 | y_up=0.000000 | total_real=1.000000
cliente 26 | lambda=1.000000 | slack=0.000000 | y_low=0.000000 | y_up=0.000000 | total_real=1.000000
cliente 27 | lambda=1.000000 | slack=0.000000 | y_low=0.000000 | y_up=0.000000 | total_real=1.000000
cliente 28 | lambda=1.000000 | slack=0.000000 | y_low=0.000000 | y_up=0.000000 | total_real=1.000000
cliente 29 | lambda=1.000000 | slack=0.000000 | y_low=0.000000 | y_up=0.000000 | total_real=1.000000
cliente 30 | lambda=1.000000 | slack=0.000000 | y_low=0.000000 | y_up=0.000000 | total_real=1.000000
cliente 31 | lambda=1.000000 | slack=0.000000 | y_low=0.000000 | y_up=0.000000 | total_real=1.000000
cliente 32 | lambda=1.000000 | slack=0.000000 | y_low=0.000000 | y_up=0.000000 | total_real=1.000000
cliente 33 | lambda=1.000000 | slack=0.000000 | y_low=0.000000 | y_up=0.000000 | total_real=1.000000
cliente 34 | lambda=1.000000 | slack=0.000000 | y_low=0.000000 | y_up=0.000000 | total_real=1.000000
cliente 35 | lambda=1.000000 | slack=0.000000 | y_low=0.000000 | y_up=0.000000 | total_real=1.000000
cliente 36 | lambda=1.000000 | slack=0.000000 | y_low=0.000000 | y_up=0.000000 | total_real=1.000000
cliente 37 | lambda=1.000000 | slack=0.000000 | y_low=0.000000 | y_up=0.000000 | total_real=1.000000
cliente 38 | lambda=1.000000 | slack=0.000000 | y_low=0.000000 | y_up=0.000000 | total_real=1.000000
cliente 39 | lambda=1.000000 | slack=0.000000 | y_low=0.000000 | y_up=0.000000 | total_real=1.000000
cliente 40 | lambda=1.000000 | slack=0.000000 | y_low=0.000000 | y_up=0.000000 | total_real=1.000000
cliente 41 | lambda=1.000000 | slack=0.000000 | y_low=0.000000 | y_up=0.000000 | total_real=1.000000
cliente 42 | lambda=1.000000 | slack=0.000000 | y_low=0.000000 | y_up=0.000000 | total_real=1.000000
cliente 43 | lambda=1.000000 | slack=0.000000 | y_low=0.000000 | y_up=0.000000 | total_real=1.000000
cliente 44 | lambda=1.000000 | slack=0.000000 | y_low=0.000000 | y_up=0.000000 | total_real=1.000000
cliente 45 | lambda=1.000000 | slack=0.000000 | y_low=0.000000 | y_up=0.000000 | total_real=1.000000
cliente 46 | lambda=1.000000 | slack=0.000000 | y_low=0.000000 | y_up=0.000000 | total_real=1.000000
cliente 47 | lambda=1.000000 | slack=0.000000 | y_low=0.000000 | y_up=0.000000 | total_real=1.000000
cliente 48 | lambda=1.000000 | slack=0.000000 | y_low=0.000000 | y_up=0.000000 | total_real=1.000000
cliente 49 | lambda=1.000000 | slack=0.000000 | y_low=0.000000 | y_up=0.000000 | total_real=1.000000
cliente 50 | lambda=1.000000 | slack=0.000000 | y_low=0.000000 | y_up=0.000000 | total_real=1.000000


================ DUAIS DO MESTRE ================

PI (clientes):
  pi[1] = -27588.038095
  pi[2] =  10000.000000
  pi[3] =  10000.000000
  pi[4] =  10000.000000
  pi[5] =  10000.000000
  pi[6] = -37617.138095
  pi[7] = -27607.838095
  pi[8] = -152832.414286
  pi[9] =  10000.000000
  pi[10] =  10000.000000
  pi[11] =  10000.000000
  pi[12] =  10000.000000
  pi[13] =  10000.000000
  pi[14] =  10000.000000
  pi[15] =  10000.000000
  pi[16] =  10000.000000
  pi[17] =  10000.000000
  pi[18] =  10000.000000
  pi[19] =  10000.000000
  pi[20] =  10000.000000
  pi[21] =  10000.000000
  pi[22] = -380899.204762
  pi[23] =  10000.000000
  pi[24] =  10000.000000
  pi[25] =  10000.000000
  pi[26] =  10000.000000
  pi[27] =  10000.000000
  pi[28] =  10000.000000
  pi[29] =  10000.000000
  pi[30] = -466139.480952
  pi[31] =  10000.000000
  pi[32] = -170416.352381
  pi[33] =  10000.000000
  pi[34] =  10000.000000
  pi[35] =  10000.000000
  pi[36] =  10000.000000
  pi[37] =  10000.000000
  pi[38] =  10000.000000
  pi[39] =  10000.000000
  pi[40] =  10000.000000
  pi[41] =  10000.000000
  pi[42] =  10000.000000
  pi[43] =  10000.000000
  pi[44] =  10000.000000
  pi[45] =  10000.000000
  pi[46] =  10000.000000
  pi[47] = -152986.914286
  pi[48] =  10000.000000
  pi[49] = -571370.457143
  pi[50] = -265681.728571

SIGMA (veículos):
  sigma[0] =  910101.200000
  sigma[1] =  175715.228571
  sigma[2] =  767092.785714
  sigma[3] =  90516.452381
  sigma[4] =  910101.200000

MU (arcos):
  sem duais de arco
=================================================

TESTA ALLBEST

[ALLBEST GEROU CANDIDATA]
k=0
rc=-962291.461905
custo=221.700000
seq=[0, 17, 25, 10, 40, 39, 36, 34, 2, 1, 51]
Tempo total nessa geracao : 0.1s
Tempo total no NO: 1.4s
TAMANHO NOVAS COL 1

--- Nova Coluna ---
Veículo: 0
Sequência: [0, 17, 25, 10, 40, 39, 36, 34, 2, 1, 51]
Custo: 221.70
Custo Reduzido: -962291.461905
Clientes atendidos: [1, 2, 10, 17, 25, 34, 36, 39, 40]

[Nó 0] Iter 9 - Obj = 1000387.3000  Colunas = 54 inst= instancias/c108.txt
[Nó 0] inst= instancias/c108.txt Colunas ativas na iteração 9: 
   veic=0 | col=0 | lambda=1.000000 | custo=62.1000 | rota=[0, 43, 42, 41, 40, 44, 46, 48, 45, 50, 49, 47, 51]
   veic=1 | col=0 | lambda=1.000000 | custo=69.8000 | rota=[0, 20, 5, 3, 7, 8, 11, 9, 6, 4, 2, 1, 51]
   veic=2 | col=0 | lambda=1.000000 | custo=54.1000 | rota=[0, 24, 25, 27, 30, 29, 28, 26, 23, 22, 21, 51]
   veic=3 | col=0 | lambda=1.000000 | custo=100.1000 | rota=[0, 33, 32, 31, 35, 38, 37, 39, 36, 34, 51]
   veic=4 | col=0 | lambda=1.000000 | custo=1000101.2000 | rota=[0, 13, 18, 17, 15, 19, 16, 14, 12, 10, 51]
MESMA FO-  Sem melhora 9 Recom 1000387.2999999999 Ultmf 1000387.2999999999  VALOR SUB 0.0
   valor recomposto = 1000387.300000

   valor recomposto = 1000387.300000

--- COBERTURA POR CLIENTE ---
cliente 01 | lambda=1.000000 | slack=0.000000 | y_low=0.000000 | y_up=0.000000 | total_real=1.000000
cliente 02 | lambda=1.000000 | slack=0.000000 | y_low=0.000000 | y_up=0.000000 | total_real=1.000000
cliente 03 | lambda=1.000000 | slack=0.000000 | y_low=0.000000 | y_up=0.000000 | total_real=1.000000
cliente 04 | lambda=1.000000 | slack=0.000000 | y_low=0.000000 | y_up=0.000000 | total_real=1.000000
cliente 05 | lambda=1.000000 | slack=0.000000 | y_low=0.000000 | y_up=0.000000 | total_real=1.000000
cliente 06 | lambda=1.000000 | slack=0.000000 | y_low=0.000000 | y_up=0.000000 | total_real=1.000000
cliente 07 | lambda=1.000000 | slack=0.000000 | y_low=0.000000 | y_up=0.000000 | total_real=1.000000
cliente 08 | lambda=1.000000 | slack=0.000000 | y_low=0.000000 | y_up=0.000000 | total_real=1.000000
cliente 09 | lambda=1.000000 | slack=0.000000 | y_low=0.000000 | y_up=0.000000 | total_real=1.000000
cliente 10 | lambda=1.000000 | slack=0.000000 | y_low=0.000000 | y_up=0.000000 | total_real=1.000000
cliente 11 | lambda=1.000000 | slack=0.000000 | y_low=0.000000 | y_up=0.000000 | total_real=1.000000
cliente 12 | lambda=1.000000 | slack=0.000000 | y_low=0.000000 | y_up=0.000000 | total_real=1.000000
cliente 13 | lambda=1.000000 | slack=0.000000 | y_low=0.000000 | y_up=0.000000 | total_real=1.000000
cliente 14 | lambda=1.000000 | slack=0.000000 | y_low=0.000000 | y_up=0.000000 | total_real=1.000000
cliente 15 | lambda=1.000000 | slack=0.000000 | y_low=0.000000 | y_up=0.000000 | total_real=1.000000
cliente 16 | lambda=1.000000 | slack=0.000000 | y_low=0.000000 | y_up=0.000000 | total_real=1.000000
cliente 17 | lambda=1.000000 | slack=0.000000 | y_low=0.000000 | y_up=0.000000 | total_real=1.000000
cliente 18 | lambda=1.000000 | slack=0.000000 | y_low=0.000000 | y_up=0.000000 | total_real=1.000000
cliente 19 | lambda=1.000000 | slack=0.000000 | y_low=0.000000 | y_up=0.000000 | total_real=1.000000
cliente 20 | lambda=1.000000 | slack=0.000000 | y_low=0.000000 | y_up=0.000000 | total_real=1.000000
cliente 21 | lambda=1.000000 | slack=0.000000 | y_low=0.000000 | y_up=0.000000 | total_real=1.000000
cliente 22 | lambda=1.000000 | slack=0.000000 | y_low=0.000000 | y_up=0.000000 | total_real=1.000000
cliente 23 | lambda=1.000000 | slack=0.000000 | y_low=0.000000 | y_up=0.000000 | total_real=1.000000
cliente 24 | lambda=1.000000 | slack=0.000000 | y_low=0.000000 | y_up=0.000000 | total_real=1.000000
cliente 25 | lambda=1.000000 | slack=0.000000 | y_low=0.000000 | y_up=0.000000 | total_real=1.000000
cliente 26 | lambda=1.000000 | slack=0.000000 | y_low=0.000000 | y_up=0.000000 | total_real=1.000000
cliente 27 | lambda=1.000000 | slack=0.000000 | y_low=0.000000 | y_up=0.000000 | total_real=1.000000
cliente 28 | lambda=1.000000 | slack=0.000000 | y_low=0.000000 | y_up=0.000000 | total_real=1.000000
cliente 29 | lambda=1.000000 | slack=0.000000 | y_low=0.000000 | y_up=0.000000 | total_real=1.000000
cliente 30 | lambda=1.000000 | slack=0.000000 | y_low=0.000000 | y_up=0.000000 | total_real=1.000000
cliente 31 | lambda=1.000000 | slack=0.000000 | y_low=0.000000 | y_up=0.000000 | total_real=1.000000
cliente 32 | lambda=1.000000 | slack=0.000000 | y_low=0.000000 | y_up=0.000000 | total_real=1.000000
cliente 33 | lambda=1.000000 | slack=0.000000 | y_low=0.000000 | y_up=0.000000 | total_real=1.000000
cliente 34 | lambda=1.000000 | slack=0.000000 | y_low=0.000000 | y_up=0.000000 | total_real=1.000000
cliente 35 | lambda=1.000000 | slack=0.000000 | y_low=0.000000 | y_up=0.000000 | total_real=1.000000
cliente 36 | lambda=1.000000 | slack=0.000000 | y_low=0.000000 | y_up=0.000000 | total_real=1.000000
cliente 37 | lambda=1.000000 | slack=0.000000 | y_low=0.000000 | y_up=0.000000 | total_real=1.000000
cliente 38 | lambda=1.000000 | slack=0.000000 | y_low=0.000000 | y_up=0.000000 | total_real=1.000000
cliente 39 | lambda=1.000000 | slack=0.000000 | y_low=0.000000 | y_up=0.000000 | total_real=1.000000
cliente 40 | lambda=1.000000 | slack=0.000000 | y_low=0.000000 | y_up=0.000000 | total_real=1.000000
cliente 41 | lambda=1.000000 | slack=0.000000 | y_low=0.000000 | y_up=0.000000 | total_real=1.000000
cliente 42 | lambda=1.000000 | slack=0.000000 | y_low=0.000000 | y_up=0.000000 | total_real=1.000000
cliente 43 | lambda=1.000000 | slack=0.000000 | y_low=0.000000 | y_up=0.000000 | total_real=1.000000
cliente 44 | lambda=1.000000 | slack=0.000000 | y_low=0.000000 | y_up=0.000000 | total_real=1.000000
cliente 45 | lambda=1.000000 | slack=0.000000 | y_low=0.000000 | y_up=0.000000 | total_real=1.000000
cliente 46 | lambda=1.000000 | slack=0.000000 | y_low=0.000000 | y_up=0.000000 | total_real=1.000000
cliente 47 | lambda=1.000000 | slack=0.000000 | y_low=0.000000 | y_up=0.000000 | total_real=1.000000
cliente 48 | lambda=1.000000 | slack=0.000000 | y_low=0.000000 | y_up=0.000000 | total_real=1.000000
cliente 49 | lambda=1.000000 | slack=0.000000 | y_low=0.000000 | y_up=0.000000 | total_real=1.000000
cliente 50 | lambda=1.000000 | slack=0.000000 | y_low=0.000000 | y_up=0.000000 | total_real=1.000000


================ DUAIS DO MESTRE ================

PI (clientes):
  pi[1] = -435383.154545
  pi[2] =  10000.000000
  pi[3] =  10000.000000
  pi[4] =  10000.000000
  pi[5] =  10000.000000
  pi[6] = -346323.063636
  pi[7] =  10000.000000
  pi[8] = -188152.581818
  pi[9] =  10000.000000
  pi[10] =  10000.000000
  pi[11] =  10000.000000
  pi[12] =  10000.000000
  pi[13] =  10000.000000
  pi[14] =  10000.000000
  pi[15] =  10000.000000
  pi[16] =  10000.000000
  pi[17] =  10000.000000
  pi[18] =  10000.000000
  pi[19] =  10000.000000
  pi[20] =  10000.000000
  pi[21] =  10000.000000
  pi[22] = -178145.481818
  pi[23] =  10000.000000
  pi[24] =  10000.000000
  pi[25] = -188170.081818
  pi[26] =  10000.000000
  pi[27] =  10000.000000
  pi[28] =  10000.000000
  pi[29] =  10000.000000
  pi[30] =  10000.000000
  pi[31] =  10000.000000
  pi[32] = -69039.490909
  pi[33] =  10000.000000
  pi[34] =  10000.000000
  pi[35] =  10000.000000
  pi[36] = -435402.954545
  pi[37] =  10000.000000
  pi[38] =  10000.000000
  pi[39] = -89089.190909
  pi[40] =  10000.000000
  pi[41] =  10000.000000
  pi[42] =  10000.000000
  pi[43] =  10000.000000
  pi[44] =  10000.000000
  pi[45] =  10000.000000
  pi[46] =  10000.000000
  pi[47] = -633710.036364
  pi[48] =  10000.000000
  pi[49] = -366329.063636
  pi[50] =  10000.000000

SIGMA (veículos):
  sigma[0] =  910101.200000
  sigma[1] =  889928.600000
  sigma[2] =  286369.663636
  sigma[3] =  533631.736364
  sigma[4] =  910101.200000

MU (arcos):
  sem duais de arco
=================================================

TESTA ALLBEST

[ALLBEST GEROU CANDIDATA]
k=0
rc=-564530.345455
custo=202.300000
seq=[0, 32, 33, 42, 40, 10, 11, 45, 48, 50, 21, 49, 51]
Tempo total nessa geracao : 0.1s
Tempo total no NO: 1.5s
TAMANHO NOVAS COL 1

--- Nova Coluna ---
Veículo: 0
Sequência: [0, 32, 33, 42, 40, 10, 11, 45, 48, 50, 21, 49, 51]
Custo: 202.30
Custo Reduzido: -564530.345455
Clientes atendidos: [10, 11, 21, 32, 33, 40, 42, 45, 48, 49, 50]

Nao adicionou no k 2
[Nó 0] Rodando MIP periódico após 5 colunas...
Set parameter TimeLimit to value 30
Gurobi Optimizer version 13.0.2 build v13.0.2rc1 (win64 - Windows 11+.0 (26200.2))

CPU model: AMD Ryzen 9 9950X3D 16-Core Processor, instruction set [SSE2|AVX|AVX2|AVX512]
Thread count: 16 physical cores, 32 logical processors, using up to 32 threads

Non-default parameters:
TimeLimit  30

Optimize a model with 55 rows, 57 columns and 667 nonzeros (Min)
Model fingerprint: 0x40e629c9
Model has 57 linear objective coefficients
Variable types: 0 continuous, 57 integer (57 binary)
Coefficient statistics:
  Matrix range     [1e+00, 1e+00]
  Objective range  [5e+01, 1e+06]
  Bounds range     [1e+00, 1e+00]
  RHS range        [1e+00, 1e+00]

Found heuristic solution: objective 1000387.3000
Presolve removed 55 rows and 57 columns
Presolve time: 0.00s
Presolve: All rows and columns removed

Explored 0 nodes (0 simplex iterations) in 0.00 seconds (0.00 work units)
Thread count was 1 (of 32 available processors)

Solution count 1: 1.00039e+06 

Optimal solution found (tolerance 1.00e-04)
Best objective 1.000387300000e+06, best bound 1.000387300000e+06, gap 0.0000%
[Nó 0] MIP periódico encontrou solução inteira válida. FO=1000387.300000
[Nó 0] Iter 10 - Obj = 1000387.3000  Colunas = 57 inst= instancias/c108.txt
[Nó 0] inst= instancias/c108.txt Colunas ativas na iteração 10: 
   veic=0 | col=0 | lambda=1.000000 | custo=62.1000 | rota=[0, 43, 42, 41, 40, 44, 46, 48, 45, 50, 49, 47, 51]
   veic=1 | col=0 | lambda=1.000000 | custo=69.8000 | rota=[0, 20, 5, 3, 7, 8, 11, 9, 6, 4, 2, 1, 51]
   veic=2 | col=0 | lambda=1.000000 | custo=54.1000 | rota=[0, 24, 25, 27, 30, 29, 28, 26, 23, 22, 21, 51]
   veic=3 | col=0 | lambda=1.000000 | custo=100.1000 | rota=[0, 33, 32, 31, 35, 38, 37, 39, 36, 34, 51]
   veic=4 | col=0 | lambda=1.000000 | custo=1000101.2000 | rota=[0, 13, 18, 17, 15, 19, 16, 14, 12, 10, 51]
MESMA FO-  Sem melhora 10 Recom 1000387.2999999999 Ultmf 1000387.2999999999  VALOR SUB 0.0
   valor recomposto = 1000387.300000

   valor recomposto = 1000387.300000

--- COBERTURA POR CLIENTE ---
cliente 01 | lambda=1.000000 | slack=0.000000 | y_low=0.000000 | y_up=0.000000 | total_real=1.000000
cliente 02 | lambda=1.000000 | slack=0.000000 | y_low=0.000000 | y_up=0.000000 | total_real=1.000000
cliente 03 | lambda=1.000000 | slack=0.000000 | y_low=0.000000 | y_up=0.000000 | total_real=1.000000
cliente 04 | lambda=1.000000 | slack=0.000000 | y_low=0.000000 | y_up=0.000000 | total_real=1.000000
cliente 05 | lambda=1.000000 | slack=0.000000 | y_low=0.000000 | y_up=0.000000 | total_real=1.000000
cliente 06 | lambda=1.000000 | slack=0.000000 | y_low=0.000000 | y_up=0.000000 | total_real=1.000000
cliente 07 | lambda=1.000000 | slack=0.000000 | y_low=0.000000 | y_up=0.000000 | total_real=1.000000
cliente 08 | lambda=1.000000 | slack=0.000000 | y_low=0.000000 | y_up=0.000000 | total_real=1.000000
cliente 09 | lambda=1.000000 | slack=0.000000 | y_low=0.000000 | y_up=0.000000 | total_real=1.000000
cliente 10 | lambda=1.000000 | slack=0.000000 | y_low=0.000000 | y_up=0.000000 | total_real=1.000000
cliente 11 | lambda=1.000000 | slack=0.000000 | y_low=0.000000 | y_up=0.000000 | total_real=1.000000
cliente 12 | lambda=1.000000 | slack=0.000000 | y_low=0.000000 | y_up=0.000000 | total_real=1.000000
cliente 13 | lambda=1.000000 | slack=0.000000 | y_low=0.000000 | y_up=0.000000 | total_real=1.000000
cliente 14 | lambda=1.000000 | slack=0.000000 | y_low=0.000000 | y_up=0.000000 | total_real=1.000000
cliente 15 | lambda=1.000000 | slack=0.000000 | y_low=0.000000 | y_up=0.000000 | total_real=1.000000
cliente 16 | lambda=1.000000 | slack=0.000000 | y_low=0.000000 | y_up=0.000000 | total_real=1.000000
cliente 17 | lambda=1.000000 | slack=0.000000 | y_low=0.000000 | y_up=0.000000 | total_real=1.000000
cliente 18 | lambda=1.000000 | slack=0.000000 | y_low=0.000000 | y_up=0.000000 | total_real=1.000000
cliente 19 | lambda=1.000000 | slack=0.000000 | y_low=0.000000 | y_up=0.000000 | total_real=1.000000
cliente 20 | lambda=1.000000 | slack=0.000000 | y_low=0.000000 | y_up=0.000000 | total_real=1.000000
cliente 21 | lambda=1.000000 | slack=0.000000 | y_low=0.000000 | y_up=0.000000 | total_real=1.000000
cliente 22 | lambda=1.000000 | slack=0.000000 | y_low=0.000000 | y_up=0.000000 | total_real=1.000000
cliente 23 | lambda=1.000000 | slack=0.000000 | y_low=0.000000 | y_up=0.000000 | total_real=1.000000
cliente 24 | lambda=1.000000 | slack=0.000000 | y_low=0.000000 | y_up=0.000000 | total_real=1.000000
cliente 25 | lambda=1.000000 | slack=0.000000 | y_low=0.000000 | y_up=0.000000 | total_real=1.000000
cliente 26 | lambda=1.000000 | slack=0.000000 | y_low=0.000000 | y_up=0.000000 | total_real=1.000000
cliente 27 | lambda=1.000000 | slack=0.000000 | y_low=0.000000 | y_up=0.000000 | total_real=1.000000
cliente 28 | lambda=1.000000 | slack=0.000000 | y_low=0.000000 | y_up=0.000000 | total_real=1.000000
cliente 29 | lambda=1.000000 | slack=0.000000 | y_low=0.000000 | y_up=0.000000 | total_real=1.000000
cliente 30 | lambda=1.000000 | slack=0.000000 | y_low=0.000000 | y_up=0.000000 | total_real=1.000000
cliente 31 | lambda=1.000000 | slack=0.000000 | y_low=0.000000 | y_up=0.000000 | total_real=1.000000
cliente 32 | lambda=1.000000 | slack=0.000000 | y_low=0.000000 | y_up=0.000000 | total_real=1.000000
cliente 33 | lambda=1.000000 | slack=0.000000 | y_low=0.000000 | y_up=0.000000 | total_real=1.000000
cliente 34 | lambda=1.000000 | slack=0.000000 | y_low=0.000000 | y_up=0.000000 | total_real=1.000000
cliente 35 | lambda=1.000000 | slack=0.000000 | y_low=0.000000 | y_up=0.000000 | total_real=1.000000
cliente 36 | lambda=1.000000 | slack=0.000000 | y_low=0.000000 | y_up=0.000000 | total_real=1.000000
cliente 37 | lambda=1.000000 | slack=0.000000 | y_low=0.000000 | y_up=0.000000 | total_real=1.000000
cliente 38 | lambda=1.000000 | slack=0.000000 | y_low=0.000000 | y_up=0.000000 | total_real=1.000000
cliente 39 | lambda=1.000000 | slack=0.000000 | y_low=0.000000 | y_up=0.000000 | total_real=1.000000
cliente 40 | lambda=1.000000 | slack=0.000000 | y_low=0.000000 | y_up=0.000000 | total_real=1.000000
cliente 41 | lambda=1.000000 | slack=0.000000 | y_low=0.000000 | y_up=0.000000 | total_real=1.000000
cliente 42 | lambda=1.000000 | slack=0.000000 | y_low=0.000000 | y_up=0.000000 | total_real=1.000000
cliente 43 | lambda=1.000000 | slack=0.000000 | y_low=0.000000 | y_up=0.000000 | total_real=1.000000
cliente 44 | lambda=1.000000 | slack=0.000000 | y_low=0.000000 | y_up=0.000000 | total_real=1.000000
cliente 45 | lambda=1.000000 | slack=0.000000 | y_low=0.000000 | y_up=0.000000 | total_real=1.000000
cliente 46 | lambda=1.000000 | slack=0.000000 | y_low=0.000000 | y_up=0.000000 | total_real=1.000000
cliente 47 | lambda=1.000000 | slack=0.000000 | y_low=0.000000 | y_up=0.000000 | total_real=1.000000
cliente 48 | lambda=1.000000 | slack=0.000000 | y_low=0.000000 | y_up=0.000000 | total_real=1.000000
cliente 49 | lambda=1.000000 | slack=0.000000 | y_low=0.000000 | y_up=0.000000 | total_real=1.000000
cliente 50 | lambda=1.000000 | slack=0.000000 | y_low=0.000000 | y_up=0.000000 | total_real=1.000000


================ DUAIS DO MESTRE ================

PI (clientes):
  pi[1] = -474926.150000
  pi[2] =  10000.000000
  pi[3] =  10000.000000
  pi[4] =  10000.000000
  pi[5] =  10000.000000
  pi[6] = -484955.250000
  pi[7] =  10000.000000
  pi[8] =  24.200000
  pi[9] =  10000.000000
  pi[10] = -242492.075000
  pi[11] =  10000.000000
  pi[12] =  10000.000000
  pi[13] =  10000.000000
  pi[14] =  10000.000000
  pi[15] =  10000.000000
  pi[16] =  10000.000000
  pi[17] =  10000.000000
  pi[18] =  10000.000000
  pi[19] =  10000.000000
  pi[20] =  10000.000000
  pi[21] =  10000.000000
  pi[22] = -252462.375000
  pi[23] =  10000.000000
  pi[24] =  10000.000000
  pi[25] = -514979.050000
  pi[26] =  10000.000000
  pi[27] =  10000.000000
  pi[28] =  10000.000000
  pi[29] =  10000.000000
  pi[30] =  10000.000000
  pi[31] =  10000.000000
  pi[32] = -232443.975000
  pi[33] =  10000.000000
  pi[34] =  10000.000000
  pi[35] =  10000.000000
  pi[36] = -474945.950000
  pi[37] =  10000.000000
  pi[38] =  10000.000000
  pi[39] =  10000.000000
  pi[40] =  10000.000000
  pi[41] =  10000.000000
  pi[42] =  10000.000000
  pi[43] =  10000.000000
  pi[44] =  10000.000000
  pi[45] =  10000.000000
  pi[46] =  10000.000000
  pi[47] = -485076.250000
  pi[48] =  10000.000000
  pi[49] = -504961.250000
  pi[50] = -252493.675000

SIGMA (veículos):
  sigma[0] =  1162593.275000
  sigma[1] =  879927.000000
  sigma[2] =  687495.525000
  sigma[3] =  637490.025000
  sigma[4] =  1162593.275000

MU (arcos):
  sem duais de arco
=================================================

TESTA ALLBEST

[ALLBEST GEROU CANDIDATA]
k=0
rc=-757320.425000
custo=220.800000
seq=[0, 5, 27, 19, 8, 9, 45, 48, 34, 21, 47, 51]
Tempo total nessa geracao : 0.1s
Tempo total no NO: 1.6s
TAMANHO NOVAS COL 1

--- Nova Coluna ---
Veículo: 0
Sequência: [0, 5, 27, 19, 8, 9, 45, 48, 34, 21, 47, 51]
Custo: 220.80
Custo Reduzido: -757320.425000
Clientes atendidos: [5, 8, 9, 19, 21, 27, 34, 45, 47, 48]

[Nó 0] Iter 11 - Obj = 1000387.3000  Colunas = 61 inst= instancias/c108.txt
[Nó 0] inst= instancias/c108.txt Colunas ativas na iteração 11: 
   veic=0 | col=0 | lambda=1.000000 | custo=62.1000 | rota=[0, 43, 42, 41, 40, 44, 46, 48, 45, 50, 49, 47, 51]
   veic=1 | col=0 | lambda=1.000000 | custo=69.8000 | rota=[0, 20, 5, 3, 7, 8, 11, 9, 6, 4, 2, 1, 51]
   veic=2 | col=0 | lambda=1.000000 | custo=54.1000 | rota=[0, 24, 25, 27, 30, 29, 28, 26, 23, 22, 21, 51]
   veic=3 | col=0 | lambda=1.000000 | custo=100.1000 | rota=[0, 33, 32, 31, 35, 38, 37, 39, 36, 34, 51]
   veic=4 | col=0 | lambda=1.000000 | custo=1000101.2000 | rota=[0, 13, 18, 17, 15, 19, 16, 14, 12, 10, 51]
MESMA FO-  Sem melhora 11 Recom 1000387.2999999999 Ultmf 1000387.2999999999  VALOR SUB 0.0
   valor recomposto = 1000387.300000

   valor recomposto = 1000387.300000

--- COBERTURA POR CLIENTE ---
cliente 01 | lambda=1.000000 | slack=0.000000 | y_low=0.000000 | y_up=0.000000 | total_real=1.000000
cliente 02 | lambda=1.000000 | slack=0.000000 | y_low=0.000000 | y_up=0.000000 | total_real=1.000000
cliente 03 | lambda=1.000000 | slack=0.000000 | y_low=0.000000 | y_up=0.000000 | total_real=1.000000
cliente 04 | lambda=1.000000 | slack=0.000000 | y_low=0.000000 | y_up=0.000000 | total_real=1.000000
cliente 05 | lambda=1.000000 | slack=0.000000 | y_low=0.000000 | y_up=0.000000 | total_real=1.000000
cliente 06 | lambda=1.000000 | slack=0.000000 | y_low=0.000000 | y_up=0.000000 | total_real=1.000000
cliente 07 | lambda=1.000000 | slack=0.000000 | y_low=0.000000 | y_up=0.000000 | total_real=1.000000
cliente 08 | lambda=1.000000 | slack=0.000000 | y_low=0.000000 | y_up=0.000000 | total_real=1.000000
cliente 09 | lambda=1.000000 | slack=0.000000 | y_low=0.000000 | y_up=0.000000 | total_real=1.000000
cliente 10 | lambda=1.000000 | slack=0.000000 | y_low=0.000000 | y_up=0.000000 | total_real=1.000000
cliente 11 | lambda=1.000000 | slack=0.000000 | y_low=0.000000 | y_up=0.000000 | total_real=1.000000
cliente 12 | lambda=1.000000 | slack=0.000000 | y_low=0.000000 | y_up=0.000000 | total_real=1.000000
cliente 13 | lambda=1.000000 | slack=0.000000 | y_low=0.000000 | y_up=0.000000 | total_real=1.000000
cliente 14 | lambda=1.000000 | slack=0.000000 | y_low=0.000000 | y_up=0.000000 | total_real=1.000000
cliente 15 | lambda=1.000000 | slack=0.000000 | y_low=0.000000 | y_up=0.000000 | total_real=1.000000
cliente 16 | lambda=1.000000 | slack=0.000000 | y_low=0.000000 | y_up=0.000000 | total_real=1.000000
cliente 17 | lambda=1.000000 | slack=0.000000 | y_low=0.000000 | y_up=0.000000 | total_real=1.000000
cliente 18 | lambda=1.000000 | slack=0.000000 | y_low=0.000000 | y_up=0.000000 | total_real=1.000000
cliente 19 | lambda=1.000000 | slack=0.000000 | y_low=0.000000 | y_up=0.000000 | total_real=1.000000
cliente 20 | lambda=1.000000 | slack=0.000000 | y_low=0.000000 | y_up=0.000000 | total_real=1.000000
cliente 21 | lambda=1.000000 | slack=0.000000 | y_low=0.000000 | y_up=0.000000 | total_real=1.000000
cliente 22 | lambda=1.000000 | slack=0.000000 | y_low=0.000000 | y_up=0.000000 | total_real=1.000000
cliente 23 | lambda=1.000000 | slack=0.000000 | y_low=0.000000 | y_up=0.000000 | total_real=1.000000
cliente 24 | lambda=1.000000 | slack=0.000000 | y_low=0.000000 | y_up=0.000000 | total_real=1.000000
cliente 25 | lambda=1.000000 | slack=0.000000 | y_low=0.000000 | y_up=0.000000 | total_real=1.000000
cliente 26 | lambda=1.000000 | slack=0.000000 | y_low=0.000000 | y_up=0.000000 | total_real=1.000000
cliente 27 | lambda=1.000000 | slack=0.000000 | y_low=0.000000 | y_up=0.000000 | total_real=1.000000
cliente 28 | lambda=1.000000 | slack=0.000000 | y_low=0.000000 | y_up=0.000000 | total_real=1.000000
cliente 29 | lambda=1.000000 | slack=0.000000 | y_low=0.000000 | y_up=0.000000 | total_real=1.000000
cliente 30 | lambda=1.000000 | slack=0.000000 | y_low=0.000000 | y_up=0.000000 | total_real=1.000000
cliente 31 | lambda=1.000000 | slack=0.000000 | y_low=0.000000 | y_up=0.000000 | total_real=1.000000
cliente 32 | lambda=1.000000 | slack=0.000000 | y_low=0.000000 | y_up=0.000000 | total_real=1.000000
cliente 33 | lambda=1.000000 | slack=0.000000 | y_low=0.000000 | y_up=0.000000 | total_real=1.000000
cliente 34 | lambda=1.000000 | slack=0.000000 | y_low=0.000000 | y_up=0.000000 | total_real=1.000000
cliente 35 | lambda=1.000000 | slack=0.000000 | y_low=0.000000 | y_up=0.000000 | total_real=1.000000
cliente 36 | lambda=1.000000 | slack=0.000000 | y_low=0.000000 | y_up=0.000000 | total_real=1.000000
cliente 37 | lambda=1.000000 | slack=0.000000 | y_low=0.000000 | y_up=0.000000 | total_real=1.000000
cliente 38 | lambda=1.000000 | slack=0.000000 | y_low=0.000000 | y_up=0.000000 | total_real=1.000000
cliente 39 | lambda=1.000000 | slack=0.000000 | y_low=0.000000 | y_up=0.000000 | total_real=1.000000
cliente 40 | lambda=1.000000 | slack=0.000000 | y_low=0.000000 | y_up=0.000000 | total_real=1.000000
cliente 41 | lambda=1.000000 | slack=0.000000 | y_low=0.000000 | y_up=0.000000 | total_real=1.000000
cliente 42 | lambda=1.000000 | slack=0.000000 | y_low=0.000000 | y_up=0.000000 | total_real=1.000000
cliente 43 | lambda=1.000000 | slack=0.000000 | y_low=0.000000 | y_up=0.000000 | total_real=1.000000
cliente 44 | lambda=1.000000 | slack=0.000000 | y_low=0.000000 | y_up=0.000000 | total_real=1.000000
cliente 45 | lambda=1.000000 | slack=0.000000 | y_low=0.000000 | y_up=0.000000 | total_real=1.000000
cliente 46 | lambda=1.000000 | slack=0.000000 | y_low=0.000000 | y_up=0.000000 | total_real=1.000000
cliente 47 | lambda=1.000000 | slack=0.000000 | y_low=0.000000 | y_up=0.000000 | total_real=1.000000
cliente 48 | lambda=1.000000 | slack=0.000000 | y_low=0.000000 | y_up=0.000000 | total_real=1.000000
cliente 49 | lambda=1.000000 | slack=0.000000 | y_low=0.000000 | y_up=0.000000 | total_real=1.000000
cliente 50 | lambda=1.000000 | slack=0.000000 | y_low=0.000000 | y_up=0.000000 | total_real=1.000000


================ DUAIS DO MESTRE ================

PI (clientes):
  pi[1] = -378043.984211
  pi[2] =  10000.000000
  pi[3] =  10000.000000
  pi[4] =  10000.000000
  pi[5] =  10000.000000
  pi[6] = -217525.405263
  pi[7] =  10000.000000
  pi[8] = -197212.105263
  pi[9] = -160547.678947
  pi[10] = -123857.452632
  pi[11] =  10000.000000
  pi[12] =  10000.000000
  pi[13] =  10000.000000
  pi[14] =  10000.000000
  pi[15] =  10000.000000
  pi[16] =  10000.000000
  pi[17] =  10000.000000
  pi[18] =  10000.000000
  pi[19] =  10000.000000
  pi[20] =  10000.000000
  pi[21] =  10000.000000
  pi[22] = -357752.684211
  pi[23] =  10000.000000
  pi[24] =  10000.000000
  pi[25] = -331087.057895
  pi[26] =  10000.000000
  pi[27] =  10000.000000
  pi[28] =  10000.000000
  pi[29] =  10000.000000
  pi[30] =  10000.000000
  pi[31] =  10000.000000
  pi[32] = -311045.657895
  pi[33] =  10000.000000
  pi[34] =  10000.000000
  pi[35] =  10000.000000
  pi[36] = -378063.784211
  pi[37] =  10000.000000
  pi[38] =  10000.000000
  pi[39] =  10000.000000
  pi[40] =  10000.000000
  pi[41] =  10000.000000
  pi[42] =  10000.000000
  pi[43] =  10000.000000
  pi[44] =  10000.000000
  pi[45] =  10000.000000
  pi[46] =  10000.000000
  pi[47] = -445043.310526
  pi[48] = -300934.757895
  pi[49] = -377918.484211
  pi[50] =  10000.000000

SIGMA (veículos):
  sigma[0] =  1043958.652632
  sigma[1] =  883398.973684
  sigma[2] =  608893.842105
  sigma[3] =  619209.542105
  sigma[4] =  1043958.652632

MU (arcos):
  sem duais de arco
=================================================

TESTA ALLBEST

[ALLBEST GEROU CANDIDATA]
k=0
rc=-755793.868421
custo=246.300000
seq=[0, 20, 43, 35, 44, 45, 16, 34, 21, 50, 49, 51]
Tempo total nessa geracao : 0.1s
Tempo total no NO: 1.7s
TAMANHO NOVAS COL 1

--- Nova Coluna ---
Veículo: 0
Sequência: [0, 20, 43, 35, 44, 45, 16, 34, 21, 50, 49, 51]
Custo: 246.30
Custo Reduzido: -755793.868421
Clientes atendidos: [16, 20, 21, 34, 35, 43, 44, 45, 49, 50]

[Nó 0] Iter 12 - Obj = 1000387.3000  Colunas = 66 inst= instancias/c108.txt
[Nó 0] inst= instancias/c108.txt Colunas ativas na iteração 12: 
   veic=0 | col=0 | lambda=1.000000 | custo=62.1000 | rota=[0, 43, 42, 41, 40, 44, 46, 48, 45, 50, 49, 47, 51]
   veic=1 | col=0 | lambda=1.000000 | custo=69.8000 | rota=[0, 20, 5, 3, 7, 8, 11, 9, 6, 4, 2, 1, 51]
   veic=2 | col=0 | lambda=1.000000 | custo=54.1000 | rota=[0, 24, 25, 27, 30, 29, 28, 26, 23, 22, 21, 51]
   veic=3 | col=0 | lambda=1.000000 | custo=100.1000 | rota=[0, 33, 32, 31, 35, 38, 37, 39, 36, 34, 51]
   veic=4 | col=0 | lambda=1.000000 | custo=1000101.2000 | rota=[0, 13, 18, 17, 15, 19, 16, 14, 12, 10, 51]
MESMA FO-  Sem melhora 12 Recom 1000387.2999999999 Ultmf 1000387.2999999999  VALOR SUB 0.0
   valor recomposto = 1000387.300000

   valor recomposto = 1000387.300000

--- COBERTURA POR CLIENTE ---
cliente 01 | lambda=1.000000 | slack=0.000000 | y_low=0.000000 | y_up=0.000000 | total_real=1.000000
cliente 02 | lambda=1.000000 | slack=0.000000 | y_low=0.000000 | y_up=0.000000 | total_real=1.000000
cliente 03 | lambda=1.000000 | slack=0.000000 | y_low=0.000000 | y_up=0.000000 | total_real=1.000000
cliente 04 | lambda=1.000000 | slack=0.000000 | y_low=0.000000 | y_up=0.000000 | total_real=1.000000
cliente 05 | lambda=1.000000 | slack=0.000000 | y_low=0.000000 | y_up=0.000000 | total_real=1.000000
cliente 06 | lambda=1.000000 | slack=0.000000 | y_low=0.000000 | y_up=0.000000 | total_real=1.000000
cliente 07 | lambda=1.000000 | slack=0.000000 | y_low=0.000000 | y_up=0.000000 | total_real=1.000000
cliente 08 | lambda=1.000000 | slack=0.000000 | y_low=0.000000 | y_up=0.000000 | total_real=1.000000
cliente 09 | lambda=1.000000 | slack=0.000000 | y_low=0.000000 | y_up=0.000000 | total_real=1.000000
cliente 10 | lambda=1.000000 | slack=0.000000 | y_low=0.000000 | y_up=0.000000 | total_real=1.000000
cliente 11 | lambda=1.000000 | slack=0.000000 | y_low=0.000000 | y_up=0.000000 | total_real=1.000000
cliente 12 | lambda=1.000000 | slack=0.000000 | y_low=0.000000 | y_up=0.000000 | total_real=1.000000
cliente 13 | lambda=1.000000 | slack=0.000000 | y_low=0.000000 | y_up=0.000000 | total_real=1.000000
cliente 14 | lambda=1.000000 | slack=0.000000 | y_low=0.000000 | y_up=0.000000 | total_real=1.000000
cliente 15 | lambda=1.000000 | slack=0.000000 | y_low=0.000000 | y_up=0.000000 | total_real=1.000000
cliente 16 | lambda=1.000000 | slack=0.000000 | y_low=0.000000 | y_up=0.000000 | total_real=1.000000
cliente 17 | lambda=1.000000 | slack=0.000000 | y_low=0.000000 | y_up=0.000000 | total_real=1.000000
cliente 18 | lambda=1.000000 | slack=0.000000 | y_low=0.000000 | y_up=0.000000 | total_real=1.000000
cliente 19 | lambda=1.000000 | slack=0.000000 | y_low=0.000000 | y_up=0.000000 | total_real=1.000000
cliente 20 | lambda=1.000000 | slack=0.000000 | y_low=0.000000 | y_up=0.000000 | total_real=1.000000
cliente 21 | lambda=1.000000 | slack=0.000000 | y_low=0.000000 | y_up=0.000000 | total_real=1.000000
cliente 22 | lambda=1.000000 | slack=0.000000 | y_low=0.000000 | y_up=0.000000 | total_real=1.000000
cliente 23 | lambda=1.000000 | slack=0.000000 | y_low=0.000000 | y_up=0.000000 | total_real=1.000000
cliente 24 | lambda=1.000000 | slack=0.000000 | y_low=0.000000 | y_up=0.000000 | total_real=1.000000
cliente 25 | lambda=1.000000 | slack=0.000000 | y_low=0.000000 | y_up=0.000000 | total_real=1.000000
cliente 26 | lambda=1.000000 | slack=0.000000 | y_low=0.000000 | y_up=0.000000 | total_real=1.000000
cliente 27 | lambda=1.000000 | slack=0.000000 | y_low=0.000000 | y_up=0.000000 | total_real=1.000000
cliente 28 | lambda=1.000000 | slack=0.000000 | y_low=0.000000 | y_up=0.000000 | total_real=1.000000
cliente 29 | lambda=1.000000 | slack=0.000000 | y_low=0.000000 | y_up=0.000000 | total_real=1.000000
cliente 30 | lambda=1.000000 | slack=0.000000 | y_low=0.000000 | y_up=0.000000 | total_real=1.000000
cliente 31 | lambda=1.000000 | slack=0.000000 | y_low=0.000000 | y_up=0.000000 | total_real=1.000000
cliente 32 | lambda=1.000000 | slack=0.000000 | y_low=0.000000 | y_up=0.000000 | total_real=1.000000
cliente 33 | lambda=1.000000 | slack=0.000000 | y_low=0.000000 | y_up=0.000000 | total_real=1.000000
cliente 34 | lambda=1.000000 | slack=0.000000 | y_low=0.000000 | y_up=0.000000 | total_real=1.000000
cliente 35 | lambda=1.000000 | slack=0.000000 | y_low=0.000000 | y_up=0.000000 | total_real=1.000000
cliente 36 | lambda=1.000000 | slack=0.000000 | y_low=0.000000 | y_up=0.000000 | total_real=1.000000
cliente 37 | lambda=1.000000 | slack=0.000000 | y_low=0.000000 | y_up=0.000000 | total_real=1.000000
cliente 38 | lambda=1.000000 | slack=0.000000 | y_low=0.000000 | y_up=0.000000 | total_real=1.000000
cliente 39 | lambda=1.000000 | slack=0.000000 | y_low=0.000000 | y_up=0.000000 | total_real=1.000000
cliente 40 | lambda=1.000000 | slack=0.000000 | y_low=0.000000 | y_up=0.000000 | total_real=1.000000
cliente 41 | lambda=1.000000 | slack=0.000000 | y_low=0.000000 | y_up=0.000000 | total_real=1.000000
cliente 42 | lambda=1.000000 | slack=0.000000 | y_low=0.000000 | y_up=0.000000 | total_real=1.000000
cliente 43 | lambda=1.000000 | slack=0.000000 | y_low=0.000000 | y_up=0.000000 | total_real=1.000000
cliente 44 | lambda=1.000000 | slack=0.000000 | y_low=0.000000 | y_up=0.000000 | total_real=1.000000
cliente 45 | lambda=1.000000 | slack=0.000000 | y_low=0.000000 | y_up=0.000000 | total_real=1.000000
cliente 46 | lambda=1.000000 | slack=0.000000 | y_low=0.000000 | y_up=0.000000 | total_real=1.000000
cliente 47 | lambda=1.000000 | slack=0.000000 | y_low=0.000000 | y_up=0.000000 | total_real=1.000000
cliente 48 | lambda=1.000000 | slack=0.000000 | y_low=0.000000 | y_up=0.000000 | total_real=1.000000
cliente 49 | lambda=1.000000 | slack=0.000000 | y_low=0.000000 | y_up=0.000000 | total_real=1.000000
cliente 50 | lambda=1.000000 | slack=0.000000 | y_low=0.000000 | y_up=0.000000 | total_real=1.000000


================ DUAIS DO MESTRE ================

PI (clientes):
  pi[1] = -488780.100000
  pi[2] =  10000.000000
  pi[3] =  10000.000000
  pi[4] =  10000.000000
  pi[5] =  10000.000000
  pi[6] = -189563.300000
  pi[7] =  10000.000000
  pi[8] = -324226.700000
  pi[9] = -399024.800000
  pi[10] =  10000.000000
  pi[11] =  10000.000000
  pi[12] =  10000.000000
  pi[13] =  10000.000000
  pi[14] =  10000.000000
  pi[15] =  10000.000000
  pi[16] =  10000.000000
  pi[17] =  10000.000000
  pi[18] =  10000.000000
  pi[19] =  10000.000000
  pi[20] = -24864.100000
  pi[21] =  10000.000000
  pi[22] = -803162.000000
  pi[23] =  10000.000000
  pi[24] =  10000.000000
  pi[25] = -967876.500000
  pi[26] =  10000.000000
  pi[27] =  10000.000000
  pi[28] =  10000.000000
  pi[29] =  10000.000000
  pi[30] =  10000.000000
  pi[31] =  10000.000000
  pi[32] = -269338.700000
  pi[33] =  10000.000000
  pi[34] = -588578.800000
  pi[35] =  10000.000000
  pi[36] =  10000.000000
  pi[37] =  10000.000000
  pi[38] =  10000.000000
  pi[39] =  10000.000000
  pi[40] =  10000.000000
  pi[41] =  10000.000000
  pi[42] =  10000.000000
  pi[43] =  10000.000000
  pi[44] =  10000.000000
  pi[45] = -89778.900000
  pi[46] =  10000.000000
  pi[47] = -269478.900000
  pi[48] = -354148.200000
  pi[49] = -663492.600000
  pi[50] = -668496.400000

SIGMA (veículos):
  sigma[0] =  1985457.100000
  sigma[1] =  1366528.800000
  sigma[2] =  1691092.600000
  sigma[3] =  788017.600000
  sigma[4] =  910101.200000

MU (arcos):
  sem duais de arco
=================================================

TESTA ALLBEST

[ALLBEST GEROU CANDIDATA]
k=0
rc=-2085263.000000
custo=194.100000
seq=[0, 3, 42, 31, 27, 28, 26, 14, 4, 2, 21, 51]
Tempo total nessa geracao : 0.0s
Tempo total no NO: 1.8s
TAMANHO NOVAS COL 1

--- Nova Coluna ---
Veículo: 0
Sequência: [0, 3, 42, 31, 27, 28, 26, 14, 4, 2, 21, 51]
Custo: 194.10
Custo Reduzido: -2085263.000000
Clientes atendidos: [2, 3, 4, 14, 21, 26, 27, 28, 31, 42]

[Nó 0] Iter 13 - Obj = 1000387.3000  Colunas = 71 inst= instancias/c108.txt
[Nó 0] inst= instancias/c108.txt Colunas ativas na iteração 13: 
   veic=0 | col=0 | lambda=1.000000 | custo=62.1000 | rota=[0, 43, 42, 41, 40, 44, 46, 48, 45, 50, 49, 47, 51]
   veic=1 | col=0 | lambda=1.000000 | custo=69.8000 | rota=[0, 20, 5, 3, 7, 8, 11, 9, 6, 4, 2, 1, 51]
   veic=2 | col=0 | lambda=1.000000 | custo=54.1000 | rota=[0, 24, 25, 27, 30, 29, 28, 26, 23, 22, 21, 51]
   veic=3 | col=0 | lambda=1.000000 | custo=100.1000 | rota=[0, 33, 32, 31, 35, 38, 37, 39, 36, 34, 51]
   veic=4 | col=0 | lambda=1.000000 | custo=1000101.2000 | rota=[0, 13, 18, 17, 15, 19, 16, 14, 12, 10, 51]
MESMA FO-  Sem melhora 13 Recom 1000387.2999999999 Ultmf 1000387.2999999999  VALOR SUB 0.0
   valor recomposto = 1000387.300000

   valor recomposto = 1000387.300000

--- COBERTURA POR CLIENTE ---
cliente 01 | lambda=1.000000 | slack=0.000000 | y_low=0.000000 | y_up=0.000000 | total_real=1.000000
cliente 02 | lambda=1.000000 | slack=0.000000 | y_low=0.000000 | y_up=0.000000 | total_real=1.000000
cliente 03 | lambda=1.000000 | slack=0.000000 | y_low=0.000000 | y_up=0.000000 | total_real=1.000000
cliente 04 | lambda=1.000000 | slack=0.000000 | y_low=0.000000 | y_up=0.000000 | total_real=1.000000
cliente 05 | lambda=1.000000 | slack=0.000000 | y_low=0.000000 | y_up=0.000000 | total_real=1.000000
cliente 06 | lambda=1.000000 | slack=0.000000 | y_low=0.000000 | y_up=0.000000 | total_real=1.000000
cliente 07 | lambda=1.000000 | slack=0.000000 | y_low=0.000000 | y_up=0.000000 | total_real=1.000000
cliente 08 | lambda=1.000000 | slack=0.000000 | y_low=0.000000 | y_up=0.000000 | total_real=1.000000
cliente 09 | lambda=1.000000 | slack=0.000000 | y_low=0.000000 | y_up=0.000000 | total_real=1.000000
cliente 10 | lambda=1.000000 | slack=0.000000 | y_low=0.000000 | y_up=0.000000 | total_real=1.000000
cliente 11 | lambda=1.000000 | slack=0.000000 | y_low=0.000000 | y_up=0.000000 | total_real=1.000000
cliente 12 | lambda=1.000000 | slack=0.000000 | y_low=0.000000 | y_up=0.000000 | total_real=1.000000
cliente 13 | lambda=1.000000 | slack=0.000000 | y_low=0.000000 | y_up=0.000000 | total_real=1.000000
cliente 14 | lambda=1.000000 | slack=0.000000 | y_low=0.000000 | y_up=0.000000 | total_real=1.000000
cliente 15 | lambda=1.000000 | slack=0.000000 | y_low=0.000000 | y_up=0.000000 | total_real=1.000000
cliente 16 | lambda=1.000000 | slack=0.000000 | y_low=0.000000 | y_up=0.000000 | total_real=1.000000
cliente 17 | lambda=1.000000 | slack=0.000000 | y_low=0.000000 | y_up=0.000000 | total_real=1.000000
cliente 18 | lambda=1.000000 | slack=0.000000 | y_low=0.000000 | y_up=0.000000 | total_real=1.000000
cliente 19 | lambda=1.000000 | slack=0.000000 | y_low=0.000000 | y_up=0.000000 | total_real=1.000000
cliente 20 | lambda=1.000000 | slack=0.000000 | y_low=0.000000 | y_up=0.000000 | total_real=1.000000
cliente 21 | lambda=1.000000 | slack=0.000000 | y_low=0.000000 | y_up=0.000000 | total_real=1.000000
cliente 22 | lambda=1.000000 | slack=0.000000 | y_low=0.000000 | y_up=0.000000 | total_real=1.000000
cliente 23 | lambda=1.000000 | slack=0.000000 | y_low=0.000000 | y_up=0.000000 | total_real=1.000000
cliente 24 | lambda=1.000000 | slack=0.000000 | y_low=0.000000 | y_up=0.000000 | total_real=1.000000
cliente 25 | lambda=1.000000 | slack=0.000000 | y_low=0.000000 | y_up=0.000000 | total_real=1.000000
cliente 26 | lambda=1.000000 | slack=0.000000 | y_low=0.000000 | y_up=0.000000 | total_real=1.000000
cliente 27 | lambda=1.000000 | slack=0.000000 | y_low=0.000000 | y_up=0.000000 | total_real=1.000000
cliente 28 | lambda=1.000000 | slack=0.000000 | y_low=0.000000 | y_up=0.000000 | total_real=1.000000
cliente 29 | lambda=1.000000 | slack=0.000000 | y_low=0.000000 | y_up=0.000000 | total_real=1.000000
cliente 30 | lambda=1.000000 | slack=0.000000 | y_low=0.000000 | y_up=0.000000 | total_real=1.000000
cliente 31 | lambda=1.000000 | slack=0.000000 | y_low=0.000000 | y_up=0.000000 | total_real=1.000000
cliente 32 | lambda=1.000000 | slack=0.000000 | y_low=0.000000 | y_up=0.000000 | total_real=1.000000
cliente 33 | lambda=1.000000 | slack=0.000000 | y_low=0.000000 | y_up=0.000000 | total_real=1.000000
cliente 34 | lambda=1.000000 | slack=0.000000 | y_low=0.000000 | y_up=0.000000 | total_real=1.000000
cliente 35 | lambda=1.000000 | slack=0.000000 | y_low=0.000000 | y_up=0.000000 | total_real=1.000000
cliente 36 | lambda=1.000000 | slack=0.000000 | y_low=0.000000 | y_up=0.000000 | total_real=1.000000
cliente 37 | lambda=1.000000 | slack=0.000000 | y_low=0.000000 | y_up=0.000000 | total_real=1.000000
cliente 38 | lambda=1.000000 | slack=0.000000 | y_low=0.000000 | y_up=0.000000 | total_real=1.000000
cliente 39 | lambda=1.000000 | slack=0.000000 | y_low=0.000000 | y_up=0.000000 | total_real=1.000000
cliente 40 | lambda=1.000000 | slack=0.000000 | y_low=0.000000 | y_up=0.000000 | total_real=1.000000
cliente 41 | lambda=1.000000 | slack=0.000000 | y_low=0.000000 | y_up=0.000000 | total_real=1.000000
cliente 42 | lambda=1.000000 | slack=0.000000 | y_low=0.000000 | y_up=0.000000 | total_real=1.000000
cliente 43 | lambda=1.000000 | slack=0.000000 | y_low=0.000000 | y_up=0.000000 | total_real=1.000000
cliente 44 | lambda=1.000000 | slack=0.000000 | y_low=0.000000 | y_up=0.000000 | total_real=1.000000
cliente 45 | lambda=1.000000 | slack=0.000000 | y_low=0.000000 | y_up=0.000000 | total_real=1.000000
cliente 46 | lambda=1.000000 | slack=0.000000 | y_low=0.000000 | y_up=0.000000 | total_real=1.000000
cliente 47 | lambda=1.000000 | slack=0.000000 | y_low=0.000000 | y_up=0.000000 | total_real=1.000000
cliente 48 | lambda=1.000000 | slack=0.000000 | y_low=0.000000 | y_up=0.000000 | total_real=1.000000
cliente 49 | lambda=1.000000 | slack=0.000000 | y_low=0.000000 | y_up=0.000000 | total_real=1.000000
cliente 50 | lambda=1.000000 | slack=0.000000 | y_low=0.000000 | y_up=0.000000 | total_real=1.000000


================ DUAIS DO MESTRE ================

PI (clientes):
  pi[1] = -257016.114286
  pi[2] = -237705.428571
  pi[3] =  10000.000000
  pi[4] = -168357.842857
  pi[5] =  10000.000000
  pi[6] = -89041.871429
  pi[7] =  10000.000000
  pi[8] = -39429.585714
  pi[9] =  10000.000000
  pi[10] =  10000.000000
  pi[11] =  10000.000000
  pi[12] =  10000.000000
  pi[13] =  10000.000000
  pi[14] =  10000.000000
  pi[15] =  10000.000000
  pi[16] =  10000.000000
  pi[17] =  10000.000000
  pi[18] =  10000.000000
  pi[19] =  10000.000000
  pi[20] =  10000.000000
  pi[21] =  10000.000000
  pi[22] = -128613.557143
  pi[23] =  10000.000000
  pi[24] =  10000.000000
  pi[25] =  10000.000000
  pi[26] = -435724.771429
  pi[27] = -415708.771429
  pi[28] =  10000.000000
  pi[29] =  10000.000000
  pi[30] =  10000.000000
  pi[31] =  10000.000000
  pi[32] = -39421.685714
  pi[33] =  10000.000000
  pi[34] = -267070.614286
  pi[35] =  10000.000000
  pi[36] = -227670.728571
  pi[37] =  10000.000000
  pi[38] =  10000.000000
  pi[39] =  10000.000000
  pi[40] =  10000.000000
  pi[41] =  10000.000000
  pi[42] =  10000.000000
  pi[43] =  10000.000000
  pi[44] =  10000.000000
  pi[45] =  10000.000000
  pi[46] =  10000.000000
  pi[47] = -39561.885714
  pi[48] = -227692.928571
  pi[49] = -376105.985714
  pi[50] = -366261.685714

SIGMA (veículos):
  sigma[0] =  939684.585714
  sigma[1] =  731620.642857
  sigma[2] =  910101.200000
  sigma[3] =  474263.128571
  sigma[4] =  910101.200000

MU (arcos):
  sem duais de arco
=================================================

TESTA ALLBEST

[ALLBEST GEROU CANDIDATA]
k=0
rc=-861295.542857
custo=213.600000
seq=[0, 5, 25, 20, 42, 44, 39, 14, 23, 22, 21, 47, 51]
Tempo total nessa geracao : 0.1s
Tempo total no NO: 1.9s
TAMANHO NOVAS COL 1

--- Nova Coluna ---
Veículo: 0
Sequência: [0, 5, 25, 20, 42, 44, 39, 14, 23, 22, 21, 47, 51]
Custo: 213.60
Custo Reduzido: -861295.542857
Clientes atendidos: [5, 14, 20, 21, 22, 23, 25, 39, 42, 44, 47]

[Nó 0] Iter 14 - Obj = 1000387.3000  Colunas = 76 inst= instancias/c108.txt
[Nó 0] inst= instancias/c108.txt Colunas ativas na iteração 14: 
   veic=0 | col=0 | lambda=1.000000 | custo=62.1000 | rota=[0, 43, 42, 41, 40, 44, 46, 48, 45, 50, 49, 47, 51]
   veic=1 | col=0 | lambda=1.000000 | custo=69.8000 | rota=[0, 20, 5, 3, 7, 8, 11, 9, 6, 4, 2, 1, 51]
   veic=2 | col=0 | lambda=1.000000 | custo=54.1000 | rota=[0, 24, 25, 27, 30, 29, 28, 26, 23, 22, 21, 51]
   veic=3 | col=0 | lambda=1.000000 | custo=100.1000 | rota=[0, 33, 32, 31, 35, 38, 37, 39, 36, 34, 51]
   veic=4 | col=0 | lambda=1.000000 | custo=1000101.2000 | rota=[0, 13, 18, 17, 15, 19, 16, 14, 12, 10, 51]
MESMA FO-  Sem melhora 14 Recom 1000387.2999999999 Ultmf 1000387.2999999999  VALOR SUB 0.0
   valor recomposto = 1000387.300000

   valor recomposto = 1000387.300000

--- COBERTURA POR CLIENTE ---
cliente 01 | lambda=1.000000 | slack=0.000000 | y_low=0.000000 | y_up=0.000000 | total_real=1.000000
cliente 02 | lambda=1.000000 | slack=0.000000 | y_low=0.000000 | y_up=0.000000 | total_real=1.000000
cliente 03 | lambda=1.000000 | slack=0.000000 | y_low=0.000000 | y_up=0.000000 | total_real=1.000000
cliente 04 | lambda=1.000000 | slack=0.000000 | y_low=0.000000 | y_up=0.000000 | total_real=1.000000
cliente 05 | lambda=1.000000 | slack=0.000000 | y_low=0.000000 | y_up=0.000000 | total_real=1.000000
cliente 06 | lambda=1.000000 | slack=0.000000 | y_low=0.000000 | y_up=0.000000 | total_real=1.000000
cliente 07 | lambda=1.000000 | slack=0.000000 | y_low=0.000000 | y_up=0.000000 | total_real=1.000000
cliente 08 | lambda=1.000000 | slack=0.000000 | y_low=0.000000 | y_up=0.000000 | total_real=1.000000
cliente 09 | lambda=1.000000 | slack=0.000000 | y_low=0.000000 | y_up=0.000000 | total_real=1.000000
cliente 10 | lambda=1.000000 | slack=0.000000 | y_low=0.000000 | y_up=0.000000 | total_real=1.000000
cliente 11 | lambda=1.000000 | slack=0.000000 | y_low=0.000000 | y_up=0.000000 | total_real=1.000000
cliente 12 | lambda=1.000000 | slack=0.000000 | y_low=0.000000 | y_up=0.000000 | total_real=1.000000
cliente 13 | lambda=1.000000 | slack=0.000000 | y_low=0.000000 | y_up=0.000000 | total_real=1.000000
cliente 14 | lambda=1.000000 | slack=0.000000 | y_low=0.000000 | y_up=0.000000 | total_real=1.000000
cliente 15 | lambda=1.000000 | slack=0.000000 | y_low=0.000000 | y_up=0.000000 | total_real=1.000000
cliente 16 | lambda=1.000000 | slack=0.000000 | y_low=0.000000 | y_up=0.000000 | total_real=1.000000
cliente 17 | lambda=1.000000 | slack=0.000000 | y_low=0.000000 | y_up=0.000000 | total_real=1.000000
cliente 18 | lambda=1.000000 | slack=0.000000 | y_low=0.000000 | y_up=0.000000 | total_real=1.000000
cliente 19 | lambda=1.000000 | slack=0.000000 | y_low=0.000000 | y_up=0.000000 | total_real=1.000000
cliente 20 | lambda=1.000000 | slack=0.000000 | y_low=0.000000 | y_up=0.000000 | total_real=1.000000
cliente 21 | lambda=1.000000 | slack=0.000000 | y_low=0.000000 | y_up=0.000000 | total_real=1.000000
cliente 22 | lambda=1.000000 | slack=0.000000 | y_low=0.000000 | y_up=0.000000 | total_real=1.000000
cliente 23 | lambda=1.000000 | slack=0.000000 | y_low=0.000000 | y_up=0.000000 | total_real=1.000000
cliente 24 | lambda=1.000000 | slack=0.000000 | y_low=0.000000 | y_up=0.000000 | total_real=1.000000
cliente 25 | lambda=1.000000 | slack=0.000000 | y_low=0.000000 | y_up=0.000000 | total_real=1.000000
cliente 26 | lambda=1.000000 | slack=0.000000 | y_low=0.000000 | y_up=0.000000 | total_real=1.000000
cliente 27 | lambda=1.000000 | slack=0.000000 | y_low=0.000000 | y_up=0.000000 | total_real=1.000000
cliente 28 | lambda=1.000000 | slack=0.000000 | y_low=0.000000 | y_up=0.000000 | total_real=1.000000
cliente 29 | lambda=1.000000 | slack=0.000000 | y_low=0.000000 | y_up=0.000000 | total_real=1.000000
cliente 30 | lambda=1.000000 | slack=0.000000 | y_low=0.000000 | y_up=0.000000 | total_real=1.000000
cliente 31 | lambda=1.000000 | slack=0.000000 | y_low=0.000000 | y_up=0.000000 | total_real=1.000000
cliente 32 | lambda=1.000000 | slack=0.000000 | y_low=0.000000 | y_up=0.000000 | total_real=1.000000
cliente 33 | lambda=1.000000 | slack=0.000000 | y_low=0.000000 | y_up=0.000000 | total_real=1.000000
cliente 34 | lambda=1.000000 | slack=0.000000 | y_low=0.000000 | y_up=0.000000 | total_real=1.000000
cliente 35 | lambda=1.000000 | slack=0.000000 | y_low=0.000000 | y_up=0.000000 | total_real=1.000000
cliente 36 | lambda=1.000000 | slack=0.000000 | y_low=0.000000 | y_up=0.000000 | total_real=1.000000
cliente 37 | lambda=1.000000 | slack=0.000000 | y_low=0.000000 | y_up=0.000000 | total_real=1.000000
cliente 38 | lambda=1.000000 | slack=0.000000 | y_low=0.000000 | y_up=0.000000 | total_real=1.000000
cliente 39 | lambda=1.000000 | slack=0.000000 | y_low=0.000000 | y_up=0.000000 | total_real=1.000000
cliente 40 | lambda=1.000000 | slack=0.000000 | y_low=0.000000 | y_up=0.000000 | total_real=1.000000
cliente 41 | lambda=1.000000 | slack=0.000000 | y_low=0.000000 | y_up=0.000000 | total_real=1.000000
cliente 42 | lambda=1.000000 | slack=0.000000 | y_low=0.000000 | y_up=0.000000 | total_real=1.000000
cliente 43 | lambda=1.000000 | slack=0.000000 | y_low=0.000000 | y_up=0.000000 | total_real=1.000000
cliente 44 | lambda=1.000000 | slack=0.000000 | y_low=0.000000 | y_up=0.000000 | total_real=1.000000
cliente 45 | lambda=1.000000 | slack=0.000000 | y_low=0.000000 | y_up=0.000000 | total_real=1.000000
cliente 46 | lambda=1.000000 | slack=0.000000 | y_low=0.000000 | y_up=0.000000 | total_real=1.000000
cliente 47 | lambda=1.000000 | slack=0.000000 | y_low=0.000000 | y_up=0.000000 | total_real=1.000000
cliente 48 | lambda=1.000000 | slack=0.000000 | y_low=0.000000 | y_up=0.000000 | total_real=1.000000
cliente 49 | lambda=1.000000 | slack=0.000000 | y_low=0.000000 | y_up=0.000000 | total_real=1.000000
cliente 50 | lambda=1.000000 | slack=0.000000 | y_low=0.000000 | y_up=0.000000 | total_real=1.000000


================ DUAIS DO MESTRE ================

PI (clientes):
  pi[1] =  10000.000000
  pi[2] = -728391.713748
  pi[3] =  10000.000000
  pi[4] =  10000.000000
  pi[5] =  10000.000000
  pi[6] = -309815.349059
  pi[7] =  10000.000000
  pi[8] = -320891.001013
  pi[9] =  10000.000000
  pi[10] =  10000.000000
  pi[11] =  10000.000000
  pi[12] =  10000.000000
  pi[13] =  10000.000000
  pi[14] = -350150.155572
  pi[15] =  10000.000000
  pi[16] =  10000.000000
  pi[17] =  10000.000000
  pi[18] =  10000.000000
  pi[19] =  10000.000000
  pi[20] = -99827.267583
  pi[21] = -137333.371056
  pi[22] = -353093.004920
  pi[23] =  10000.000000
  pi[24] =  10000.000000
  pi[25] = -479482.724023
  pi[26] = -79016.061939
  pi[27] = -271272.093632
  pi[28] =  10000.000000
  pi[29] =  10000.000000
  pi[30] =  10000.000000
  pi[31] =  10000.000000
  pi[32] =  1216.198263
  pi[33] =  10000.000000
  pi[34] = -284647.695803
  pi[35] =  10000.000000
  pi[36] = -73613.662373
  pi[37] =  10000.000000
  pi[38] =  10000.000000
  pi[39] =  10000.000000
  pi[40] =  10000.000000
  pi[41] =  10000.000000
  pi[42] =  10000.000000
  pi[43] =  10000.000000
  pi[44] =  10000.000000
  pi[45] =  10000.000000
  pi[46] =  10000.000000
  pi[47] = -146257.372793
  pi[48] = -395735.161650
  pi[49] = -504629.277279
  pi[50] = -539673.584226

SIGMA (veículos):
  sigma[0] =  1516357.495948
  sigma[1] =  1388995.131404
  sigma[2] =  1270251.355572
  sigma[3] =  297145.259913
  sigma[4] =  1270251.355572

MU (arcos):
  sem duais de arco
=================================================

TESTA ALLBEST

[ALLBEST GEROU CANDIDATA]
k=0
rc=-1178702.229522
custo=157.100000
seq=[0, 20, 32, 33, 35, 37, 39, 36, 26, 4, 1, 47, 51]
Tempo total nessa geracao : 0.1s
Tempo total no NO: 2.0s
TAMANHO NOVAS COL 1

--- Nova Coluna ---
Veículo: 0
Sequência: [0, 20, 32, 33, 35, 37, 39, 36, 26, 4, 1, 47, 51]
Custo: 157.10
Custo Reduzido: -1178702.229522
Clientes atendidos: [1, 4, 20, 26, 32, 33, 35, 36, 37, 39, 47]

Nao adicionou no k 3
[Nó 0] Rodando MIP periódico após 5 colunas...
Set parameter TimeLimit to value 30
Gurobi Optimizer version 13.0.2 build v13.0.2rc1 (win64 - Windows 11+.0 (26200.2))

CPU model: AMD Ryzen 9 9950X3D 16-Core Processor, instruction set [SSE2|AVX|AVX2|AVX512]
Thread count: 16 physical cores, 32 logical processors, using up to 32 threads

Non-default parameters:
TimeLimit  30

Optimize a model with 55 rows, 80 columns and 929 nonzeros (Min)
Model fingerprint: 0xff403df0
Model has 80 linear objective coefficients
Variable types: 0 continuous, 80 integer (80 binary)
Coefficient statistics:
  Matrix range     [1e+00, 1e+00]
  Objective range  [5e+01, 1e+06]
  Bounds range     [1e+00, 1e+00]
  RHS range        [1e+00, 1e+00]

Presolve removed 55 rows and 80 columns
Presolve time: 0.01s
Presolve: All rows and columns removed

Explored 0 nodes (0 simplex iterations) in 0.01 seconds (0.00 work units)
Thread count was 1 (of 32 available processors)

Solution count 1: 1.00039e+06 

Optimal solution found (tolerance 1.00e-04)
Best objective 1.000387300000e+06, best bound 1.000387300000e+06, gap 0.0000%
[Nó 0] MIP periódico encontrou solução inteira válida. FO=1000387.300000
[Nó 0] Iter 15 - Obj = 1000387.3000  Colunas = 80 inst= instancias/c108.txt
[Nó 0] inst= instancias/c108.txt Colunas ativas na iteração 15: 
   veic=0 | col=0 | lambda=1.000000 | custo=62.1000 | rota=[0, 43, 42, 41, 40, 44, 46, 48, 45, 50, 49, 47, 51]
   veic=1 | col=0 | lambda=1.000000 | custo=69.8000 | rota=[0, 20, 5, 3, 7, 8, 11, 9, 6, 4, 2, 1, 51]
   veic=2 | col=0 | lambda=1.000000 | custo=54.1000 | rota=[0, 24, 25, 27, 30, 29, 28, 26, 23, 22, 21, 51]
   veic=3 | col=0 | lambda=1.000000 | custo=100.1000 | rota=[0, 33, 32, 31, 35, 38, 37, 39, 36, 34, 51]
   veic=4 | col=0 | lambda=1.000000 | custo=1000101.2000 | rota=[0, 13, 18, 17, 15, 19, 16, 14, 12, 10, 51]
MESMA FO-  Sem melhora 15 Recom 1000387.2999999999 Ultmf 1000387.2999999999  VALOR SUB 0.0
   valor recomposto = 1000387.300000

   valor recomposto = 1000387.300000

--- COBERTURA POR CLIENTE ---
cliente 01 | lambda=1.000000 | slack=0.000000 | y_low=0.000000 | y_up=0.000000 | total_real=1.000000
cliente 02 | lambda=1.000000 | slack=0.000000 | y_low=0.000000 | y_up=0.000000 | total_real=1.000000
cliente 03 | lambda=1.000000 | slack=0.000000 | y_low=0.000000 | y_up=0.000000 | total_real=1.000000
cliente 04 | lambda=1.000000 | slack=0.000000 | y_low=0.000000 | y_up=0.000000 | total_real=1.000000
cliente 05 | lambda=1.000000 | slack=0.000000 | y_low=0.000000 | y_up=0.000000 | total_real=1.000000
cliente 06 | lambda=1.000000 | slack=0.000000 | y_low=0.000000 | y_up=0.000000 | total_real=1.000000
cliente 07 | lambda=1.000000 | slack=0.000000 | y_low=0.000000 | y_up=0.000000 | total_real=1.000000
cliente 08 | lambda=1.000000 | slack=0.000000 | y_low=0.000000 | y_up=0.000000 | total_real=1.000000
cliente 09 | lambda=1.000000 | slack=0.000000 | y_low=0.000000 | y_up=0.000000 | total_real=1.000000
cliente 10 | lambda=1.000000 | slack=0.000000 | y_low=0.000000 | y_up=0.000000 | total_real=1.000000
cliente 11 | lambda=1.000000 | slack=0.000000 | y_low=0.000000 | y_up=0.000000 | total_real=1.000000
cliente 12 | lambda=1.000000 | slack=0.000000 | y_low=0.000000 | y_up=0.000000 | total_real=1.000000
cliente 13 | lambda=1.000000 | slack=0.000000 | y_low=0.000000 | y_up=0.000000 | total_real=1.000000
cliente 14 | lambda=1.000000 | slack=0.000000 | y_low=0.000000 | y_up=0.000000 | total_real=1.000000
cliente 15 | lambda=1.000000 | slack=0.000000 | y_low=0.000000 | y_up=0.000000 | total_real=1.000000
cliente 16 | lambda=1.000000 | slack=0.000000 | y_low=0.000000 | y_up=0.000000 | total_real=1.000000
cliente 17 | lambda=1.000000 | slack=0.000000 | y_low=0.000000 | y_up=0.000000 | total_real=1.000000
cliente 18 | lambda=1.000000 | slack=0.000000 | y_low=0.000000 | y_up=0.000000 | total_real=1.000000
cliente 19 | lambda=1.000000 | slack=0.000000 | y_low=0.000000 | y_up=0.000000 | total_real=1.000000
cliente 20 | lambda=1.000000 | slack=0.000000 | y_low=0.000000 | y_up=0.000000 | total_real=1.000000
cliente 21 | lambda=1.000000 | slack=0.000000 | y_low=0.000000 | y_up=0.000000 | total_real=1.000000
cliente 22 | lambda=1.000000 | slack=0.000000 | y_low=0.000000 | y_up=0.000000 | total_real=1.000000
cliente 23 | lambda=1.000000 | slack=0.000000 | y_low=0.000000 | y_up=0.000000 | total_real=1.000000
cliente 24 | lambda=1.000000 | slack=0.000000 | y_low=0.000000 | y_up=0.000000 | total_real=1.000000
cliente 25 | lambda=1.000000 | slack=0.000000 | y_low=0.000000 | y_up=0.000000 | total_real=1.000000
cliente 26 | lambda=1.000000 | slack=0.000000 | y_low=0.000000 | y_up=0.000000 | total_real=1.000000
cliente 27 | lambda=1.000000 | slack=0.000000 | y_low=0.000000 | y_up=0.000000 | total_real=1.000000
cliente 28 | lambda=1.000000 | slack=0.000000 | y_low=0.000000 | y_up=0.000000 | total_real=1.000000
cliente 29 | lambda=1.000000 | slack=0.000000 | y_low=0.000000 | y_up=0.000000 | total_real=1.000000
cliente 30 | lambda=1.000000 | slack=0.000000 | y_low=0.000000 | y_up=0.000000 | total_real=1.000000
cliente 31 | lambda=1.000000 | slack=0.000000 | y_low=0.000000 | y_up=0.000000 | total_real=1.000000
cliente 32 | lambda=1.000000 | slack=0.000000 | y_low=0.000000 | y_up=0.000000 | total_real=1.000000
cliente 33 | lambda=1.000000 | slack=0.000000 | y_low=0.000000 | y_up=0.000000 | total_real=1.000000
cliente 34 | lambda=1.000000 | slack=0.000000 | y_low=0.000000 | y_up=0.000000 | total_real=1.000000
cliente 35 | lambda=1.000000 | slack=0.000000 | y_low=0.000000 | y_up=0.000000 | total_real=1.000000
cliente 36 | lambda=1.000000 | slack=0.000000 | y_low=0.000000 | y_up=0.000000 | total_real=1.000000
cliente 37 | lambda=1.000000 | slack=0.000000 | y_low=0.000000 | y_up=0.000000 | total_real=1.000000
cliente 38 | lambda=1.000000 | slack=0.000000 | y_low=0.000000 | y_up=0.000000 | total_real=1.000000
cliente 39 | lambda=1.000000 | slack=0.000000 | y_low=0.000000 | y_up=0.000000 | total_real=1.000000
cliente 40 | lambda=1.000000 | slack=0.000000 | y_low=0.000000 | y_up=0.000000 | total_real=1.000000
cliente 41 | lambda=1.000000 | slack=0.000000 | y_low=0.000000 | y_up=0.000000 | total_real=1.000000
cliente 42 | lambda=1.000000 | slack=0.000000 | y_low=0.000000 | y_up=0.000000 | total_real=1.000000
cliente 43 | lambda=1.000000 | slack=0.000000 | y_low=0.000000 | y_up=0.000000 | total_real=1.000000
cliente 44 | lambda=1.000000 | slack=0.000000 | y_low=0.000000 | y_up=0.000000 | total_real=1.000000
cliente 45 | lambda=1.000000 | slack=0.000000 | y_low=0.000000 | y_up=0.000000 | total_real=1.000000
cliente 46 | lambda=1.000000 | slack=0.000000 | y_low=0.000000 | y_up=0.000000 | total_real=1.000000
cliente 47 | lambda=1.000000 | slack=0.000000 | y_low=0.000000 | y_up=0.000000 | total_real=1.000000
cliente 48 | lambda=1.000000 | slack=0.000000 | y_low=0.000000 | y_up=0.000000 | total_real=1.000000
cliente 49 | lambda=1.000000 | slack=0.000000 | y_low=0.000000 | y_up=0.000000 | total_real=1.000000
cliente 50 | lambda=1.000000 | slack=0.000000 | y_low=0.000000 | y_up=0.000000 | total_real=1.000000


================ DUAIS DO MESTRE ================

PI (clientes):
  pi[1] =  10000.000000
  pi[2] = -467907.372727
  pi[3] =  10000.000000
  pi[4] =  10000.000000
  pi[5] =  10000.000000
  pi[6] = -294703.118182
  pi[7] =  10000.000000
  pi[8] = -77413.072727
  pi[9] =  10000.000000
  pi[10] =  10000.000000
  pi[11] =  10000.000000
  pi[12] =  10000.000000
  pi[13] =  10000.000000
  pi[14] = -14752.700000
  pi[15] =  10000.000000
  pi[16] =  10000.000000
  pi[17] =  10000.000000
  pi[18] =  10000.000000
  pi[19] =  10000.000000
  pi[20] = -39310.827273
  pi[21] = -256784.609091
  pi[22] = -320628.063636
  pi[23] = -122703.045455
  pi[24] =  10000.000000
  pi[25] =  9841.863636
  pi[26] = -245374.154545
  pi[27] = -39151.790909
  pi[28] =  10000.000000
  pi[29] =  10000.000000
  pi[30] =  10000.000000
  pi[31] =  10000.000000
  pi[32] = -2688.936364
  pi[33] =  10000.000000
  pi[34] =  10000.000000
  pi[35] = -334314.818182
  pi[36] = -575877.518182
  pi[37] =  10000.000000
  pi[38] =  10000.000000
  pi[39] =  10000.000000
  pi[40] =  10000.000000
  pi[41] =  10000.000000
  pi[42] =  10000.000000
  pi[43] =  10000.000000
  pi[44] = -259635.245455
  pi[45] =  10000.000000
  pi[46] =  10000.000000
  pi[47] =  21.500000
  pi[48] = -650615.954545
  pi[49] = -122682.745455
  pi[50] = -1190.181818

SIGMA (veículos):
  sigma[0] =  974164.727273
  sigma[1] =  809404.190909
  sigma[2] =  934853.900000
  sigma[3] =  852981.372727
  sigma[4] =  934853.900000

MU (arcos):
  sem duais de arco
=================================================

TESTA ALLBEST

[ALLBEST GEROU CANDIDATA]
k=0
rc=-625613.354545
custo=174.000000
seq=[0, 5, 3, 7, 27, 30, 26, 45, 50, 49, 1, 47, 51]
Tempo total nessa geracao : 0.1s
Tempo total no NO: 2.2s
TAMANHO NOVAS COL 1

--- Nova Coluna ---
Veículo: 0
Sequência: [0, 5, 3, 7, 27, 30, 26, 45, 50, 49, 1, 47, 51]
Custo: 174.00
Custo Reduzido: -625613.354545
Clientes atendidos: [1, 3, 5, 7, 26, 27, 30, 45, 47, 49, 50]

[Nó 0] Iter 16 - Obj = 1000387.3000  Colunas = 85 inst= instancias/c108.txt
[Nó 0] inst= instancias/c108.txt Colunas ativas na iteração 16: 
   veic=0 | col=0 | lambda=1.000000 | custo=62.1000 | rota=[0, 43, 42, 41, 40, 44, 46, 48, 45, 50, 49, 47, 51]
   veic=1 | col=0 | lambda=1.000000 | custo=69.8000 | rota=[0, 20, 5, 3, 7, 8, 11, 9, 6, 4, 2, 1, 51]
   veic=2 | col=0 | lambda=1.000000 | custo=54.1000 | rota=[0, 24, 25, 27, 30, 29, 28, 26, 23, 22, 21, 51]
   veic=3 | col=0 | lambda=1.000000 | custo=100.1000 | rota=[0, 33, 32, 31, 35, 38, 37, 39, 36, 34, 51]
   veic=4 | col=0 | lambda=1.000000 | custo=1000101.2000 | rota=[0, 13, 18, 17, 15, 19, 16, 14, 12, 10, 51]
MESMA FO-  Sem melhora 16 Recom 1000387.2999999999 Ultmf 1000387.2999999999  VALOR SUB 0.0
   valor recomposto = 1000387.300000

   valor recomposto = 1000387.300000

--- COBERTURA POR CLIENTE ---
cliente 01 | lambda=1.000000 | slack=0.000000 | y_low=0.000000 | y_up=0.000000 | total_real=1.000000
cliente 02 | lambda=1.000000 | slack=0.000000 | y_low=0.000000 | y_up=0.000000 | total_real=1.000000
cliente 03 | lambda=1.000000 | slack=0.000000 | y_low=0.000000 | y_up=0.000000 | total_real=1.000000
cliente 04 | lambda=1.000000 | slack=0.000000 | y_low=0.000000 | y_up=0.000000 | total_real=1.000000
cliente 05 | lambda=1.000000 | slack=0.000000 | y_low=0.000000 | y_up=0.000000 | total_real=1.000000
cliente 06 | lambda=1.000000 | slack=0.000000 | y_low=0.000000 | y_up=0.000000 | total_real=1.000000
cliente 07 | lambda=1.000000 | slack=0.000000 | y_low=0.000000 | y_up=0.000000 | total_real=1.000000
cliente 08 | lambda=1.000000 | slack=0.000000 | y_low=0.000000 | y_up=0.000000 | total_real=1.000000
cliente 09 | lambda=1.000000 | slack=0.000000 | y_low=0.000000 | y_up=0.000000 | total_real=1.000000
cliente 10 | lambda=1.000000 | slack=0.000000 | y_low=0.000000 | y_up=0.000000 | total_real=1.000000
cliente 11 | lambda=1.000000 | slack=0.000000 | y_low=0.000000 | y_up=0.000000 | total_real=1.000000
cliente 12 | lambda=1.000000 | slack=0.000000 | y_low=0.000000 | y_up=0.000000 | total_real=1.000000
cliente 13 | lambda=1.000000 | slack=0.000000 | y_low=0.000000 | y_up=0.000000 | total_real=1.000000
cliente 14 | lambda=1.000000 | slack=0.000000 | y_low=0.000000 | y_up=0.000000 | total_real=1.000000
cliente 15 | lambda=1.000000 | slack=0.000000 | y_low=0.000000 | y_up=0.000000 | total_real=1.000000
cliente 16 | lambda=1.000000 | slack=0.000000 | y_low=0.000000 | y_up=0.000000 | total_real=1.000000
cliente 17 | lambda=1.000000 | slack=0.000000 | y_low=0.000000 | y_up=0.000000 | total_real=1.000000
cliente 18 | lambda=1.000000 | slack=0.000000 | y_low=0.000000 | y_up=0.000000 | total_real=1.000000
cliente 19 | lambda=1.000000 | slack=0.000000 | y_low=0.000000 | y_up=0.000000 | total_real=1.000000
cliente 20 | lambda=1.000000 | slack=0.000000 | y_low=0.000000 | y_up=0.000000 | total_real=1.000000
cliente 21 | lambda=1.000000 | slack=0.000000 | y_low=0.000000 | y_up=0.000000 | total_real=1.000000
cliente 22 | lambda=1.000000 | slack=0.000000 | y_low=0.000000 | y_up=0.000000 | total_real=1.000000
cliente 23 | lambda=1.000000 | slack=0.000000 | y_low=0.000000 | y_up=0.000000 | total_real=1.000000
cliente 24 | lambda=1.000000 | slack=0.000000 | y_low=0.000000 | y_up=0.000000 | total_real=1.000000
cliente 25 | lambda=1.000000 | slack=0.000000 | y_low=0.000000 | y_up=0.000000 | total_real=1.000000
cliente 26 | lambda=1.000000 | slack=0.000000 | y_low=0.000000 | y_up=0.000000 | total_real=1.000000
cliente 27 | lambda=1.000000 | slack=0.000000 | y_low=0.000000 | y_up=0.000000 | total_real=1.000000
cliente 28 | lambda=1.000000 | slack=0.000000 | y_low=0.000000 | y_up=0.000000 | total_real=1.000000
cliente 29 | lambda=1.000000 | slack=0.000000 | y_low=0.000000 | y_up=0.000000 | total_real=1.000000
cliente 30 | lambda=1.000000 | slack=0.000000 | y_low=0.000000 | y_up=0.000000 | total_real=1.000000
cliente 31 | lambda=1.000000 | slack=0.000000 | y_low=0.000000 | y_up=0.000000 | total_real=1.000000
cliente 32 | lambda=1.000000 | slack=0.000000 | y_low=0.000000 | y_up=0.000000 | total_real=1.000000
cliente 33 | lambda=1.000000 | slack=0.000000 | y_low=0.000000 | y_up=0.000000 | total_real=1.000000
cliente 34 | lambda=1.000000 | slack=0.000000 | y_low=0.000000 | y_up=0.000000 | total_real=1.000000
cliente 35 | lambda=1.000000 | slack=0.000000 | y_low=0.000000 | y_up=0.000000 | total_real=1.000000
cliente 36 | lambda=1.000000 | slack=0.000000 | y_low=0.000000 | y_up=0.000000 | total_real=1.000000
cliente 37 | lambda=1.000000 | slack=0.000000 | y_low=0.000000 | y_up=0.000000 | total_real=1.000000
cliente 38 | lambda=1.000000 | slack=0.000000 | y_low=0.000000 | y_up=0.000000 | total_real=1.000000
cliente 39 | lambda=1.000000 | slack=0.000000 | y_low=0.000000 | y_up=0.000000 | total_real=1.000000
cliente 40 | lambda=1.000000 | slack=0.000000 | y_low=0.000000 | y_up=0.000000 | total_real=1.000000
cliente 41 | lambda=1.000000 | slack=0.000000 | y_low=0.000000 | y_up=0.000000 | total_real=1.000000
cliente 42 | lambda=1.000000 | slack=0.000000 | y_low=0.000000 | y_up=0.000000 | total_real=1.000000
cliente 43 | lambda=1.000000 | slack=0.000000 | y_low=0.000000 | y_up=0.000000 | total_real=1.000000
cliente 44 | lambda=1.000000 | slack=0.000000 | y_low=0.000000 | y_up=0.000000 | total_real=1.000000
cliente 45 | lambda=1.000000 | slack=0.000000 | y_low=0.000000 | y_up=0.000000 | total_real=1.000000
cliente 46 | lambda=1.000000 | slack=0.000000 | y_low=0.000000 | y_up=0.000000 | total_real=1.000000
cliente 47 | lambda=1.000000 | slack=0.000000 | y_low=0.000000 | y_up=0.000000 | total_real=1.000000
cliente 48 | lambda=1.000000 | slack=0.000000 | y_low=0.000000 | y_up=0.000000 | total_real=1.000000
cliente 49 | lambda=1.000000 | slack=0.000000 | y_low=0.000000 | y_up=0.000000 | total_real=1.000000
cliente 50 | lambda=1.000000 | slack=0.000000 | y_low=0.000000 | y_up=0.000000 | total_real=1.000000


================ DUAIS DO MESTRE ================

PI (clientes):
  pi[1] = -231449.892527
  pi[2] = -446901.491180
  pi[3] =  10000.000000
  pi[4] =  10000.000000
  pi[5] =  10000.000000
  pi[6] = -423266.914368
  pi[7] =  10000.000000
  pi[8] =  10000.000000
  pi[9] =  10000.000000
  pi[10] =  10000.000000
  pi[11] =  10000.000000
  pi[12] =  10000.000000
  pi[13] =  10000.000000
  pi[14] = -240955.093746
  pi[15] =  10000.000000
  pi[16] =  10000.000000
  pi[17] =  10000.000000
  pi[18] =  10000.000000
  pi[19] =  10000.000000
  pi[20] = -33388.338999
  pi[21] = -320037.066260
  pi[22] = -151982.259654
  pi[23] = -305504.591886
  pi[24] =  10000.000000
  pi[25] =  10000.000000
  pi[26] = -202969.442559
  pi[27] = -230508.833387
  pi[28] =  10000.000000
  pi[29] =  10000.000000
  pi[30] =  10000.000000
  pi[31] =  10000.000000
  pi[32] = -39235.548749
  pi[33] =  10000.000000
  pi[34] = -180972.285247
  pi[35] = -145245.151732
  pi[36] = -561948.396600
  pi[37] =  10000.000000
  pi[38] =  10000.000000
  pi[39] = -10072.261578
  pi[40] =  10000.000000
  pi[41] =  10000.000000
  pi[42] =  10000.000000
  pi[43] =  10000.000000
  pi[44] = -162312.920622
  pi[45] =  10000.000000
  pi[46] =  10000.000000
  pi[47] = -197099.894387
  pi[48] = -512727.147851
  pi[49] = -305484.291886
  pi[50] = -273879.672386

SIGMA (veículos):
  sigma[0] =  1391566.027133
  sigma[1] =  1065076.437075
  sigma[2] =  1161056.293746
  sigma[3] =  897573.743906
  sigma[4] =  1161056.293746

MU (arcos):
  sem duais de arco
=================================================

TESTA ALLBEST

[ALLBEST GEROU CANDIDATA]
k=0
rc=-816775.781206
custo=223.800000
seq=[0, 33, 5, 3, 10, 15, 11, 12, 4, 22, 49, 47, 51]
Tempo total nessa geracao : 0.1s
Tempo total no NO: 2.4s
TAMANHO NOVAS COL 1

--- Nova Coluna ---
Veículo: 0
Sequência: [0, 33, 5, 3, 10, 15, 11, 12, 4, 22, 49, 47, 51]
Custo: 223.80
Custo Reduzido: -816775.781206
Clientes atendidos: [3, 4, 5, 10, 11, 12, 15, 22, 33, 47, 49]

[Nó 0] Iter 17 - Obj = 1000387.3000  Colunas = 90 inst= instancias/c108.txt
[Nó 0] inst= instancias/c108.txt Colunas ativas na iteração 17: 
   veic=0 | col=0 | lambda=1.000000 | custo=62.1000 | rota=[0, 43, 42, 41, 40, 44, 46, 48, 45, 50, 49, 47, 51]
   veic=1 | col=0 | lambda=1.000000 | custo=69.8000 | rota=[0, 20, 5, 3, 7, 8, 11, 9, 6, 4, 2, 1, 51]
   veic=2 | col=0 | lambda=1.000000 | custo=54.1000 | rota=[0, 24, 25, 27, 30, 29, 28, 26, 23, 22, 21, 51]
   veic=3 | col=0 | lambda=1.000000 | custo=100.1000 | rota=[0, 33, 32, 31, 35, 38, 37, 39, 36, 34, 51]
   veic=4 | col=0 | lambda=1.000000 | custo=1000101.2000 | rota=[0, 13, 18, 17, 15, 19, 16, 14, 12, 10, 51]
MESMA FO-  Sem melhora 17 Recom 1000387.2999999999 Ultmf 1000387.2999999999  VALOR SUB 0.0
   valor recomposto = 1000387.300000

   valor recomposto = 1000387.300000

--- COBERTURA POR CLIENTE ---
cliente 01 | lambda=1.000000 | slack=0.000000 | y_low=0.000000 | y_up=0.000000 | total_real=1.000000
cliente 02 | lambda=1.000000 | slack=0.000000 | y_low=0.000000 | y_up=0.000000 | total_real=1.000000
cliente 03 | lambda=1.000000 | slack=0.000000 | y_low=0.000000 | y_up=0.000000 | total_real=1.000000
cliente 04 | lambda=1.000000 | slack=0.000000 | y_low=0.000000 | y_up=0.000000 | total_real=1.000000
cliente 05 | lambda=1.000000 | slack=0.000000 | y_low=0.000000 | y_up=0.000000 | total_real=1.000000
cliente 06 | lambda=1.000000 | slack=0.000000 | y_low=0.000000 | y_up=0.000000 | total_real=1.000000
cliente 07 | lambda=1.000000 | slack=0.000000 | y_low=0.000000 | y_up=0.000000 | total_real=1.000000
cliente 08 | lambda=1.000000 | slack=0.000000 | y_low=0.000000 | y_up=0.000000 | total_real=1.000000
cliente 09 | lambda=1.000000 | slack=0.000000 | y_low=0.000000 | y_up=0.000000 | total_real=1.000000
cliente 10 | lambda=1.000000 | slack=0.000000 | y_low=0.000000 | y_up=0.000000 | total_real=1.000000
cliente 11 | lambda=1.000000 | slack=0.000000 | y_low=0.000000 | y_up=0.000000 | total_real=1.000000
cliente 12 | lambda=1.000000 | slack=0.000000 | y_low=0.000000 | y_up=0.000000 | total_real=1.000000
cliente 13 | lambda=1.000000 | slack=0.000000 | y_low=0.000000 | y_up=0.000000 | total_real=1.000000
cliente 14 | lambda=1.000000 | slack=0.000000 | y_low=0.000000 | y_up=0.000000 | total_real=1.000000
cliente 15 | lambda=1.000000 | slack=0.000000 | y_low=0.000000 | y_up=0.000000 | total_real=1.000000
cliente 16 | lambda=1.000000 | slack=0.000000 | y_low=0.000000 | y_up=0.000000 | total_real=1.000000
cliente 17 | lambda=1.000000 | slack=0.000000 | y_low=0.000000 | y_up=0.000000 | total_real=1.000000
cliente 18 | lambda=1.000000 | slack=0.000000 | y_low=0.000000 | y_up=0.000000 | total_real=1.000000
cliente 19 | lambda=1.000000 | slack=0.000000 | y_low=0.000000 | y_up=0.000000 | total_real=1.000000
cliente 20 | lambda=1.000000 | slack=0.000000 | y_low=0.000000 | y_up=0.000000 | total_real=1.000000
cliente 21 | lambda=1.000000 | slack=0.000000 | y_low=0.000000 | y_up=0.000000 | total_real=1.000000
cliente 22 | lambda=1.000000 | slack=0.000000 | y_low=0.000000 | y_up=0.000000 | total_real=1.000000
cliente 23 | lambda=1.000000 | slack=0.000000 | y_low=0.000000 | y_up=0.000000 | total_real=1.000000
cliente 24 | lambda=1.000000 | slack=0.000000 | y_low=0.000000 | y_up=0.000000 | total_real=1.000000
cliente 25 | lambda=1.000000 | slack=0.000000 | y_low=0.000000 | y_up=0.000000 | total_real=1.000000
cliente 26 | lambda=1.000000 | slack=0.000000 | y_low=0.000000 | y_up=0.000000 | total_real=1.000000
cliente 27 | lambda=1.000000 | slack=0.000000 | y_low=0.000000 | y_up=0.000000 | total_real=1.000000
cliente 28 | lambda=1.000000 | slack=0.000000 | y_low=0.000000 | y_up=0.000000 | total_real=1.000000
cliente 29 | lambda=1.000000 | slack=0.000000 | y_low=0.000000 | y_up=0.000000 | total_real=1.000000
cliente 30 | lambda=1.000000 | slack=0.000000 | y_low=0.000000 | y_up=0.000000 | total_real=1.000000
cliente 31 | lambda=1.000000 | slack=0.000000 | y_low=0.000000 | y_up=0.000000 | total_real=1.000000
cliente 32 | lambda=1.000000 | slack=0.000000 | y_low=0.000000 | y_up=0.000000 | total_real=1.000000
cliente 33 | lambda=1.000000 | slack=0.000000 | y_low=0.000000 | y_up=0.000000 | total_real=1.000000
cliente 34 | lambda=1.000000 | slack=0.000000 | y_low=0.000000 | y_up=0.000000 | total_real=1.000000
cliente 35 | lambda=1.000000 | slack=0.000000 | y_low=0.000000 | y_up=0.000000 | total_real=1.000000
cliente 36 | lambda=1.000000 | slack=0.000000 | y_low=0.000000 | y_up=0.000000 | total_real=1.000000
cliente 37 | lambda=1.000000 | slack=0.000000 | y_low=0.000000 | y_up=0.000000 | total_real=1.000000
cliente 38 | lambda=1.000000 | slack=0.000000 | y_low=0.000000 | y_up=0.000000 | total_real=1.000000
cliente 39 | lambda=1.000000 | slack=0.000000 | y_low=0.000000 | y_up=0.000000 | total_real=1.000000
cliente 40 | lambda=1.000000 | slack=0.000000 | y_low=0.000000 | y_up=0.000000 | total_real=1.000000
cliente 41 | lambda=1.000000 | slack=0.000000 | y_low=0.000000 | y_up=0.000000 | total_real=1.000000
cliente 42 | lambda=1.000000 | slack=0.000000 | y_low=0.000000 | y_up=0.000000 | total_real=1.000000
cliente 43 | lambda=1.000000 | slack=0.000000 | y_low=0.000000 | y_up=0.000000 | total_real=1.000000
cliente 44 | lambda=1.000000 | slack=0.000000 | y_low=0.000000 | y_up=0.000000 | total_real=1.000000
cliente 45 | lambda=1.000000 | slack=0.000000 | y_low=0.000000 | y_up=0.000000 | total_real=1.000000
cliente 46 | lambda=1.000000 | slack=0.000000 | y_low=0.000000 | y_up=0.000000 | total_real=1.000000
cliente 47 | lambda=1.000000 | slack=0.000000 | y_low=0.000000 | y_up=0.000000 | total_real=1.000000
cliente 48 | lambda=1.000000 | slack=0.000000 | y_low=0.000000 | y_up=0.000000 | total_real=1.000000
cliente 49 | lambda=1.000000 | slack=0.000000 | y_low=0.000000 | y_up=0.000000 | total_real=1.000000
cliente 50 | lambda=1.000000 | slack=0.000000 | y_low=0.000000 | y_up=0.000000 | total_real=1.000000


================ DUAIS DO MESTRE ================

PI (clientes):
  pi[1] = -345820.882869
  pi[2] = -196521.366932
  pi[3] = -352105.896813
  pi[4] = -538738.894024
  pi[5] =  10000.000000
  pi[6] =  10000.000000
  pi[7] =  10000.000000
  pi[8] =  10000.000000
  pi[9] =  10000.000000
  pi[10] =  10000.000000
  pi[11] =  10000.000000
  pi[12] = -516757.166135
  pi[13] =  10000.000000
  pi[14] = -36987.981275
  pi[15] =  10000.000000
  pi[16] =  10000.000000
  pi[17] =  10000.000000
  pi[18] =  10000.000000
  pi[19] =  10000.000000
  pi[20] = -169009.655378
  pi[21] = -171075.213546
  pi[22] = -499436.154582
  pi[23] = -330427.199203
  pi[24] =  10000.000000
  pi[25] =  10000.000000
  pi[26] =  10000.000000
  pi[27] = -169008.755378
  pi[28] = -218223.794821
  pi[29] =  10000.000000
  pi[30] = -135621.129880
  pi[31] =  10000.000000
  pi[32] =  10000.000000
  pi[33] =  10000.000000
  pi[34] = -501141.082470
  pi[35] =  10000.000000
  pi[36] = -334660.185259
  pi[37] =  10000.000000
  pi[38] =  10000.000000
  pi[39] = -314490.785259
  pi[40] =  10000.000000
  pi[41] =  10000.000000
  pi[42] =  10000.000000
  pi[43] =  10000.000000
  pi[44] = -161236.913546
  pi[45] =  10000.000000
  pi[46] =  10000.000000
  pi[47] =  21.500000
  pi[48] = -861431.651394
  pi[49] = -330406.899203
  pi[50] = -359739.938645

SIGMA (veículos):
  sigma[0] =  1652856.002789
  sigma[1] =  1542266.496016
  sigma[2] =  1483846.347410
  sigma[3] =  1090392.152988
  sigma[4] =  1483846.347410

MU (arcos):
  sem duais de arco
=================================================

TESTA ALLBEST

[ALLBEST GEROU CANDIDATA]
k=0
rc=-1514671.907968
custo=142.400000
seq=[0, 5, 8, 10, 19, 16, 14, 6, 26, 21, 47, 51]
Tempo total nessa geracao : 0.1s
Tempo total no NO: 2.6s
TAMANHO NOVAS COL 1

--- Nova Coluna ---
Veículo: 0
Sequência: [0, 5, 8, 10, 19, 16, 14, 6, 26, 21, 47, 51]
Custo: 142.40
Custo Reduzido: -1514671.907968
Clientes atendidos: [5, 6, 8, 10, 14, 16, 19, 21, 26, 47]

[Nó 0] Iter 18 - Obj = 1000387.3000  Colunas = 95 inst= instancias/c108.txt
[Nó 0] inst= instancias/c108.txt Colunas ativas na iteração 18: 
   veic=0 | col=0 | lambda=1.000000 | custo=62.1000 | rota=[0, 43, 42, 41, 40, 44, 46, 48, 45, 50, 49, 47, 51]
   veic=1 | col=0 | lambda=1.000000 | custo=69.8000 | rota=[0, 20, 5, 3, 7, 8, 11, 9, 6, 4, 2, 1, 51]
   veic=2 | col=0 | lambda=1.000000 | custo=54.1000 | rota=[0, 24, 25, 27, 30, 29, 28, 26, 23, 22, 21, 51]
   veic=3 | col=0 | lambda=1.000000 | custo=100.1000 | rota=[0, 33, 32, 31, 35, 38, 37, 39, 36, 34, 51]
   veic=4 | col=0 | lambda=1.000000 | custo=1000101.2000 | rota=[0, 13, 18, 17, 15, 19, 16, 14, 12, 10, 51]
MESMA FO-  Sem melhora 18 Recom 1000387.2999999999 Ultmf 1000387.2999999999  VALOR SUB 0.0
   valor recomposto = 1000387.300000

   valor recomposto = 1000387.300000

--- COBERTURA POR CLIENTE ---
cliente 01 | lambda=1.000000 | slack=0.000000 | y_low=0.000000 | y_up=0.000000 | total_real=1.000000
cliente 02 | lambda=1.000000 | slack=0.000000 | y_low=0.000000 | y_up=0.000000 | total_real=1.000000
cliente 03 | lambda=1.000000 | slack=0.000000 | y_low=0.000000 | y_up=0.000000 | total_real=1.000000
cliente 04 | lambda=1.000000 | slack=0.000000 | y_low=0.000000 | y_up=0.000000 | total_real=1.000000
cliente 05 | lambda=1.000000 | slack=0.000000 | y_low=0.000000 | y_up=0.000000 | total_real=1.000000
cliente 06 | lambda=1.000000 | slack=0.000000 | y_low=0.000000 | y_up=0.000000 | total_real=1.000000
cliente 07 | lambda=1.000000 | slack=0.000000 | y_low=0.000000 | y_up=0.000000 | total_real=1.000000
cliente 08 | lambda=1.000000 | slack=0.000000 | y_low=0.000000 | y_up=0.000000 | total_real=1.000000
cliente 09 | lambda=1.000000 | slack=0.000000 | y_low=0.000000 | y_up=0.000000 | total_real=1.000000
cliente 10 | lambda=1.000000 | slack=0.000000 | y_low=0.000000 | y_up=0.000000 | total_real=1.000000
cliente 11 | lambda=1.000000 | slack=0.000000 | y_low=0.000000 | y_up=0.000000 | total_real=1.000000
cliente 12 | lambda=1.000000 | slack=0.000000 | y_low=0.000000 | y_up=0.000000 | total_real=1.000000
cliente 13 | lambda=1.000000 | slack=0.000000 | y_low=0.000000 | y_up=0.000000 | total_real=1.000000
cliente 14 | lambda=1.000000 | slack=0.000000 | y_low=0.000000 | y_up=0.000000 | total_real=1.000000
cliente 15 | lambda=1.000000 | slack=0.000000 | y_low=0.000000 | y_up=0.000000 | total_real=1.000000
cliente 16 | lambda=1.000000 | slack=0.000000 | y_low=0.000000 | y_up=0.000000 | total_real=1.000000
cliente 17 | lambda=1.000000 | slack=0.000000 | y_low=0.000000 | y_up=0.000000 | total_real=1.000000
cliente 18 | lambda=1.000000 | slack=0.000000 | y_low=0.000000 | y_up=0.000000 | total_real=1.000000
cliente 19 | lambda=1.000000 | slack=0.000000 | y_low=0.000000 | y_up=0.000000 | total_real=1.000000
cliente 20 | lambda=1.000000 | slack=0.000000 | y_low=0.000000 | y_up=0.000000 | total_real=1.000000
cliente 21 | lambda=1.000000 | slack=0.000000 | y_low=0.000000 | y_up=0.000000 | total_real=1.000000
cliente 22 | lambda=1.000000 | slack=0.000000 | y_low=0.000000 | y_up=0.000000 | total_real=1.000000
cliente 23 | lambda=1.000000 | slack=0.000000 | y_low=0.000000 | y_up=0.000000 | total_real=1.000000
cliente 24 | lambda=1.000000 | slack=0.000000 | y_low=0.000000 | y_up=0.000000 | total_real=1.000000
cliente 25 | lambda=1.000000 | slack=0.000000 | y_low=0.000000 | y_up=0.000000 | total_real=1.000000
cliente 26 | lambda=1.000000 | slack=0.000000 | y_low=0.000000 | y_up=0.000000 | total_real=1.000000
cliente 27 | lambda=1.000000 | slack=0.000000 | y_low=0.000000 | y_up=0.000000 | total_real=1.000000
cliente 28 | lambda=1.000000 | slack=0.000000 | y_low=0.000000 | y_up=0.000000 | total_real=1.000000
cliente 29 | lambda=1.000000 | slack=0.000000 | y_low=0.000000 | y_up=0.000000 | total_real=1.000000
cliente 30 | lambda=1.000000 | slack=0.000000 | y_low=0.000000 | y_up=0.000000 | total_real=1.000000
cliente 31 | lambda=1.000000 | slack=0.000000 | y_low=0.000000 | y_up=0.000000 | total_real=1.000000
cliente 32 | lambda=1.000000 | slack=0.000000 | y_low=0.000000 | y_up=0.000000 | total_real=1.000000
cliente 33 | lambda=1.000000 | slack=0.000000 | y_low=0.000000 | y_up=0.000000 | total_real=1.000000
cliente 34 | lambda=1.000000 | slack=0.000000 | y_low=0.000000 | y_up=0.000000 | total_real=1.000000
cliente 35 | lambda=1.000000 | slack=0.000000 | y_low=0.000000 | y_up=0.000000 | total_real=1.000000
cliente 36 | lambda=1.000000 | slack=0.000000 | y_low=0.000000 | y_up=0.000000 | total_real=1.000000
cliente 37 | lambda=1.000000 | slack=0.000000 | y_low=0.000000 | y_up=0.000000 | total_real=1.000000
cliente 38 | lambda=1.000000 | slack=0.000000 | y_low=0.000000 | y_up=0.000000 | total_real=1.000000
cliente 39 | lambda=1.000000 | slack=0.000000 | y_low=0.000000 | y_up=0.000000 | total_real=1.000000
cliente 40 | lambda=1.000000 | slack=0.000000 | y_low=0.000000 | y_up=0.000000 | total_real=1.000000
cliente 41 | lambda=1.000000 | slack=0.000000 | y_low=0.000000 | y_up=0.000000 | total_real=1.000000
cliente 42 | lambda=1.000000 | slack=0.000000 | y_low=0.000000 | y_up=0.000000 | total_real=1.000000
cliente 43 | lambda=1.000000 | slack=0.000000 | y_low=0.000000 | y_up=0.000000 | total_real=1.000000
cliente 44 | lambda=1.000000 | slack=0.000000 | y_low=0.000000 | y_up=0.000000 | total_real=1.000000
cliente 45 | lambda=1.000000 | slack=0.000000 | y_low=0.000000 | y_up=0.000000 | total_real=1.000000
cliente 46 | lambda=1.000000 | slack=0.000000 | y_low=0.000000 | y_up=0.000000 | total_real=1.000000
cliente 47 | lambda=1.000000 | slack=0.000000 | y_low=0.000000 | y_up=0.000000 | total_real=1.000000
cliente 48 | lambda=1.000000 | slack=0.000000 | y_low=0.000000 | y_up=0.000000 | total_real=1.000000
cliente 49 | lambda=1.000000 | slack=0.000000 | y_low=0.000000 | y_up=0.000000 | total_real=1.000000
cliente 50 | lambda=1.000000 | slack=0.000000 | y_low=0.000000 | y_up=0.000000 | total_real=1.000000


================ DUAIS DO MESTRE ================

PI (clientes):
  pi[1] = -119298.967257
  pi[2] = -650829.559292
  pi[3] =  10000.000000
  pi[4] = -16717.470796
  pi[5] =  10000.000000
  pi[6] = -685325.839823
  pi[7] =  10000.000000
  pi[8] =  10000.000000
  pi[9] =  10000.000000
  pi[10] =  10000.000000
  pi[11] =  10000.000000
  pi[12] =  10000.000000
  pi[13] =  10000.000000
  pi[14] = -298049.989381
  pi[15] =  10000.000000
  pi[16] = -174090.447788
  pi[17] =  10000.000000
  pi[18] =  10000.000000
  pi[19] =  10000.000000
  pi[20] =  10000.000000
  pi[21] = -161774.757522
  pi[22] = -83673.341593
  pi[23] =  10000.000000
  pi[24] = -482128.037168
  pi[25] = -119283.767257
  pi[26] =  10000.000000
  pi[27] =  10000.000000
  pi[28] = -324675.760177
  pi[29] =  10000.000000
  pi[30] =  10000.000000
  pi[31] =  10000.000000
  pi[32] =  10000.000000
  pi[33] = -536821.917699
  pi[34] = -472098.337168
  pi[35] =  10000.000000
  pi[36] =  10000.000000
  pi[37] =  10000.000000
  pi[38] =  10000.000000
  pi[39] = -80509.306195
  pi[40] =  10000.000000
  pi[41] =  10000.000000
  pi[42] =  10000.000000
  pi[43] =  10000.000000
  pi[44] =  10000.000000
  pi[45] =  10000.000000
  pi[46] =  10000.000000
  pi[47] = -708736.875221
  pi[48] = -119410.867257
  pi[49] = -116068.231858
  pi[50] = -527963.562832

SIGMA (veículos):
  sigma[0] =  1402241.637168
  sigma[1] =  1402241.637168
  sigma[2] =  1121589.763717
  sigma[3] =  1029529.661062
  sigma[4] =  1402241.637168

MU (arcos):
  sem duais de arco
=================================================

TESTA ALLBEST

[ALLBEST GEROU CANDIDATA]
k=0
rc=-1090675.900000
custo=197.300000
seq=[0, 7, 25, 41, 44, 45, 46, 36, 4, 1, 49, 51]
Tempo total nessa geracao : 0.1s
Tempo total no NO: 2.7s
TAMANHO NOVAS COL 1

--- Nova Coluna ---
Veículo: 0
Sequência: [0, 7, 25, 41, 44, 45, 46, 36, 4, 1, 49, 51]
Custo: 197.30
Custo Reduzido: -1090675.900000
Clientes atendidos: [1, 4, 7, 25, 36, 41, 44, 45, 46, 49]

[Nó 0] Iter 19 - Obj = 1000387.3000  Colunas = 98 inst= instancias/c108.txt
[Nó 0] inst= instancias/c108.txt Colunas ativas na iteração 19: 
   veic=0 | col=0 | lambda=1.000000 | custo=62.1000 | rota=[0, 43, 42, 41, 40, 44, 46, 48, 45, 50, 49, 47, 51]
   veic=1 | col=0 | lambda=1.000000 | custo=69.8000 | rota=[0, 20, 5, 3, 7, 8, 11, 9, 6, 4, 2, 1, 51]
   veic=2 | col=0 | lambda=1.000000 | custo=54.1000 | rota=[0, 24, 25, 27, 30, 29, 28, 26, 23, 22, 21, 51]
   veic=3 | col=0 | lambda=1.000000 | custo=100.1000 | rota=[0, 33, 32, 31, 35, 38, 37, 39, 36, 34, 51]
   veic=4 | col=0 | lambda=1.000000 | custo=1000101.2000 | rota=[0, 13, 18, 17, 15, 19, 16, 14, 12, 10, 51]
MESMA FO-  Sem melhora 19 Recom 1000387.2999999999 Ultmf 1000387.2999999999  VALOR SUB 0.0
   valor recomposto = 1000387.300000

   valor recomposto = 1000387.300000

--- COBERTURA POR CLIENTE ---
cliente 01 | lambda=1.000000 | slack=0.000000 | y_low=0.000000 | y_up=0.000000 | total_real=1.000000
cliente 02 | lambda=1.000000 | slack=0.000000 | y_low=0.000000 | y_up=0.000000 | total_real=1.000000
cliente 03 | lambda=1.000000 | slack=0.000000 | y_low=0.000000 | y_up=0.000000 | total_real=1.000000
cliente 04 | lambda=1.000000 | slack=0.000000 | y_low=0.000000 | y_up=0.000000 | total_real=1.000000
cliente 05 | lambda=1.000000 | slack=0.000000 | y_low=0.000000 | y_up=0.000000 | total_real=1.000000
cliente 06 | lambda=1.000000 | slack=0.000000 | y_low=0.000000 | y_up=0.000000 | total_real=1.000000
cliente 07 | lambda=1.000000 | slack=0.000000 | y_low=0.000000 | y_up=0.000000 | total_real=1.000000
cliente 08 | lambda=1.000000 | slack=0.000000 | y_low=0.000000 | y_up=0.000000 | total_real=1.000000
cliente 09 | lambda=1.000000 | slack=0.000000 | y_low=0.000000 | y_up=0.000000 | total_real=1.000000
cliente 10 | lambda=1.000000 | slack=0.000000 | y_low=0.000000 | y_up=0.000000 | total_real=1.000000
cliente 11 | lambda=1.000000 | slack=0.000000 | y_low=0.000000 | y_up=0.000000 | total_real=1.000000
cliente 12 | lambda=1.000000 | slack=0.000000 | y_low=0.000000 | y_up=0.000000 | total_real=1.000000
cliente 13 | lambda=1.000000 | slack=0.000000 | y_low=0.000000 | y_up=0.000000 | total_real=1.000000
cliente 14 | lambda=1.000000 | slack=0.000000 | y_low=0.000000 | y_up=0.000000 | total_real=1.000000
cliente 15 | lambda=1.000000 | slack=0.000000 | y_low=0.000000 | y_up=0.000000 | total_real=1.000000
cliente 16 | lambda=1.000000 | slack=0.000000 | y_low=0.000000 | y_up=0.000000 | total_real=1.000000
cliente 17 | lambda=1.000000 | slack=0.000000 | y_low=0.000000 | y_up=0.000000 | total_real=1.000000
cliente 18 | lambda=1.000000 | slack=0.000000 | y_low=0.000000 | y_up=0.000000 | total_real=1.000000
cliente 19 | lambda=1.000000 | slack=0.000000 | y_low=0.000000 | y_up=0.000000 | total_real=1.000000
cliente 20 | lambda=1.000000 | slack=0.000000 | y_low=0.000000 | y_up=0.000000 | total_real=1.000000
cliente 21 | lambda=1.000000 | slack=0.000000 | y_low=0.000000 | y_up=0.000000 | total_real=1.000000
cliente 22 | lambda=1.000000 | slack=0.000000 | y_low=0.000000 | y_up=0.000000 | total_real=1.000000
cliente 23 | lambda=1.000000 | slack=0.000000 | y_low=0.000000 | y_up=0.000000 | total_real=1.000000
cliente 24 | lambda=1.000000 | slack=0.000000 | y_low=0.000000 | y_up=0.000000 | total_real=1.000000
cliente 25 | lambda=1.000000 | slack=0.000000 | y_low=0.000000 | y_up=0.000000 | total_real=1.000000
cliente 26 | lambda=1.000000 | slack=0.000000 | y_low=0.000000 | y_up=0.000000 | total_real=1.000000
cliente 27 | lambda=1.000000 | slack=0.000000 | y_low=0.000000 | y_up=0.000000 | total_real=1.000000
cliente 28 | lambda=1.000000 | slack=0.000000 | y_low=0.000000 | y_up=0.000000 | total_real=1.000000
cliente 29 | lambda=1.000000 | slack=0.000000 | y_low=0.000000 | y_up=0.000000 | total_real=1.000000
cliente 30 | lambda=1.000000 | slack=0.000000 | y_low=0.000000 | y_up=0.000000 | total_real=1.000000
cliente 31 | lambda=1.000000 | slack=0.000000 | y_low=0.000000 | y_up=0.000000 | total_real=1.000000
cliente 32 | lambda=1.000000 | slack=0.000000 | y_low=0.000000 | y_up=0.000000 | total_real=1.000000
cliente 33 | lambda=1.000000 | slack=0.000000 | y_low=0.000000 | y_up=0.000000 | total_real=1.000000
cliente 34 | lambda=1.000000 | slack=0.000000 | y_low=0.000000 | y_up=0.000000 | total_real=1.000000
cliente 35 | lambda=1.000000 | slack=0.000000 | y_low=0.000000 | y_up=0.000000 | total_real=1.000000
cliente 36 | lambda=1.000000 | slack=0.000000 | y_low=0.000000 | y_up=0.000000 | total_real=1.000000
cliente 37 | lambda=1.000000 | slack=0.000000 | y_low=0.000000 | y_up=0.000000 | total_real=1.000000
cliente 38 | lambda=1.000000 | slack=0.000000 | y_low=0.000000 | y_up=0.000000 | total_real=1.000000
cliente 39 | lambda=1.000000 | slack=0.000000 | y_low=0.000000 | y_up=0.000000 | total_real=1.000000
cliente 40 | lambda=1.000000 | slack=0.000000 | y_low=0.000000 | y_up=0.000000 | total_real=1.000000
cliente 41 | lambda=1.000000 | slack=0.000000 | y_low=0.000000 | y_up=0.000000 | total_real=1.000000
cliente 42 | lambda=1.000000 | slack=0.000000 | y_low=0.000000 | y_up=0.000000 | total_real=1.000000
cliente 43 | lambda=1.000000 | slack=0.000000 | y_low=0.000000 | y_up=0.000000 | total_real=1.000000
cliente 44 | lambda=1.000000 | slack=0.000000 | y_low=0.000000 | y_up=0.000000 | total_real=1.000000
cliente 45 | lambda=1.000000 | slack=0.000000 | y_low=0.000000 | y_up=0.000000 | total_real=1.000000
cliente 46 | lambda=1.000000 | slack=0.000000 | y_low=0.000000 | y_up=0.000000 | total_real=1.000000
cliente 47 | lambda=1.000000 | slack=0.000000 | y_low=0.000000 | y_up=0.000000 | total_real=1.000000
cliente 48 | lambda=1.000000 | slack=0.000000 | y_low=0.000000 | y_up=0.000000 | total_real=1.000000
cliente 49 | lambda=1.000000 | slack=0.000000 | y_low=0.000000 | y_up=0.000000 | total_real=1.000000
cliente 50 | lambda=1.000000 | slack=0.000000 | y_low=0.000000 | y_up=0.000000 | total_real=1.000000


================ DUAIS DO MESTRE ================

PI (clientes):
  pi[1] = -462008.455562
  pi[2] = -352310.239606
  pi[3] =  10000.000000
  pi[4] = -333540.667780
  pi[5] =  10000.000000
  pi[6] = -254380.009122
  pi[7] =  10000.000000
  pi[8] =  10000.000000
  pi[9] = -67825.300951
  pi[10] = -19034.777079
  pi[11] =  10000.000000
  pi[12] =  10000.000000
  pi[13] =  10000.000000
  pi[14] = -239532.923585
  pi[15] =  10000.000000
  pi[16] = -211465.572357
  pi[17] =  10000.000000
  pi[18] =  10000.000000
  pi[19] =  10000.000000
  pi[20] =  10000.000000
  pi[21] = -337299.675420
  pi[22] = -358962.000520
  pi[23] =  10000.000000
  pi[24] = -42414.056955
  pi[25] = -145847.158038
  pi[26] =  10000.000000
  pi[27] =  989.122921
  pi[28] = -188245.989551
  pi[29] =  10000.000000
  pi[30] =  10000.000000
  pi[31] =  10000.000000
  pi[32] =  10000.000000
  pi[33] = -115897.891807
  pi[34] = -290460.900321
  pi[35] =  10000.000000
  pi[36] = -170251.242415
  pi[37] =  10000.000000
  pi[38] =  10000.000000
  pi[39] =  10000.000000
  pi[40] =  10000.000000
  pi[41] = -94093.428848
  pi[42] =  10000.000000
  pi[43] =  10000.000000
  pi[44] =  10000.000000
  pi[45] =  10000.000000
  pi[46] =  10000.000000
  pi[47] = -388279.115458
  pi[48] = -367037.803793
  pi[49] = -244196.220378
  pi[50] = -376465.804544

SIGMA (veículos):
  sigma[0] =  1410134.473021
  sigma[1] =  1410134.473021
  sigma[2] =  1031833.857563
  sigma[3] =  516710.134542
  sigma[4] =  1410134.473021

MU (arcos):
  sem duais de arco
=================================================

TESTA ALLBEST

[ALLBEST GEROU CANDIDATA]
k=0
rc=-679607.720279
custo=297.100000
seq=[0, 3, 33, 15, 38, 26, 9, 12, 2, 49, 51]
Tempo total nessa geracao : 0.1s
Tempo total no NO: 2.9s
TAMANHO NOVAS COL 1

--- Nova Coluna ---
Veículo: 0
Sequência: [0, 3, 33, 15, 38, 26, 9, 12, 2, 49, 51]
Custo: 297.10
Custo Reduzido: -679607.720279
Clientes atendidos: [2, 3, 9, 12, 15, 26, 33, 38, 49]

Nao adicionou no k 3
[Nó 0] Rodando MIP periódico após 5 colunas...
Set parameter TimeLimit to value 30
Gurobi Optimizer version 13.0.2 build v13.0.2rc1 (win64 - Windows 11+.0 (26200.2))

CPU model: AMD Ryzen 9 9950X3D 16-Core Processor, instruction set [SSE2|AVX|AVX2|AVX512]
Thread count: 16 physical cores, 32 logical processors, using up to 32 threads

Non-default parameters:
TimeLimit  30

Optimize a model with 55 rows, 100 columns and 1157 nonzeros (Min)
Model fingerprint: 0xf9095e57
Model has 100 linear objective coefficients
Variable types: 0 continuous, 100 integer (100 binary)
Coefficient statistics:
  Matrix range     [1e+00, 1e+00]
  Objective range  [5e+01, 1e+06]
  Bounds range     [1e+00, 1e+00]
  RHS range        [1e+00, 1e+00]

Presolve removed 55 rows and 100 columns
Presolve time: 0.03s
Presolve: All rows and columns removed

Explored 0 nodes (0 simplex iterations) in 0.04 seconds (0.00 work units)
Thread count was 1 (of 32 available processors)

Solution count 1: 1.00039e+06 

Optimal solution found (tolerance 1.00e-04)
Best objective 1.000387300000e+06, best bound 1.000387300000e+06, gap 0.0000%
[Nó 0] MIP periódico encontrou solução inteira válida. FO=1000387.300000
[Nó 0] Iter 20 - Obj = 1000387.3000  Colunas = 100 inst= instancias/c108.txt
[Nó 0] inst= instancias/c108.txt Colunas ativas na iteração 20: 
   veic=0 | col=0 | lambda=1.000000 | custo=62.1000 | rota=[0, 43, 42, 41, 40, 44, 46, 48, 45, 50, 49, 47, 51]
   veic=1 | col=0 | lambda=1.000000 | custo=69.8000 | rota=[0, 20, 5, 3, 7, 8, 11, 9, 6, 4, 2, 1, 51]
   veic=2 | col=0 | lambda=1.000000 | custo=54.1000 | rota=[0, 24, 25, 27, 30, 29, 28, 26, 23, 22, 21, 51]
   veic=3 | col=0 | lambda=1.000000 | custo=100.1000 | rota=[0, 33, 32, 31, 35, 38, 37, 39, 36, 34, 51]
   veic=4 | col=0 | lambda=1.000000 | custo=1000101.2000 | rota=[0, 13, 18, 17, 15, 19, 16, 14, 12, 10, 51]
MESMA FO-  Sem melhora 20 Recom 1000387.2999999999 Ultmf 1000387.2999999999  VALOR SUB 0.0
   valor recomposto = 1000387.300000

   valor recomposto = 1000387.300000

--- COBERTURA POR CLIENTE ---
cliente 01 | lambda=1.000000 | slack=0.000000 | y_low=0.000000 | y_up=0.000000 | total_real=1.000000
cliente 02 | lambda=1.000000 | slack=0.000000 | y_low=0.000000 | y_up=0.000000 | total_real=1.000000
cliente 03 | lambda=1.000000 | slack=0.000000 | y_low=0.000000 | y_up=0.000000 | total_real=1.000000
cliente 04 | lambda=1.000000 | slack=0.000000 | y_low=0.000000 | y_up=0.000000 | total_real=1.000000
cliente 05 | lambda=1.000000 | slack=0.000000 | y_low=0.000000 | y_up=0.000000 | total_real=1.000000
cliente 06 | lambda=1.000000 | slack=0.000000 | y_low=0.000000 | y_up=0.000000 | total_real=1.000000
cliente 07 | lambda=1.000000 | slack=0.000000 | y_low=0.000000 | y_up=0.000000 | total_real=1.000000
cliente 08 | lambda=1.000000 | slack=0.000000 | y_low=0.000000 | y_up=0.000000 | total_real=1.000000
cliente 09 | lambda=1.000000 | slack=0.000000 | y_low=0.000000 | y_up=0.000000 | total_real=1.000000
cliente 10 | lambda=1.000000 | slack=0.000000 | y_low=0.000000 | y_up=0.000000 | total_real=1.000000
cliente 11 | lambda=1.000000 | slack=0.000000 | y_low=0.000000 | y_up=0.000000 | total_real=1.000000
cliente 12 | lambda=1.000000 | slack=0.000000 | y_low=0.000000 | y_up=0.000000 | total_real=1.000000
cliente 13 | lambda=1.000000 | slack=0.000000 | y_low=0.000000 | y_up=0.000000 | total_real=1.000000
cliente 14 | lambda=1.000000 | slack=0.000000 | y_low=0.000000 | y_up=0.000000 | total_real=1.000000
cliente 15 | lambda=1.000000 | slack=0.000000 | y_low=0.000000 | y_up=0.000000 | total_real=1.000000
cliente 16 | lambda=1.000000 | slack=0.000000 | y_low=0.000000 | y_up=0.000000 | total_real=1.000000
cliente 17 | lambda=1.000000 | slack=0.000000 | y_low=0.000000 | y_up=0.000000 | total_real=1.000000
cliente 18 | lambda=1.000000 | slack=0.000000 | y_low=0.000000 | y_up=0.000000 | total_real=1.000000
cliente 19 | lambda=1.000000 | slack=0.000000 | y_low=0.000000 | y_up=0.000000 | total_real=1.000000
cliente 20 | lambda=1.000000 | slack=0.000000 | y_low=0.000000 | y_up=0.000000 | total_real=1.000000
cliente 21 | lambda=1.000000 | slack=0.000000 | y_low=0.000000 | y_up=0.000000 | total_real=1.000000
cliente 22 | lambda=1.000000 | slack=0.000000 | y_low=0.000000 | y_up=0.000000 | total_real=1.000000
cliente 23 | lambda=1.000000 | slack=0.000000 | y_low=0.000000 | y_up=0.000000 | total_real=1.000000
cliente 24 | lambda=1.000000 | slack=0.000000 | y_low=0.000000 | y_up=0.000000 | total_real=1.000000
cliente 25 | lambda=1.000000 | slack=0.000000 | y_low=0.000000 | y_up=0.000000 | total_real=1.000000
cliente 26 | lambda=1.000000 | slack=0.000000 | y_low=0.000000 | y_up=0.000000 | total_real=1.000000
cliente 27 | lambda=1.000000 | slack=0.000000 | y_low=0.000000 | y_up=0.000000 | total_real=1.000000
cliente 28 | lambda=1.000000 | slack=0.000000 | y_low=0.000000 | y_up=0.000000 | total_real=1.000000
cliente 29 | lambda=1.000000 | slack=0.000000 | y_low=0.000000 | y_up=0.000000 | total_real=1.000000
cliente 30 | lambda=1.000000 | slack=0.000000 | y_low=0.000000 | y_up=0.000000 | total_real=1.000000
cliente 31 | lambda=1.000000 | slack=0.000000 | y_low=0.000000 | y_up=0.000000 | total_real=1.000000
cliente 32 | lambda=1.000000 | slack=0.000000 | y_low=0.000000 | y_up=0.000000 | total_real=1.000000
cliente 33 | lambda=1.000000 | slack=0.000000 | y_low=0.000000 | y_up=0.000000 | total_real=1.000000
cliente 34 | lambda=1.000000 | slack=0.000000 | y_low=0.000000 | y_up=0.000000 | total_real=1.000000
cliente 35 | lambda=1.000000 | slack=0.000000 | y_low=0.000000 | y_up=0.000000 | total_real=1.000000
cliente 36 | lambda=1.000000 | slack=0.000000 | y_low=0.000000 | y_up=0.000000 | total_real=1.000000
cliente 37 | lambda=1.000000 | slack=0.000000 | y_low=0.000000 | y_up=0.000000 | total_real=1.000000
cliente 38 | lambda=1.000000 | slack=0.000000 | y_low=0.000000 | y_up=0.000000 | total_real=1.000000
cliente 39 | lambda=1.000000 | slack=0.000000 | y_low=0.000000 | y_up=0.000000 | total_real=1.000000
cliente 40 | lambda=1.000000 | slack=0.000000 | y_low=0.000000 | y_up=0.000000 | total_real=1.000000
cliente 41 | lambda=1.000000 | slack=0.000000 | y_low=0.000000 | y_up=0.000000 | total_real=1.000000
cliente 42 | lambda=1.000000 | slack=0.000000 | y_low=0.000000 | y_up=0.000000 | total_real=1.000000
cliente 43 | lambda=1.000000 | slack=0.000000 | y_low=0.000000 | y_up=0.000000 | total_real=1.000000
cliente 44 | lambda=1.000000 | slack=0.000000 | y_low=0.000000 | y_up=0.000000 | total_real=1.000000
cliente 45 | lambda=1.000000 | slack=0.000000 | y_low=0.000000 | y_up=0.000000 | total_real=1.000000
cliente 46 | lambda=1.000000 | slack=0.000000 | y_low=0.000000 | y_up=0.000000 | total_real=1.000000
cliente 47 | lambda=1.000000 | slack=0.000000 | y_low=0.000000 | y_up=0.000000 | total_real=1.000000
cliente 48 | lambda=1.000000 | slack=0.000000 | y_low=0.000000 | y_up=0.000000 | total_real=1.000000
cliente 49 | lambda=1.000000 | slack=0.000000 | y_low=0.000000 | y_up=0.000000 | total_real=1.000000
cliente 50 | lambda=1.000000 | slack=0.000000 | y_low=0.000000 | y_up=0.000000 | total_real=1.000000


================ DUAIS DO MESTRE ================

PI (clientes):
  pi[1] = -260802.147226
  pi[2] = -434509.160999
  pi[3] =  10000.000000
  pi[4] = -314898.619158
  pi[5] =  10000.000000
  pi[6] = -257342.833388
  pi[7] =  10000.000000
  pi[8] =  10000.000000
  pi[9] = -170242.007409
  pi[10] =  10000.000000
  pi[11] =  10000.000000
  pi[12] =  10000.000000
  pi[13] =  10000.000000
  pi[14] = -204032.548629
  pi[15] =  10000.000000
  pi[16] = -243730.819550
  pi[17] =  10000.000000
  pi[18] =  10000.000000
  pi[19] =  10000.000000
  pi[20] =  10000.000000
  pi[21] = -233840.018734
  pi[22] = -406634.168570
  pi[23] =  10000.000000
  pi[24] =  10000.000000
  pi[25] = -320842.856332
  pi[26] = -206474.571965
  pi[27] = -23915.548695
  pi[28] =  10000.000000
  pi[29] =  10000.000000
  pi[30] =  10000.000000
  pi[31] =  10000.000000
  pi[32] =  10000.000000
  pi[33] = -108131.013153
  pi[34] = -285850.505516
  pi[35] =  10000.000000
  pi[36] = -115638.198107
  pi[37] = -139461.542657
  pi[38] = -152535.123270
  pi[39] =  10000.000000
  pi[40] =  10000.000000
  pi[41] = -69809.855973
  pi[42] =  10000.000000
  pi[43] =  10000.000000
  pi[44] =  10000.000000
  pi[45] =  10000.000000
  pi[46] =  10000.000000
  pi[47] = -272301.375914
  pi[48] = -431494.311913
  pi[49] = -335675.591384
  pi[50] = -328521.332996

SIGMA (veículos):
  sigma[0] =  1377864.568179
  sigma[1] =  1377864.568179
  sigma[2] =  1141761.264295
  sigma[3] =  761716.482702
  sigma[4] =  1377864.568179

MU (arcos):
  sem duais de arco
=================================================

TESTA ALLBEST

[ALLBEST GEROU CANDIDATA]
k=0
rc=-791961.526730
custo=207.900000
seq=[0, 13, 8, 31, 27, 30, 39, 36, 23, 21, 47, 51]
Tempo total nessa geracao : 0.1s
Tempo total no NO: 3.0s
TAMANHO NOVAS COL 1

--- Nova Coluna ---
Veículo: 0
Sequência: [0, 13, 8, 31, 27, 30, 39, 36, 23, 21, 47, 51]
Custo: 207.90
Custo Reduzido: -791961.526730
Clientes atendidos: [8, 13, 21, 23, 27, 30, 31, 36, 39, 47]

[Nó 0] Iter 21 - Obj = 1000387.3000  Colunas = 103 inst= instancias/c108.txt
[Nó 0] inst= instancias/c108.txt Colunas ativas na iteração 21: 
   veic=0 | col=0 | lambda=1.000000 | custo=62.1000 | rota=[0, 43, 42, 41, 40, 44, 46, 48, 45, 50, 49, 47, 51]
   veic=1 | col=0 | lambda=1.000000 | custo=69.8000 | rota=[0, 20, 5, 3, 7, 8, 11, 9, 6, 4, 2, 1, 51]
   veic=2 | col=0 | lambda=1.000000 | custo=54.1000 | rota=[0, 24, 25, 27, 30, 29, 28, 26, 23, 22, 21, 51]
   veic=3 | col=0 | lambda=1.000000 | custo=100.1000 | rota=[0, 33, 32, 31, 35, 38, 37, 39, 36, 34, 51]
   veic=4 | col=0 | lambda=1.000000 | custo=1000101.2000 | rota=[0, 13, 18, 17, 15, 19, 16, 14, 12, 10, 51]
MESMA FO-  Sem melhora 21 Recom 1000387.2999999999 Ultmf 1000387.2999999999  VALOR SUB 0.0
   valor recomposto = 1000387.300000

   valor recomposto = 1000387.300000

--- COBERTURA POR CLIENTE ---
cliente 01 | lambda=1.000000 | slack=0.000000 | y_low=0.000000 | y_up=0.000000 | total_real=1.000000
cliente 02 | lambda=1.000000 | slack=0.000000 | y_low=0.000000 | y_up=0.000000 | total_real=1.000000
cliente 03 | lambda=1.000000 | slack=0.000000 | y_low=0.000000 | y_up=0.000000 | total_real=1.000000
cliente 04 | lambda=1.000000 | slack=0.000000 | y_low=0.000000 | y_up=0.000000 | total_real=1.000000
cliente 05 | lambda=1.000000 | slack=0.000000 | y_low=0.000000 | y_up=0.000000 | total_real=1.000000
cliente 06 | lambda=1.000000 | slack=0.000000 | y_low=0.000000 | y_up=0.000000 | total_real=1.000000
cliente 07 | lambda=1.000000 | slack=0.000000 | y_low=0.000000 | y_up=0.000000 | total_real=1.000000
cliente 08 | lambda=1.000000 | slack=0.000000 | y_low=0.000000 | y_up=0.000000 | total_real=1.000000
cliente 09 | lambda=1.000000 | slack=0.000000 | y_low=0.000000 | y_up=0.000000 | total_real=1.000000
cliente 10 | lambda=1.000000 | slack=0.000000 | y_low=0.000000 | y_up=0.000000 | total_real=1.000000
cliente 11 | lambda=1.000000 | slack=0.000000 | y_low=0.000000 | y_up=0.000000 | total_real=1.000000
cliente 12 | lambda=1.000000 | slack=0.000000 | y_low=0.000000 | y_up=0.000000 | total_real=1.000000
cliente 13 | lambda=1.000000 | slack=0.000000 | y_low=0.000000 | y_up=0.000000 | total_real=1.000000
cliente 14 | lambda=1.000000 | slack=0.000000 | y_low=0.000000 | y_up=0.000000 | total_real=1.000000
cliente 15 | lambda=1.000000 | slack=0.000000 | y_low=0.000000 | y_up=0.000000 | total_real=1.000000
cliente 16 | lambda=1.000000 | slack=0.000000 | y_low=0.000000 | y_up=0.000000 | total_real=1.000000
cliente 17 | lambda=1.000000 | slack=0.000000 | y_low=0.000000 | y_up=0.000000 | total_real=1.000000
cliente 18 | lambda=1.000000 | slack=0.000000 | y_low=0.000000 | y_up=0.000000 | total_real=1.000000
cliente 19 | lambda=1.000000 | slack=0.000000 | y_low=0.000000 | y_up=0.000000 | total_real=1.000000
cliente 20 | lambda=1.000000 | slack=0.000000 | y_low=0.000000 | y_up=0.000000 | total_real=1.000000
cliente 21 | lambda=1.000000 | slack=0.000000 | y_low=0.000000 | y_up=0.000000 | total_real=1.000000
cliente 22 | lambda=1.000000 | slack=0.000000 | y_low=0.000000 | y_up=0.000000 | total_real=1.000000
cliente 23 | lambda=1.000000 | slack=0.000000 | y_low=0.000000 | y_up=0.000000 | total_real=1.000000
cliente 24 | lambda=1.000000 | slack=0.000000 | y_low=0.000000 | y_up=0.000000 | total_real=1.000000
cliente 25 | lambda=1.000000 | slack=0.000000 | y_low=0.000000 | y_up=0.000000 | total_real=1.000000
cliente 26 | lambda=1.000000 | slack=0.000000 | y_low=0.000000 | y_up=0.000000 | total_real=1.000000
cliente 27 | lambda=1.000000 | slack=0.000000 | y_low=0.000000 | y_up=0.000000 | total_real=1.000000
cliente 28 | lambda=1.000000 | slack=0.000000 | y_low=0.000000 | y_up=0.000000 | total_real=1.000000
cliente 29 | lambda=1.000000 | slack=0.000000 | y_low=0.000000 | y_up=0.000000 | total_real=1.000000
cliente 30 | lambda=1.000000 | slack=0.000000 | y_low=0.000000 | y_up=0.000000 | total_real=1.000000
cliente 31 | lambda=1.000000 | slack=0.000000 | y_low=0.000000 | y_up=0.000000 | total_real=1.000000
cliente 32 | lambda=1.000000 | slack=0.000000 | y_low=0.000000 | y_up=0.000000 | total_real=1.000000
cliente 33 | lambda=1.000000 | slack=0.000000 | y_low=0.000000 | y_up=0.000000 | total_real=1.000000
cliente 34 | lambda=1.000000 | slack=0.000000 | y_low=0.000000 | y_up=0.000000 | total_real=1.000000
cliente 35 | lambda=1.000000 | slack=0.000000 | y_low=0.000000 | y_up=0.000000 | total_real=1.000000
cliente 36 | lambda=1.000000 | slack=0.000000 | y_low=0.000000 | y_up=0.000000 | total_real=1.000000
cliente 37 | lambda=1.000000 | slack=0.000000 | y_low=0.000000 | y_up=0.000000 | total_real=1.000000
cliente 38 | lambda=1.000000 | slack=0.000000 | y_low=0.000000 | y_up=0.000000 | total_real=1.000000
cliente 39 | lambda=1.000000 | slack=0.000000 | y_low=0.000000 | y_up=0.000000 | total_real=1.000000
cliente 40 | lambda=1.000000 | slack=0.000000 | y_low=0.000000 | y_up=0.000000 | total_real=1.000000
cliente 41 | lambda=1.000000 | slack=0.000000 | y_low=0.000000 | y_up=0.000000 | total_real=1.000000
cliente 42 | lambda=1.000000 | slack=0.000000 | y_low=0.000000 | y_up=0.000000 | total_real=1.000000
cliente 43 | lambda=1.000000 | slack=0.000000 | y_low=0.000000 | y_up=0.000000 | total_real=1.000000
cliente 44 | lambda=1.000000 | slack=0.000000 | y_low=0.000000 | y_up=0.000000 | total_real=1.000000
cliente 45 | lambda=1.000000 | slack=0.000000 | y_low=0.000000 | y_up=0.000000 | total_real=1.000000
cliente 46 | lambda=1.000000 | slack=0.000000 | y_low=0.000000 | y_up=0.000000 | total_real=1.000000
cliente 47 | lambda=1.000000 | slack=0.000000 | y_low=0.000000 | y_up=0.000000 | total_real=1.000000
cliente 48 | lambda=1.000000 | slack=0.000000 | y_low=0.000000 | y_up=0.000000 | total_real=1.000000
cliente 49 | lambda=1.000000 | slack=0.000000 | y_low=0.000000 | y_up=0.000000 | total_real=1.000000
cliente 50 | lambda=1.000000 | slack=0.000000 | y_low=0.000000 | y_up=0.000000 | total_real=1.000000


================ DUAIS DO MESTRE ================

PI (clientes):
  pi[1] = -178190.788335
  pi[2] = -530700.711118
  pi[3] = -66467.062466
  pi[4] = -104513.366393
  pi[5] =  10000.000000
  pi[6] = -207281.078390
  pi[7] =  10000.000000
  pi[8] =  10000.000000
  pi[9] = -62879.073212
  pi[10] =  10000.000000
  pi[11] =  10000.000000
  pi[12] =  10000.000000
  pi[13] =  10000.000000
  pi[14] =  2339.764342
  pi[15] =  10000.000000
  pi[16] = -186364.533509
  pi[17] =  10000.000000
  pi[18] =  10000.000000
  pi[19] =  10000.000000
  pi[20] = -4024.089254
  pi[21] = -464590.493533
  pi[22] = -233471.563072
  pi[23] =  10000.000000
  pi[24] = -15830.045682
  pi[25] = -156078.759574
  pi[26] =  10000.000000
  pi[27] =  10000.000000
  pi[28] =  10000.000000
  pi[29] =  10000.000000
  pi[30] = -294101.007308
  pi[31] =  10000.000000
  pi[32] =  10000.000000
  pi[33] = -245673.588199
  pi[34] = -181794.669891
  pi[35] =  10000.000000
  pi[36] = -107139.340250
  pi[37] = -206340.468660
  pi[38] = -32419.073212
  pi[39] =  10000.000000
  pi[40] =  10000.000000
  pi[41] = -402317.053654
  pi[42] =  10000.000000
  pi[43] =  10000.000000
  pi[44] =  10000.000000
  pi[45] =  10000.000000
  pi[46] =  10000.000000
  pi[47] = -308087.228077
  pi[48] = -146553.704455
  pi[49] = -205689.360961
  pi[50] = -111416.522020

SIGMA (veículos):
  sigma[0] =  1114125.969168
  sigma[1] =  1114125.969168
  sigma[2] =  1114125.969168
  sigma[3] =  733467.240211
  sigma[4] =  1114125.969168

MU (arcos):
  sem duais de arco
=================================================

TESTA ALLBEST

[ALLBEST GEROU CANDIDATA]
k=0
rc=-664377.297479
custo=204.800000
seq=[0, 5, 19, 18, 44, 38, 36, 34, 23, 1, 51]
Tempo total nessa geracao : 0.1s
Tempo total no NO: 3.1s
TAMANHO NOVAS COL 1

--- Nova Coluna ---
Veículo: 0
Sequência: [0, 5, 19, 18, 44, 38, 36, 34, 23, 1, 51]
Custo: 204.80
Custo Reduzido: -664377.297479
Clientes atendidos: [1, 5, 18, 19, 23, 34, 36, 38, 44]

[Nó 0] Iter 22 - Obj = 1000387.3000  Colunas = 105 inst= instancias/c108.txt
[Nó 0] inst= instancias/c108.txt Colunas ativas na iteração 22: 
   veic=0 | col=0 | lambda=1.000000 | custo=62.1000 | rota=[0, 43, 42, 41, 40, 44, 46, 48, 45, 50, 49, 47, 51]
   veic=1 | col=0 | lambda=1.000000 | custo=69.8000 | rota=[0, 20, 5, 3, 7, 8, 11, 9, 6, 4, 2, 1, 51]
   veic=2 | col=0 | lambda=1.000000 | custo=54.1000 | rota=[0, 24, 25, 27, 30, 29, 28, 26, 23, 22, 21, 51]
   veic=3 | col=0 | lambda=1.000000 | custo=100.1000 | rota=[0, 33, 32, 31, 35, 38, 37, 39, 36, 34, 51]
   veic=4 | col=0 | lambda=1.000000 | custo=1000101.2000 | rota=[0, 13, 18, 17, 15, 19, 16, 14, 12, 10, 51]
MESMA FO-  Sem melhora 22 Recom 1000387.2999999999 Ultmf 1000387.2999999999  VALOR SUB 0.0
   valor recomposto = 1000387.300000

   valor recomposto = 1000387.300000

--- COBERTURA POR CLIENTE ---
cliente 01 | lambda=1.000000 | slack=0.000000 | y_low=0.000000 | y_up=0.000000 | total_real=1.000000
cliente 02 | lambda=1.000000 | slack=0.000000 | y_low=0.000000 | y_up=0.000000 | total_real=1.000000
cliente 03 | lambda=1.000000 | slack=0.000000 | y_low=0.000000 | y_up=0.000000 | total_real=1.000000
cliente 04 | lambda=1.000000 | slack=0.000000 | y_low=0.000000 | y_up=0.000000 | total_real=1.000000
cliente 05 | lambda=1.000000 | slack=0.000000 | y_low=0.000000 | y_up=0.000000 | total_real=1.000000
cliente 06 | lambda=1.000000 | slack=0.000000 | y_low=0.000000 | y_up=0.000000 | total_real=1.000000
cliente 07 | lambda=1.000000 | slack=0.000000 | y_low=0.000000 | y_up=0.000000 | total_real=1.000000
cliente 08 | lambda=1.000000 | slack=0.000000 | y_low=0.000000 | y_up=0.000000 | total_real=1.000000
cliente 09 | lambda=1.000000 | slack=0.000000 | y_low=0.000000 | y_up=0.000000 | total_real=1.000000
cliente 10 | lambda=1.000000 | slack=0.000000 | y_low=0.000000 | y_up=0.000000 | total_real=1.000000
cliente 11 | lambda=1.000000 | slack=0.000000 | y_low=0.000000 | y_up=0.000000 | total_real=1.000000
cliente 12 | lambda=1.000000 | slack=0.000000 | y_low=0.000000 | y_up=0.000000 | total_real=1.000000
cliente 13 | lambda=1.000000 | slack=0.000000 | y_low=0.000000 | y_up=0.000000 | total_real=1.000000
cliente 14 | lambda=1.000000 | slack=0.000000 | y_low=0.000000 | y_up=0.000000 | total_real=1.000000
cliente 15 | lambda=1.000000 | slack=0.000000 | y_low=0.000000 | y_up=0.000000 | total_real=1.000000
cliente 16 | lambda=1.000000 | slack=0.000000 | y_low=0.000000 | y_up=0.000000 | total_real=1.000000
cliente 17 | lambda=1.000000 | slack=0.000000 | y_low=0.000000 | y_up=0.000000 | total_real=1.000000
cliente 18 | lambda=1.000000 | slack=0.000000 | y_low=0.000000 | y_up=0.000000 | total_real=1.000000
cliente 19 | lambda=1.000000 | slack=0.000000 | y_low=0.000000 | y_up=0.000000 | total_real=1.000000
cliente 20 | lambda=1.000000 | slack=0.000000 | y_low=0.000000 | y_up=0.000000 | total_real=1.000000
cliente 21 | lambda=1.000000 | slack=0.000000 | y_low=0.000000 | y_up=0.000000 | total_real=1.000000
cliente 22 | lambda=1.000000 | slack=0.000000 | y_low=0.000000 | y_up=0.000000 | total_real=1.000000
cliente 23 | lambda=1.000000 | slack=0.000000 | y_low=0.000000 | y_up=0.000000 | total_real=1.000000
cliente 24 | lambda=1.000000 | slack=0.000000 | y_low=0.000000 | y_up=0.000000 | total_real=1.000000
cliente 25 | lambda=1.000000 | slack=0.000000 | y_low=0.000000 | y_up=0.000000 | total_real=1.000000
cliente 26 | lambda=1.000000 | slack=0.000000 | y_low=0.000000 | y_up=0.000000 | total_real=1.000000
cliente 27 | lambda=1.000000 | slack=0.000000 | y_low=0.000000 | y_up=0.000000 | total_real=1.000000
cliente 28 | lambda=1.000000 | slack=0.000000 | y_low=0.000000 | y_up=0.000000 | total_real=1.000000
cliente 29 | lambda=1.000000 | slack=0.000000 | y_low=0.000000 | y_up=0.000000 | total_real=1.000000
cliente 30 | lambda=1.000000 | slack=0.000000 | y_low=0.000000 | y_up=0.000000 | total_real=1.000000
cliente 31 | lambda=1.000000 | slack=0.000000 | y_low=0.000000 | y_up=0.000000 | total_real=1.000000
cliente 32 | lambda=1.000000 | slack=0.000000 | y_low=0.000000 | y_up=0.000000 | total_real=1.000000
cliente 33 | lambda=1.000000 | slack=0.000000 | y_low=0.000000 | y_up=0.000000 | total_real=1.000000
cliente 34 | lambda=1.000000 | slack=0.000000 | y_low=0.000000 | y_up=0.000000 | total_real=1.000000
cliente 35 | lambda=1.000000 | slack=0.000000 | y_low=0.000000 | y_up=0.000000 | total_real=1.000000
cliente 36 | lambda=1.000000 | slack=0.000000 | y_low=0.000000 | y_up=0.000000 | total_real=1.000000
cliente 37 | lambda=1.000000 | slack=0.000000 | y_low=0.000000 | y_up=0.000000 | total_real=1.000000
cliente 38 | lambda=1.000000 | slack=0.000000 | y_low=0.000000 | y_up=0.000000 | total_real=1.000000
cliente 39 | lambda=1.000000 | slack=0.000000 | y_low=0.000000 | y_up=0.000000 | total_real=1.000000
cliente 40 | lambda=1.000000 | slack=0.000000 | y_low=0.000000 | y_up=0.000000 | total_real=1.000000
cliente 41 | lambda=1.000000 | slack=0.000000 | y_low=0.000000 | y_up=0.000000 | total_real=1.000000
cliente 42 | lambda=1.000000 | slack=0.000000 | y_low=0.000000 | y_up=0.000000 | total_real=1.000000
cliente 43 | lambda=1.000000 | slack=0.000000 | y_low=0.000000 | y_up=0.000000 | total_real=1.000000
cliente 44 | lambda=1.000000 | slack=0.000000 | y_low=0.000000 | y_up=0.000000 | total_real=1.000000
cliente 45 | lambda=1.000000 | slack=0.000000 | y_low=0.000000 | y_up=0.000000 | total_real=1.000000
cliente 46 | lambda=1.000000 | slack=0.000000 | y_low=0.000000 | y_up=0.000000 | total_real=1.000000
cliente 47 | lambda=1.000000 | slack=0.000000 | y_low=0.000000 | y_up=0.000000 | total_real=1.000000
cliente 48 | lambda=1.000000 | slack=0.000000 | y_low=0.000000 | y_up=0.000000 | total_real=1.000000
cliente 49 | lambda=1.000000 | slack=0.000000 | y_low=0.000000 | y_up=0.000000 | total_real=1.000000
cliente 50 | lambda=1.000000 | slack=0.000000 | y_low=0.000000 | y_up=0.000000 | total_real=1.000000


================ DUAIS DO MESTRE ================

PI (clientes):
  pi[1] = -337809.144678
  pi[2] = -384065.991856
  pi[3] = -222314.997213
  pi[4] = -23224.359471
  pi[5] =  10000.000000
  pi[6] = -270489.689209
  pi[7] =  10000.000000
  pi[8] =  10000.000000
  pi[9] =  10000.000000
  pi[10] =  8324.210552
  pi[11] =  10000.000000
  pi[12] =  10000.000000
  pi[13] =  10000.000000
  pi[14] =  10000.000000
  pi[15] =  10000.000000
  pi[16] = -258862.007463
  pi[17] =  10000.000000
  pi[18] =  10000.000000
  pi[19] =  10000.000000
  pi[20] =  7334.985517
  pi[21] = -423816.368401
  pi[22] = -284888.272725
  pi[23] =  10000.000000
  pi[24] = -110189.481213
  pi[25] = -14855.334976
  pi[26] =  10000.000000
  pi[27] =  10000.000000
  pi[28] = -147787.660138
  pi[29] =  10000.000000
  pi[30] = -239047.779458
  pi[31] =  10000.000000
  pi[32] =  10000.000000
  pi[33] = -299216.429226
  pi[34] = -190096.829290
  pi[35] =  10000.000000
  pi[36] = -291914.206662
  pi[37] =  10000.000000
  pi[38] = -201301.872178
  pi[39] =  10000.000000
  pi[40] =  10000.000000
  pi[41] = -229883.900583
  pi[42] = -19235.519833
  pi[43] =  10000.000000
  pi[44] = -199312.144103
  pi[45] =  10000.000000
  pi[46] =  10000.000000
  pi[47] = -285652.742390
  pi[48] = -340852.256831
  pi[49] = -113442.606438
  pi[50] = -32197.726734

SIGMA (veículos):
  sigma[0] =  1180638.996911
  sigma[1] =  1180638.996911
  sigma[2] =  1180638.996911
  sigma[3] =  932629.437356
  sigma[4] =  1180638.996911

MU (arcos):
  sem duais de arco
=================================================

TESTA ALLBEST

[ALLBEST GEROU CANDIDATA]
k=0
rc=-829126.021349
custo=219.900000
seq=[0, 17, 32, 31, 11, 15, 14, 12, 26, 50, 49, 47, 51]
Tempo total nessa geracao : 0.1s
Tempo total no NO: 3.3s
TAMANHO NOVAS COL 1

--- Nova Coluna ---
Veículo: 0
Sequência: [0, 17, 32, 31, 11, 15, 14, 12, 26, 50, 49, 47, 51]
Custo: 219.90
Custo Reduzido: -829126.021349
Clientes atendidos: [11, 12, 14, 15, 17, 26, 31, 32, 47, 49, 50]

[Nó 0] Iter 23 - Obj = 1000387.3000  Colunas = 107 inst= instancias/c108.txt
[Nó 0] inst= instancias/c108.txt Colunas ativas na iteração 23: 
   veic=0 | col=0 | lambda=1.000000 | custo=62.1000 | rota=[0, 43, 42, 41, 40, 44, 46, 48, 45, 50, 49, 47, 51]
   veic=1 | col=0 | lambda=1.000000 | custo=69.8000 | rota=[0, 20, 5, 3, 7, 8, 11, 9, 6, 4, 2, 1, 51]
   veic=2 | col=0 | lambda=1.000000 | custo=54.1000 | rota=[0, 24, 25, 27, 30, 29, 28, 26, 23, 22, 21, 51]
   veic=3 | col=0 | lambda=1.000000 | custo=100.1000 | rota=[0, 33, 32, 31, 35, 38, 37, 39, 36, 34, 51]
   veic=4 | col=0 | lambda=1.000000 | custo=1000101.2000 | rota=[0, 13, 18, 17, 15, 19, 16, 14, 12, 10, 51]
MESMA FO-  Sem melhora 23 Recom 1000387.2999999999 Ultmf 1000387.2999999999  VALOR SUB 0.0
   valor recomposto = 1000387.300000

   valor recomposto = 1000387.300000

--- COBERTURA POR CLIENTE ---
cliente 01 | lambda=1.000000 | slack=0.000000 | y_low=0.000000 | y_up=0.000000 | total_real=1.000000
cliente 02 | lambda=1.000000 | slack=0.000000 | y_low=0.000000 | y_up=0.000000 | total_real=1.000000
cliente 03 | lambda=1.000000 | slack=0.000000 | y_low=0.000000 | y_up=0.000000 | total_real=1.000000
cliente 04 | lambda=1.000000 | slack=0.000000 | y_low=0.000000 | y_up=0.000000 | total_real=1.000000
cliente 05 | lambda=1.000000 | slack=0.000000 | y_low=0.000000 | y_up=0.000000 | total_real=1.000000
cliente 06 | lambda=1.000000 | slack=0.000000 | y_low=0.000000 | y_up=0.000000 | total_real=1.000000
cliente 07 | lambda=1.000000 | slack=0.000000 | y_low=0.000000 | y_up=0.000000 | total_real=1.000000
cliente 08 | lambda=1.000000 | slack=0.000000 | y_low=0.000000 | y_up=0.000000 | total_real=1.000000
cliente 09 | lambda=1.000000 | slack=0.000000 | y_low=0.000000 | y_up=0.000000 | total_real=1.000000
cliente 10 | lambda=1.000000 | slack=0.000000 | y_low=0.000000 | y_up=0.000000 | total_real=1.000000
cliente 11 | lambda=1.000000 | slack=0.000000 | y_low=0.000000 | y_up=0.000000 | total_real=1.000000
cliente 12 | lambda=1.000000 | slack=0.000000 | y_low=0.000000 | y_up=0.000000 | total_real=1.000000
cliente 13 | lambda=1.000000 | slack=0.000000 | y_low=0.000000 | y_up=0.000000 | total_real=1.000000
cliente 14 | lambda=1.000000 | slack=0.000000 | y_low=0.000000 | y_up=0.000000 | total_real=1.000000
cliente 15 | lambda=1.000000 | slack=0.000000 | y_low=0.000000 | y_up=0.000000 | total_real=1.000000
cliente 16 | lambda=1.000000 | slack=0.000000 | y_low=0.000000 | y_up=0.000000 | total_real=1.000000
cliente 17 | lambda=1.000000 | slack=0.000000 | y_low=0.000000 | y_up=0.000000 | total_real=1.000000
cliente 18 | lambda=1.000000 | slack=0.000000 | y_low=0.000000 | y_up=0.000000 | total_real=1.000000
cliente 19 | lambda=1.000000 | slack=0.000000 | y_low=0.000000 | y_up=0.000000 | total_real=1.000000
cliente 20 | lambda=1.000000 | slack=0.000000 | y_low=0.000000 | y_up=0.000000 | total_real=1.000000
cliente 21 | lambda=1.000000 | slack=0.000000 | y_low=0.000000 | y_up=0.000000 | total_real=1.000000
cliente 22 | lambda=1.000000 | slack=0.000000 | y_low=0.000000 | y_up=0.000000 | total_real=1.000000
cliente 23 | lambda=1.000000 | slack=0.000000 | y_low=0.000000 | y_up=0.000000 | total_real=1.000000
cliente 24 | lambda=1.000000 | slack=0.000000 | y_low=0.000000 | y_up=0.000000 | total_real=1.000000
cliente 25 | lambda=1.000000 | slack=0.000000 | y_low=0.000000 | y_up=0.000000 | total_real=1.000000
cliente 26 | lambda=1.000000 | slack=0.000000 | y_low=0.000000 | y_up=0.000000 | total_real=1.000000
cliente 27 | lambda=1.000000 | slack=0.000000 | y_low=0.000000 | y_up=0.000000 | total_real=1.000000
cliente 28 | lambda=1.000000 | slack=0.000000 | y_low=0.000000 | y_up=0.000000 | total_real=1.000000
cliente 29 | lambda=1.000000 | slack=0.000000 | y_low=0.000000 | y_up=0.000000 | total_real=1.000000
cliente 30 | lambda=1.000000 | slack=0.000000 | y_low=0.000000 | y_up=0.000000 | total_real=1.000000
cliente 31 | lambda=1.000000 | slack=0.000000 | y_low=0.000000 | y_up=0.000000 | total_real=1.000000
cliente 32 | lambda=1.000000 | slack=0.000000 | y_low=0.000000 | y_up=0.000000 | total_real=1.000000
cliente 33 | lambda=1.000000 | slack=0.000000 | y_low=0.000000 | y_up=0.000000 | total_real=1.000000
cliente 34 | lambda=1.000000 | slack=0.000000 | y_low=0.000000 | y_up=0.000000 | total_real=1.000000
cliente 35 | lambda=1.000000 | slack=0.000000 | y_low=0.000000 | y_up=0.000000 | total_real=1.000000
cliente 36 | lambda=1.000000 | slack=0.000000 | y_low=0.000000 | y_up=0.000000 | total_real=1.000000
cliente 37 | lambda=1.000000 | slack=0.000000 | y_low=0.000000 | y_up=0.000000 | total_real=1.000000
cliente 38 | lambda=1.000000 | slack=0.000000 | y_low=0.000000 | y_up=0.000000 | total_real=1.000000
cliente 39 | lambda=1.000000 | slack=0.000000 | y_low=0.000000 | y_up=0.000000 | total_real=1.000000
cliente 40 | lambda=1.000000 | slack=0.000000 | y_low=0.000000 | y_up=0.000000 | total_real=1.000000
cliente 41 | lambda=1.000000 | slack=0.000000 | y_low=0.000000 | y_up=0.000000 | total_real=1.000000
cliente 42 | lambda=1.000000 | slack=0.000000 | y_low=0.000000 | y_up=0.000000 | total_real=1.000000
cliente 43 | lambda=1.000000 | slack=0.000000 | y_low=0.000000 | y_up=0.000000 | total_real=1.000000
cliente 44 | lambda=1.000000 | slack=0.000000 | y_low=0.000000 | y_up=0.000000 | total_real=1.000000
cliente 45 | lambda=1.000000 | slack=0.000000 | y_low=0.000000 | y_up=0.000000 | total_real=1.000000
cliente 46 | lambda=1.000000 | slack=0.000000 | y_low=0.000000 | y_up=0.000000 | total_real=1.000000
cliente 47 | lambda=1.000000 | slack=0.000000 | y_low=0.000000 | y_up=0.000000 | total_real=1.000000
cliente 48 | lambda=1.000000 | slack=0.000000 | y_low=0.000000 | y_up=0.000000 | total_real=1.000000
cliente 49 | lambda=1.000000 | slack=0.000000 | y_low=0.000000 | y_up=0.000000 | total_real=1.000000
cliente 50 | lambda=1.000000 | slack=0.000000 | y_low=0.000000 | y_up=0.000000 | total_real=1.000000


================ DUAIS DO MESTRE ================

PI (clientes):
  pi[1] = -487804.964862
  pi[2] = -362202.249473
  pi[3] = -95315.338844
  pi[4] =  10000.000000
  pi[5] =  10000.000000
  pi[6] = -122917.783596
  pi[7] =  10000.000000
  pi[8] = -31635.036973
  pi[9] =  10000.000000
  pi[10] =  10000.000000
  pi[11] = -219996.105721
  pi[12] = -80458.067088
  pi[13] =  10000.000000
  pi[14] = -135876.003471
  pi[15] =  10000.000000
  pi[16] = -231821.768385
  pi[17] =  10000.000000
  pi[18] =  10000.000000
  pi[19] =  10000.000000
  pi[20] = -108315.759476
  pi[21] = -344055.827423
  pi[22] = -171730.495965
  pi[23] =  10000.000000
  pi[24] =  10000.000000
  pi[25] = -103873.219467
  pi[26] = -107550.816416
  pi[27] =  10000.000000
  pi[28] = -383062.703317
  pi[29] =  10000.000000
  pi[30] = -317929.876358
  pi[31] =  10000.000000
  pi[32] =  10000.000000
  pi[33] =  10000.000000
  pi[34] = -173983.909633
  pi[35] =  10000.000000
  pi[36] = -300170.995510
  pi[37] =  10000.000000
  pi[38] = -346157.638478
  pi[39] =  10000.000000
  pi[40] =  10000.000000
  pi[41] =  10000.000000
  pi[42] =  10000.000000
  pi[43] =  10000.000000
  pi[44] = -119934.730462
  pi[45] =  10000.000000
  pi[46] =  10000.000000
  pi[47] = -444257.402682
  pi[48] = -444104.062235
  pi[49] = -426275.828645
  pi[50] = -13622.914922

SIGMA (veículos):
  sigma[0] =  1388257.038945
  sigma[1] =  1388257.038945
  sigma[2] =  1388257.038945
  sigma[3] =  760412.643621
  sigma[4] =  1388257.038945

MU (arcos):
  sem duais de arco
=================================================

TESTA ALLBEST

[ALLBEST GEROU CANDIDATA]
k=2
rc=-435533.819824
custo=203.000000
seq=[0, 43, 42, 31, 46, 29, 12, 4, 23, 22, 21, 49, 51]
Tempo total nessa geracao : 0.1s
Tempo total no NO: 3.5s
TAMANHO NOVAS COL 1

--- Nova Coluna ---
Veículo: 2
Sequência: [0, 43, 42, 31, 46, 29, 12, 4, 23, 22, 21, 49, 51]
Custo: 203.00
Custo Reduzido: -435533.819824
Clientes atendidos: [4, 12, 21, 22, 23, 29, 31, 42, 43, 46, 49]

Nao adicionou no k 3
[Nó 0] Iter 24 - Obj = 1000387.3000  Colunas = 111 inst= instancias/c108.txt
[Nó 0] inst= instancias/c108.txt Colunas ativas na iteração 24: 
   veic=0 | col=0 | lambda=1.000000 | custo=62.1000 | rota=[0, 43, 42, 41, 40, 44, 46, 48, 45, 50, 49, 47, 51]
   veic=1 | col=0 | lambda=1.000000 | custo=69.8000 | rota=[0, 20, 5, 3, 7, 8, 11, 9, 6, 4, 2, 1, 51]
   veic=2 | col=0 | lambda=1.000000 | custo=54.1000 | rota=[0, 24, 25, 27, 30, 29, 28, 26, 23, 22, 21, 51]
   veic=3 | col=0 | lambda=1.000000 | custo=100.1000 | rota=[0, 33, 32, 31, 35, 38, 37, 39, 36, 34, 51]
   veic=4 | col=0 | lambda=1.000000 | custo=1000101.2000 | rota=[0, 13, 18, 17, 15, 19, 16, 14, 12, 10, 51]
MESMA FO-  Sem melhora 24 Recom 1000387.2999999999 Ultmf 1000387.2999999999  VALOR SUB 0.0
   valor recomposto = 1000387.300000

   valor recomposto = 1000387.300000

--- COBERTURA POR CLIENTE ---
cliente 01 | lambda=1.000000 | slack=0.000000 | y_low=0.000000 | y_up=0.000000 | total_real=1.000000
cliente 02 | lambda=1.000000 | slack=0.000000 | y_low=0.000000 | y_up=0.000000 | total_real=1.000000
cliente 03 | lambda=1.000000 | slack=0.000000 | y_low=0.000000 | y_up=0.000000 | total_real=1.000000
cliente 04 | lambda=1.000000 | slack=0.000000 | y_low=0.000000 | y_up=0.000000 | total_real=1.000000
cliente 05 | lambda=1.000000 | slack=0.000000 | y_low=0.000000 | y_up=0.000000 | total_real=1.000000
cliente 06 | lambda=1.000000 | slack=0.000000 | y_low=0.000000 | y_up=0.000000 | total_real=1.000000
cliente 07 | lambda=1.000000 | slack=0.000000 | y_low=0.000000 | y_up=0.000000 | total_real=1.000000
cliente 08 | lambda=1.000000 | slack=0.000000 | y_low=0.000000 | y_up=0.000000 | total_real=1.000000
cliente 09 | lambda=1.000000 | slack=0.000000 | y_low=0.000000 | y_up=0.000000 | total_real=1.000000
cliente 10 | lambda=1.000000 | slack=0.000000 | y_low=0.000000 | y_up=0.000000 | total_real=1.000000
cliente 11 | lambda=1.000000 | slack=0.000000 | y_low=0.000000 | y_up=0.000000 | total_real=1.000000
cliente 12 | lambda=1.000000 | slack=0.000000 | y_low=0.000000 | y_up=0.000000 | total_real=1.000000
cliente 13 | lambda=1.000000 | slack=0.000000 | y_low=0.000000 | y_up=0.000000 | total_real=1.000000
cliente 14 | lambda=1.000000 | slack=0.000000 | y_low=0.000000 | y_up=0.000000 | total_real=1.000000
cliente 15 | lambda=1.000000 | slack=0.000000 | y_low=0.000000 | y_up=0.000000 | total_real=1.000000
cliente 16 | lambda=1.000000 | slack=0.000000 | y_low=0.000000 | y_up=0.000000 | total_real=1.000000
cliente 17 | lambda=1.000000 | slack=0.000000 | y_low=0.000000 | y_up=0.000000 | total_real=1.000000
cliente 18 | lambda=1.000000 | slack=0.000000 | y_low=0.000000 | y_up=0.000000 | total_real=1.000000
cliente 19 | lambda=1.000000 | slack=0.000000 | y_low=0.000000 | y_up=0.000000 | total_real=1.000000
cliente 20 | lambda=1.000000 | slack=0.000000 | y_low=0.000000 | y_up=0.000000 | total_real=1.000000
cliente 21 | lambda=1.000000 | slack=0.000000 | y_low=0.000000 | y_up=0.000000 | total_real=1.000000
cliente 22 | lambda=1.000000 | slack=0.000000 | y_low=0.000000 | y_up=0.000000 | total_real=1.000000
cliente 23 | lambda=1.000000 | slack=0.000000 | y_low=0.000000 | y_up=0.000000 | total_real=1.000000
cliente 24 | lambda=1.000000 | slack=0.000000 | y_low=0.000000 | y_up=0.000000 | total_real=1.000000
cliente 25 | lambda=1.000000 | slack=0.000000 | y_low=0.000000 | y_up=0.000000 | total_real=1.000000
cliente 26 | lambda=1.000000 | slack=0.000000 | y_low=0.000000 | y_up=0.000000 | total_real=1.000000
cliente 27 | lambda=1.000000 | slack=0.000000 | y_low=0.000000 | y_up=0.000000 | total_real=1.000000
cliente 28 | lambda=1.000000 | slack=0.000000 | y_low=0.000000 | y_up=0.000000 | total_real=1.000000
cliente 29 | lambda=1.000000 | slack=0.000000 | y_low=0.000000 | y_up=0.000000 | total_real=1.000000
cliente 30 | lambda=1.000000 | slack=0.000000 | y_low=0.000000 | y_up=0.000000 | total_real=1.000000
cliente 31 | lambda=1.000000 | slack=0.000000 | y_low=0.000000 | y_up=0.000000 | total_real=1.000000
cliente 32 | lambda=1.000000 | slack=0.000000 | y_low=0.000000 | y_up=0.000000 | total_real=1.000000
cliente 33 | lambda=1.000000 | slack=0.000000 | y_low=0.000000 | y_up=0.000000 | total_real=1.000000
cliente 34 | lambda=1.000000 | slack=0.000000 | y_low=0.000000 | y_up=0.000000 | total_real=1.000000
cliente 35 | lambda=1.000000 | slack=0.000000 | y_low=0.000000 | y_up=0.000000 | total_real=1.000000
cliente 36 | lambda=1.000000 | slack=0.000000 | y_low=0.000000 | y_up=0.000000 | total_real=1.000000
cliente 37 | lambda=1.000000 | slack=0.000000 | y_low=0.000000 | y_up=0.000000 | total_real=1.000000
cliente 38 | lambda=1.000000 | slack=0.000000 | y_low=0.000000 | y_up=0.000000 | total_real=1.000000
cliente 39 | lambda=1.000000 | slack=0.000000 | y_low=0.000000 | y_up=0.000000 | total_real=1.000000
cliente 40 | lambda=1.000000 | slack=0.000000 | y_low=0.000000 | y_up=0.000000 | total_real=1.000000
cliente 41 | lambda=1.000000 | slack=0.000000 | y_low=0.000000 | y_up=0.000000 | total_real=1.000000
cliente 42 | lambda=1.000000 | slack=0.000000 | y_low=0.000000 | y_up=0.000000 | total_real=1.000000
cliente 43 | lambda=1.000000 | slack=0.000000 | y_low=0.000000 | y_up=0.000000 | total_real=1.000000
cliente 44 | lambda=1.000000 | slack=0.000000 | y_low=0.000000 | y_up=0.000000 | total_real=1.000000
cliente 45 | lambda=1.000000 | slack=0.000000 | y_low=0.000000 | y_up=0.000000 | total_real=1.000000
cliente 46 | lambda=1.000000 | slack=0.000000 | y_low=0.000000 | y_up=0.000000 | total_real=1.000000
cliente 47 | lambda=1.000000 | slack=0.000000 | y_low=0.000000 | y_up=0.000000 | total_real=1.000000
cliente 48 | lambda=1.000000 | slack=0.000000 | y_low=0.000000 | y_up=0.000000 | total_real=1.000000
cliente 49 | lambda=1.000000 | slack=0.000000 | y_low=0.000000 | y_up=0.000000 | total_real=1.000000
cliente 50 | lambda=1.000000 | slack=0.000000 | y_low=0.000000 | y_up=0.000000 | total_real=1.000000


================ DUAIS DO MESTRE ================

PI (clientes):
  pi[1] = -481308.943896
  pi[2] = -417647.924220
  pi[3] =  10000.000000
  pi[4] = -63066.127137
  pi[5] =  10000.000000
  pi[6] = -208528.479010
  pi[7] =  10000.000000
  pi[8] =  10000.000000
  pi[9] =  10000.000000
  pi[10] =  10000.000000
  pi[11] = -205806.683381
  pi[12] = -248831.411821
  pi[13] =  10000.000000
  pi[14] = -106177.059959
  pi[15] =  10000.000000
  pi[16] = -121826.262339
  pi[17] =  10000.000000
  pi[18] =  10000.000000
  pi[19] =  10000.000000
  pi[20] = -90507.976475
  pi[21] = -469596.153337
  pi[22] = -241637.342223
  pi[23] =  10000.000000
  pi[24] =  10000.000000
  pi[25] =  9235.558773
  pi[26] = -179393.233696
  pi[27] =  10000.000000
  pi[28] = -220861.335768
  pi[29] =  10000.000000
  pi[30] = -354629.327867
  pi[31] =  10000.000000
  pi[32] =  10000.000000
  pi[33] =  10000.000000
  pi[34] = -232756.927363
  pi[35] =  10000.000000
  pi[36] = -281230.207137
  pi[37] =  10000.000000
  pi[38] = -274668.040602
  pi[39] =  10000.000000
  pi[40] = -43005.790275
  pi[41] =  10000.000000
  pi[42] =  10000.000000
  pi[43] =  10000.000000
  pi[44] = -186767.015120
  pi[45] =  10000.000000
  pi[46] = -107503.675821
  pi[47] = -371272.345777
  pi[48] = -403089.707641
  pi[49] = -336098.223780
  pi[50] = -9137.075705

SIGMA (veículos):
  sigma[0] =  1416935.934119
  sigma[1] =  1416935.934119
  sigma[2] =  1416935.934119
  sigma[3] =  728755.275103
  sigma[4] =  1416935.934119

MU (arcos):
  sem duais de arco
=================================================

TESTA ALLBEST

[ALLBEST GEROU CANDIDATA]
k=1
rc=-528630.346634
custo=160.600000
seq=[0, 3, 13, 17, 27, 29, 9, 23, 22, 50, 49, 47, 51]
Tempo total nessa geracao : 0.1s
Tempo total no NO: 3.6s
TAMANHO NOVAS COL 1

--- Nova Coluna ---
Veículo: 1
Sequência: [0, 3, 13, 17, 27, 29, 9, 23, 22, 50, 49, 47, 51]
Custo: 160.60
Custo Reduzido: -528630.346634
Clientes atendidos: [3, 9, 13, 17, 22, 23, 27, 29, 47, 49, 50]

Nao adicionou no k 3
[Nó 0] Rodando MIP periódico após 5 colunas...
Set parameter TimeLimit to value 30
Gurobi Optimizer version 13.0.2 build v13.0.2rc1 (win64 - Windows 11+.0 (26200.2))

CPU model: AMD Ryzen 9 9950X3D 16-Core Processor, instruction set [SSE2|AVX|AVX2|AVX512]
Thread count: 16 physical cores, 32 logical processors, using up to 32 threads

Non-default parameters:
TimeLimit  30

Optimize a model with 55 rows, 115 columns and 1330 nonzeros (Min)
Model fingerprint: 0xaeb8aefc
Model has 115 linear objective coefficients
Variable types: 0 continuous, 115 integer (115 binary)
Coefficient statistics:
  Matrix range     [1e+00, 1e+00]
  Objective range  [5e+01, 1e+06]
  Bounds range     [1e+00, 1e+00]
  RHS range        [1e+00, 1e+00]

Presolve removed 55 rows and 115 columns
Presolve time: 0.02s
Presolve: All rows and columns removed

Explored 0 nodes (0 simplex iterations) in 0.02 seconds (0.00 work units)
Thread count was 1 (of 32 available processors)

Solution count 1: 1.00039e+06 

Optimal solution found (tolerance 1.00e-04)
Best objective 1.000387300000e+06, best bound 1.000387300000e+06, gap 0.0000%
[Nó 0] MIP periódico encontrou solução inteira válida. FO=1000387.300000
[Nó 0] Iter 25 - Obj = 1000387.3000  Colunas = 115 inst= instancias/c108.txt
[Nó 0] inst= instancias/c108.txt Colunas ativas na iteração 25: 
   veic=0 | col=0 | lambda=1.000000 | custo=62.1000 | rota=[0, 43, 42, 41, 40, 44, 46, 48, 45, 50, 49, 47, 51]
   veic=1 | col=0 | lambda=1.000000 | custo=69.8000 | rota=[0, 20, 5, 3, 7, 8, 11, 9, 6, 4, 2, 1, 51]
   veic=2 | col=0 | lambda=1.000000 | custo=54.1000 | rota=[0, 24, 25, 27, 30, 29, 28, 26, 23, 22, 21, 51]
   veic=3 | col=0 | lambda=1.000000 | custo=100.1000 | rota=[0, 33, 32, 31, 35, 38, 37, 39, 36, 34, 51]
   veic=4 | col=0 | lambda=1.000000 | custo=1000101.2000 | rota=[0, 13, 18, 17, 15, 19, 16, 14, 12, 10, 51]
MESMA FO-  Sem melhora 25 Recom 1000387.2999999999 Ultmf 1000387.2999999999  VALOR SUB 0.0
   valor recomposto = 1000387.300000

   valor recomposto = 1000387.300000

--- COBERTURA POR CLIENTE ---
cliente 01 | lambda=1.000000 | slack=0.000000 | y_low=0.000000 | y_up=0.000000 | total_real=1.000000
cliente 02 | lambda=1.000000 | slack=0.000000 | y_low=0.000000 | y_up=0.000000 | total_real=1.000000
cliente 03 | lambda=1.000000 | slack=0.000000 | y_low=0.000000 | y_up=0.000000 | total_real=1.000000
cliente 04 | lambda=1.000000 | slack=0.000000 | y_low=0.000000 | y_up=0.000000 | total_real=1.000000
cliente 05 | lambda=1.000000 | slack=0.000000 | y_low=0.000000 | y_up=0.000000 | total_real=1.000000
cliente 06 | lambda=1.000000 | slack=0.000000 | y_low=0.000000 | y_up=0.000000 | total_real=1.000000
cliente 07 | lambda=1.000000 | slack=0.000000 | y_low=0.000000 | y_up=0.000000 | total_real=1.000000
cliente 08 | lambda=1.000000 | slack=0.000000 | y_low=0.000000 | y_up=0.000000 | total_real=1.000000
cliente 09 | lambda=1.000000 | slack=0.000000 | y_low=0.000000 | y_up=0.000000 | total_real=1.000000
cliente 10 | lambda=1.000000 | slack=0.000000 | y_low=0.000000 | y_up=0.000000 | total_real=1.000000
cliente 11 | lambda=1.000000 | slack=0.000000 | y_low=0.000000 | y_up=0.000000 | total_real=1.000000
cliente 12 | lambda=1.000000 | slack=0.000000 | y_low=0.000000 | y_up=0.000000 | total_real=1.000000
cliente 13 | lambda=1.000000 | slack=0.000000 | y_low=0.000000 | y_up=0.000000 | total_real=1.000000
cliente 14 | lambda=1.000000 | slack=0.000000 | y_low=0.000000 | y_up=0.000000 | total_real=1.000000
cliente 15 | lambda=1.000000 | slack=0.000000 | y_low=0.000000 | y_up=0.000000 | total_real=1.000000
cliente 16 | lambda=1.000000 | slack=0.000000 | y_low=0.000000 | y_up=0.000000 | total_real=1.000000
cliente 17 | lambda=1.000000 | slack=0.000000 | y_low=0.000000 | y_up=0.000000 | total_real=1.000000
cliente 18 | lambda=1.000000 | slack=0.000000 | y_low=0.000000 | y_up=0.000000 | total_real=1.000000
cliente 19 | lambda=1.000000 | slack=0.000000 | y_low=0.000000 | y_up=0.000000 | total_real=1.000000
cliente 20 | lambda=1.000000 | slack=0.000000 | y_low=0.000000 | y_up=0.000000 | total_real=1.000000
cliente 21 | lambda=1.000000 | slack=0.000000 | y_low=0.000000 | y_up=0.000000 | total_real=1.000000
cliente 22 | lambda=1.000000 | slack=0.000000 | y_low=0.000000 | y_up=0.000000 | total_real=1.000000
cliente 23 | lambda=1.000000 | slack=0.000000 | y_low=0.000000 | y_up=0.000000 | total_real=1.000000
cliente 24 | lambda=1.000000 | slack=0.000000 | y_low=0.000000 | y_up=0.000000 | total_real=1.000000
cliente 25 | lambda=1.000000 | slack=0.000000 | y_low=0.000000 | y_up=0.000000 | total_real=1.000000
cliente 26 | lambda=1.000000 | slack=0.000000 | y_low=0.000000 | y_up=0.000000 | total_real=1.000000
cliente 27 | lambda=1.000000 | slack=0.000000 | y_low=0.000000 | y_up=0.000000 | total_real=1.000000
cliente 28 | lambda=1.000000 | slack=0.000000 | y_low=0.000000 | y_up=0.000000 | total_real=1.000000
cliente 29 | lambda=1.000000 | slack=0.000000 | y_low=0.000000 | y_up=0.000000 | total_real=1.000000
cliente 30 | lambda=1.000000 | slack=0.000000 | y_low=0.000000 | y_up=0.000000 | total_real=1.000000
cliente 31 | lambda=1.000000 | slack=0.000000 | y_low=0.000000 | y_up=0.000000 | total_real=1.000000
cliente 32 | lambda=1.000000 | slack=0.000000 | y_low=0.000000 | y_up=0.000000 | total_real=1.000000
cliente 33 | lambda=1.000000 | slack=0.000000 | y_low=0.000000 | y_up=0.000000 | total_real=1.000000
cliente 34 | lambda=1.000000 | slack=0.000000 | y_low=0.000000 | y_up=0.000000 | total_real=1.000000
cliente 35 | lambda=1.000000 | slack=0.000000 | y_low=0.000000 | y_up=0.000000 | total_real=1.000000
cliente 36 | lambda=1.000000 | slack=0.000000 | y_low=0.000000 | y_up=0.000000 | total_real=1.000000
cliente 37 | lambda=1.000000 | slack=0.000000 | y_low=0.000000 | y_up=0.000000 | total_real=1.000000
cliente 38 | lambda=1.000000 | slack=0.000000 | y_low=0.000000 | y_up=0.000000 | total_real=1.000000
cliente 39 | lambda=1.000000 | slack=0.000000 | y_low=0.000000 | y_up=0.000000 | total_real=1.000000
cliente 40 | lambda=1.000000 | slack=0.000000 | y_low=0.000000 | y_up=0.000000 | total_real=1.000000
cliente 41 | lambda=1.000000 | slack=0.000000 | y_low=0.000000 | y_up=0.000000 | total_real=1.000000
cliente 42 | lambda=1.000000 | slack=0.000000 | y_low=0.000000 | y_up=0.000000 | total_real=1.000000
cliente 43 | lambda=1.000000 | slack=0.000000 | y_low=0.000000 | y_up=0.000000 | total_real=1.000000
cliente 44 | lambda=1.000000 | slack=0.000000 | y_low=0.000000 | y_up=0.000000 | total_real=1.000000
cliente 45 | lambda=1.000000 | slack=0.000000 | y_low=0.000000 | y_up=0.000000 | total_real=1.000000
cliente 46 | lambda=1.000000 | slack=0.000000 | y_low=0.000000 | y_up=0.000000 | total_real=1.000000
cliente 47 | lambda=1.000000 | slack=0.000000 | y_low=0.000000 | y_up=0.000000 | total_real=1.000000
cliente 48 | lambda=1.000000 | slack=0.000000 | y_low=0.000000 | y_up=0.000000 | total_real=1.000000
cliente 49 | lambda=1.000000 | slack=0.000000 | y_low=0.000000 | y_up=0.000000 | total_real=1.000000
cliente 50 | lambda=1.000000 | slack=0.000000 | y_low=0.000000 | y_up=0.000000 | total_real=1.000000


================ DUAIS DO MESTRE ================

PI (clientes):
  pi[1] = -124078.949555
  pi[2] = -380243.267832
  pi[3] =  10000.000000
  pi[4] = -305318.112868
  pi[5] =  86.074756
  pi[6] = -453932.357138
  pi[7] =  10000.000000
  pi[8] =  10000.000000
  pi[9] =  10000.000000
  pi[10] =  10000.000000
  pi[11] = -47389.293531
  pi[12] = -68419.571883
  pi[13] =  10000.000000
  pi[14] = -144983.506435
  pi[15] =  10000.000000
  pi[16] = -191386.063458
  pi[17] =  10000.000000
  pi[18] =  10000.000000
  pi[19] =  10000.000000
  pi[20] = -73944.635607
  pi[21] = -130625.032636
  pi[22] = -145551.557330
  pi[23] = -341106.215083
  pi[24] =  10000.000000
  pi[25] = -237270.991884
  pi[26] = -152626.179308
  pi[27] = -190556.058171
  pi[28] = -70344.084525
  pi[29] =  10000.000000
  pi[30] = -96756.122838
  pi[31] =  10000.000000
  pi[32] =  10000.000000
  pi[33] = -103126.351389
  pi[34] = -318717.297012
  pi[35] =  10000.000000
  pi[36] = -324358.135492
  pi[37] =  10000.000000
  pi[38] = -266511.019389
  pi[39] =  10000.000000
  pi[40] =  10000.000000
  pi[41] =  10000.000000
  pi[42] =  10000.000000
  pi[43] =  10000.000000
  pi[44] =  10000.000000
  pi[45] =  10000.000000
  pi[46] =  10000.000000
  pi[47] = -301280.877556
  pi[48] = -443576.351157
  pi[49] = -403666.851975
  pi[50] = -266304.161087

SIGMA (veículos):
  sigma[0] =  1344890.341776
  sigma[1] =  1344890.341776
  sigma[2] =  1344890.341776
  sigma[3] =  962812.903282
  sigma[4] =  1344890.341776

MU (arcos):
  sem duais de arco
=================================================

TESTA ALLBEST

[ALLBEST GEROU CANDIDATA]
k=0
rc=-1004434.202255
custo=200.600000
seq=[0, 43, 18, 35, 37, 39, 9, 1, 22, 21, 51]
Tempo total nessa geracao : 0.1s
Tempo total no NO: 3.7s
TAMANHO NOVAS COL 1

--- Nova Coluna ---
Veículo: 0
Sequência: [0, 43, 18, 35, 37, 39, 9, 1, 22, 21, 51]
Custo: 200.60
Custo Reduzido: -1004434.202255
Clientes atendidos: [1, 9, 18, 21, 22, 35, 37, 39, 43]

[Nó 0] Iter 26 - Obj = 1000387.3000  Colunas = 118 inst= instancias/c108.txt
[Nó 0] inst= instancias/c108.txt Colunas ativas na iteração 26: 
   veic=0 | col=0 | lambda=1.000000 | custo=62.1000 | rota=[0, 43, 42, 41, 40, 44, 46, 48, 45, 50, 49, 47, 51]
   veic=1 | col=0 | lambda=1.000000 | custo=69.8000 | rota=[0, 20, 5, 3, 7, 8, 11, 9, 6, 4, 2, 1, 51]
   veic=2 | col=0 | lambda=1.000000 | custo=54.1000 | rota=[0, 24, 25, 27, 30, 29, 28, 26, 23, 22, 21, 51]
   veic=3 | col=0 | lambda=1.000000 | custo=100.1000 | rota=[0, 33, 32, 31, 35, 38, 37, 39, 36, 34, 51]
   veic=4 | col=0 | lambda=1.000000 | custo=1000101.2000 | rota=[0, 13, 18, 17, 15, 19, 16, 14, 12, 10, 51]
MESMA FO-  Sem melhora 26 Recom 1000387.2999999999 Ultmf 1000387.2999999999  VALOR SUB 0.0
   valor recomposto = 1000387.300000

   valor recomposto = 1000387.300000

--- COBERTURA POR CLIENTE ---
cliente 01 | lambda=1.000000 | slack=0.000000 | y_low=0.000000 | y_up=0.000000 | total_real=1.000000
cliente 02 | lambda=1.000000 | slack=0.000000 | y_low=0.000000 | y_up=0.000000 | total_real=1.000000
cliente 03 | lambda=1.000000 | slack=0.000000 | y_low=0.000000 | y_up=0.000000 | total_real=1.000000
cliente 04 | lambda=1.000000 | slack=0.000000 | y_low=0.000000 | y_up=0.000000 | total_real=1.000000
cliente 05 | lambda=1.000000 | slack=0.000000 | y_low=0.000000 | y_up=0.000000 | total_real=1.000000
cliente 06 | lambda=1.000000 | slack=0.000000 | y_low=0.000000 | y_up=0.000000 | total_real=1.000000
cliente 07 | lambda=1.000000 | slack=0.000000 | y_low=0.000000 | y_up=0.000000 | total_real=1.000000
cliente 08 | lambda=1.000000 | slack=0.000000 | y_low=0.000000 | y_up=0.000000 | total_real=1.000000
cliente 09 | lambda=1.000000 | slack=0.000000 | y_low=0.000000 | y_up=0.000000 | total_real=1.000000
cliente 10 | lambda=1.000000 | slack=0.000000 | y_low=0.000000 | y_up=0.000000 | total_real=1.000000
cliente 11 | lambda=1.000000 | slack=0.000000 | y_low=0.000000 | y_up=0.000000 | total_real=1.000000
cliente 12 | lambda=1.000000 | slack=0.000000 | y_low=0.000000 | y_up=0.000000 | total_real=1.000000
cliente 13 | lambda=1.000000 | slack=0.000000 | y_low=0.000000 | y_up=0.000000 | total_real=1.000000
cliente 14 | lambda=1.000000 | slack=0.000000 | y_low=0.000000 | y_up=0.000000 | total_real=1.000000
cliente 15 | lambda=1.000000 | slack=0.000000 | y_low=0.000000 | y_up=0.000000 | total_real=1.000000
cliente 16 | lambda=1.000000 | slack=0.000000 | y_low=0.000000 | y_up=0.000000 | total_real=1.000000
cliente 17 | lambda=1.000000 | slack=0.000000 | y_low=0.000000 | y_up=0.000000 | total_real=1.000000
cliente 18 | lambda=1.000000 | slack=0.000000 | y_low=0.000000 | y_up=0.000000 | total_real=1.000000
cliente 19 | lambda=1.000000 | slack=0.000000 | y_low=0.000000 | y_up=0.000000 | total_real=1.000000
cliente 20 | lambda=1.000000 | slack=0.000000 | y_low=0.000000 | y_up=0.000000 | total_real=1.000000
cliente 21 | lambda=1.000000 | slack=0.000000 | y_low=0.000000 | y_up=0.000000 | total_real=1.000000
cliente 22 | lambda=1.000000 | slack=0.000000 | y_low=0.000000 | y_up=0.000000 | total_real=1.000000
cliente 23 | lambda=1.000000 | slack=0.000000 | y_low=0.000000 | y_up=0.000000 | total_real=1.000000
cliente 24 | lambda=1.000000 | slack=0.000000 | y_low=0.000000 | y_up=0.000000 | total_real=1.000000
cliente 25 | lambda=1.000000 | slack=0.000000 | y_low=0.000000 | y_up=0.000000 | total_real=1.000000
cliente 26 | lambda=1.000000 | slack=0.000000 | y_low=0.000000 | y_up=0.000000 | total_real=1.000000
cliente 27 | lambda=1.000000 | slack=0.000000 | y_low=0.000000 | y_up=0.000000 | total_real=1.000000
cliente 28 | lambda=1.000000 | slack=0.000000 | y_low=0.000000 | y_up=0.000000 | total_real=1.000000
cliente 29 | lambda=1.000000 | slack=0.000000 | y_low=0.000000 | y_up=0.000000 | total_real=1.000000
cliente 30 | lambda=1.000000 | slack=0.000000 | y_low=0.000000 | y_up=0.000000 | total_real=1.000000
cliente 31 | lambda=1.000000 | slack=0.000000 | y_low=0.000000 | y_up=0.000000 | total_real=1.000000
cliente 32 | lambda=1.000000 | slack=0.000000 | y_low=0.000000 | y_up=0.000000 | total_real=1.000000
cliente 33 | lambda=1.000000 | slack=0.000000 | y_low=0.000000 | y_up=0.000000 | total_real=1.000000
cliente 34 | lambda=1.000000 | slack=0.000000 | y_low=0.000000 | y_up=0.000000 | total_real=1.000000
cliente 35 | lambda=1.000000 | slack=0.000000 | y_low=0.000000 | y_up=0.000000 | total_real=1.000000
cliente 36 | lambda=1.000000 | slack=0.000000 | y_low=0.000000 | y_up=0.000000 | total_real=1.000000
cliente 37 | lambda=1.000000 | slack=0.000000 | y_low=0.000000 | y_up=0.000000 | total_real=1.000000
cliente 38 | lambda=1.000000 | slack=0.000000 | y_low=0.000000 | y_up=0.000000 | total_real=1.000000
cliente 39 | lambda=1.000000 | slack=0.000000 | y_low=0.000000 | y_up=0.000000 | total_real=1.000000
cliente 40 | lambda=1.000000 | slack=0.000000 | y_low=0.000000 | y_up=0.000000 | total_real=1.000000
cliente 41 | lambda=1.000000 | slack=0.000000 | y_low=0.000000 | y_up=0.000000 | total_real=1.000000
cliente 42 | lambda=1.000000 | slack=0.000000 | y_low=0.000000 | y_up=0.000000 | total_real=1.000000
cliente 43 | lambda=1.000000 | slack=0.000000 | y_low=0.000000 | y_up=0.000000 | total_real=1.000000
cliente 44 | lambda=1.000000 | slack=0.000000 | y_low=0.000000 | y_up=0.000000 | total_real=1.000000
cliente 45 | lambda=1.000000 | slack=0.000000 | y_low=0.000000 | y_up=0.000000 | total_real=1.000000
cliente 46 | lambda=1.000000 | slack=0.000000 | y_low=0.000000 | y_up=0.000000 | total_real=1.000000
cliente 47 | lambda=1.000000 | slack=0.000000 | y_low=0.000000 | y_up=0.000000 | total_real=1.000000
cliente 48 | lambda=1.000000 | slack=0.000000 | y_low=0.000000 | y_up=0.000000 | total_real=1.000000
cliente 49 | lambda=1.000000 | slack=0.000000 | y_low=0.000000 | y_up=0.000000 | total_real=1.000000
cliente 50 | lambda=1.000000 | slack=0.000000 | y_low=0.000000 | y_up=0.000000 | total_real=1.000000


================ DUAIS DO MESTRE ================

PI (clientes):
  pi[1] = -928528.601861
  pi[2] = -172410.742786
  pi[3] = -155956.070787
  pi[4] = -222972.111782
  pi[5] =  10000.000000
  pi[6] = -361494.551351
  pi[7] =  10000.000000
  pi[8] =  10000.000000
  pi[9] = -176672.558337
  pi[10] =  10000.000000
  pi[11] =  10000.000000
  pi[12] = -269793.189076
  pi[13] =  10000.000000
  pi[14] = -432180.468577
  pi[15] = -206725.667188
  pi[16] = -46795.581284
  pi[17] =  10000.000000
  pi[18] = -52508.330780
  pi[19] =  10000.000000
  pi[20] =  10000.000000
  pi[21] = -688103.532324
  pi[22] = -42718.675002
  pi[23] = -313508.383008
  pi[24] =  10000.000000
  pi[25] = -120184.111096
  pi[26] = -58192.236471
  pi[27] = -268095.174178
  pi[28] =  10000.000000
  pi[29] =  10000.000000
  pi[30] = -326993.780497
  pi[31] =  10000.000000
  pi[32] =  10000.000000
  pi[33] = -397058.719892
  pi[34] = -463816.705168
  pi[35] =  10000.000000
  pi[36] =  10000.000000
  pi[37] =  10000.000000
  pi[38] = -249537.616088
  pi[39] =  10000.000000
  pi[40] = -322942.575993
  pi[41] = -464761.775885
  pi[42] =  10000.000000
  pi[43] = -189345.009433
  pi[44] =  10000.000000
  pi[45] =  10000.000000
  pi[46] =  10000.000000
  pi[47] = -421195.666898
  pi[48] =  10000.000000
  pi[49] = -281460.536280
  pi[50] = -338336.772416

SIGMA (veículos):
  sigma[0] =  1968104.436905
  sigma[1] =  1968104.436905
  sigma[2] =  1787849.992576
  sigma[3] =  1050513.141148
  sigma[4] =  1968104.436905

MU (arcos):
  sem duais de arco
=================================================

TESTA ALLBEST

[ALLBEST GEROU CANDIDATA]
k=0
rc=-945634.480441
custo=185.300000
seq=[0, 20, 25, 13, 15, 10, 36, 48, 49, 22, 47, 51]
Tempo total nessa geracao : 0.1s
Tempo total no NO: 3.9s
TAMANHO NOVAS COL 1

--- Nova Coluna ---
Veículo: 0
Sequência: [0, 20, 25, 13, 15, 10, 36, 48, 49, 22, 47, 51]
Custo: 185.30
Custo Reduzido: -945634.480441
Clientes atendidos: [10, 13, 15, 20, 22, 25, 36, 47, 48, 49]

[Nó 0] Iter 27 - Obj = 1000387.3000  Colunas = 121 inst= instancias/c108.txt
[Nó 0] inst= instancias/c108.txt Colunas ativas na iteração 27: 
   veic=0 | col=0 | lambda=1.000000 | custo=62.1000 | rota=[0, 43, 42, 41, 40, 44, 46, 48, 45, 50, 49, 47, 51]
   veic=1 | col=0 | lambda=1.000000 | custo=69.8000 | rota=[0, 20, 5, 3, 7, 8, 11, 9, 6, 4, 2, 1, 51]
   veic=2 | col=0 | lambda=1.000000 | custo=54.1000 | rota=[0, 24, 25, 27, 30, 29, 28, 26, 23, 22, 21, 51]
   veic=3 | col=0 | lambda=1.000000 | custo=100.1000 | rota=[0, 33, 32, 31, 35, 38, 37, 39, 36, 34, 51]
   veic=4 | col=0 | lambda=1.000000 | custo=1000101.2000 | rota=[0, 13, 18, 17, 15, 19, 16, 14, 12, 10, 51]
MESMA FO-  Sem melhora 27 Recom 1000387.2999999999 Ultmf 1000387.2999999999  VALOR SUB 0.0
   valor recomposto = 1000387.300000

   valor recomposto = 1000387.300000

--- COBERTURA POR CLIENTE ---
cliente 01 | lambda=1.000000 | slack=0.000000 | y_low=0.000000 | y_up=0.000000 | total_real=1.000000
cliente 02 | lambda=1.000000 | slack=0.000000 | y_low=0.000000 | y_up=0.000000 | total_real=1.000000
cliente 03 | lambda=1.000000 | slack=0.000000 | y_low=0.000000 | y_up=0.000000 | total_real=1.000000
cliente 04 | lambda=1.000000 | slack=0.000000 | y_low=0.000000 | y_up=0.000000 | total_real=1.000000
cliente 05 | lambda=1.000000 | slack=0.000000 | y_low=0.000000 | y_up=0.000000 | total_real=1.000000
cliente 06 | lambda=1.000000 | slack=0.000000 | y_low=0.000000 | y_up=0.000000 | total_real=1.000000
cliente 07 | lambda=1.000000 | slack=0.000000 | y_low=0.000000 | y_up=0.000000 | total_real=1.000000
cliente 08 | lambda=1.000000 | slack=0.000000 | y_low=0.000000 | y_up=0.000000 | total_real=1.000000
cliente 09 | lambda=1.000000 | slack=0.000000 | y_low=0.000000 | y_up=0.000000 | total_real=1.000000
cliente 10 | lambda=1.000000 | slack=0.000000 | y_low=0.000000 | y_up=0.000000 | total_real=1.000000
cliente 11 | lambda=1.000000 | slack=0.000000 | y_low=0.000000 | y_up=0.000000 | total_real=1.000000
cliente 12 | lambda=1.000000 | slack=0.000000 | y_low=0.000000 | y_up=0.000000 | total_real=1.000000
cliente 13 | lambda=1.000000 | slack=0.000000 | y_low=0.000000 | y_up=0.000000 | total_real=1.000000
cliente 14 | lambda=1.000000 | slack=0.000000 | y_low=0.000000 | y_up=0.000000 | total_real=1.000000
cliente 15 | lambda=1.000000 | slack=0.000000 | y_low=0.000000 | y_up=0.000000 | total_real=1.000000
cliente 16 | lambda=1.000000 | slack=0.000000 | y_low=0.000000 | y_up=0.000000 | total_real=1.000000
cliente 17 | lambda=1.000000 | slack=0.000000 | y_low=0.000000 | y_up=0.000000 | total_real=1.000000
cliente 18 | lambda=1.000000 | slack=0.000000 | y_low=0.000000 | y_up=0.000000 | total_real=1.000000
cliente 19 | lambda=1.000000 | slack=0.000000 | y_low=0.000000 | y_up=0.000000 | total_real=1.000000
cliente 20 | lambda=1.000000 | slack=0.000000 | y_low=0.000000 | y_up=0.000000 | total_real=1.000000
cliente 21 | lambda=1.000000 | slack=0.000000 | y_low=0.000000 | y_up=0.000000 | total_real=1.000000
cliente 22 | lambda=1.000000 | slack=0.000000 | y_low=0.000000 | y_up=0.000000 | total_real=1.000000
cliente 23 | lambda=1.000000 | slack=0.000000 | y_low=0.000000 | y_up=0.000000 | total_real=1.000000
cliente 24 | lambda=1.000000 | slack=0.000000 | y_low=0.000000 | y_up=0.000000 | total_real=1.000000
cliente 25 | lambda=1.000000 | slack=0.000000 | y_low=0.000000 | y_up=0.000000 | total_real=1.000000
cliente 26 | lambda=1.000000 | slack=0.000000 | y_low=0.000000 | y_up=0.000000 | total_real=1.000000
cliente 27 | lambda=1.000000 | slack=0.000000 | y_low=0.000000 | y_up=0.000000 | total_real=1.000000
cliente 28 | lambda=1.000000 | slack=0.000000 | y_low=0.000000 | y_up=0.000000 | total_real=1.000000
cliente 29 | lambda=1.000000 | slack=0.000000 | y_low=0.000000 | y_up=0.000000 | total_real=1.000000
cliente 30 | lambda=1.000000 | slack=0.000000 | y_low=0.000000 | y_up=0.000000 | total_real=1.000000
cliente 31 | lambda=1.000000 | slack=0.000000 | y_low=0.000000 | y_up=0.000000 | total_real=1.000000
cliente 32 | lambda=1.000000 | slack=0.000000 | y_low=0.000000 | y_up=0.000000 | total_real=1.000000
cliente 33 | lambda=1.000000 | slack=0.000000 | y_low=0.000000 | y_up=0.000000 | total_real=1.000000
cliente 34 | lambda=1.000000 | slack=0.000000 | y_low=0.000000 | y_up=0.000000 | total_real=1.000000
cliente 35 | lambda=1.000000 | slack=0.000000 | y_low=0.000000 | y_up=0.000000 | total_real=1.000000
cliente 36 | lambda=1.000000 | slack=0.000000 | y_low=0.000000 | y_up=0.000000 | total_real=1.000000
cliente 37 | lambda=1.000000 | slack=0.000000 | y_low=0.000000 | y_up=0.000000 | total_real=1.000000
cliente 38 | lambda=1.000000 | slack=0.000000 | y_low=0.000000 | y_up=0.000000 | total_real=1.000000
cliente 39 | lambda=1.000000 | slack=0.000000 | y_low=0.000000 | y_up=0.000000 | total_real=1.000000
cliente 40 | lambda=1.000000 | slack=0.000000 | y_low=0.000000 | y_up=0.000000 | total_real=1.000000
cliente 41 | lambda=1.000000 | slack=0.000000 | y_low=0.000000 | y_up=0.000000 | total_real=1.000000
cliente 42 | lambda=1.000000 | slack=0.000000 | y_low=0.000000 | y_up=0.000000 | total_real=1.000000
cliente 43 | lambda=1.000000 | slack=0.000000 | y_low=0.000000 | y_up=0.000000 | total_real=1.000000
cliente 44 | lambda=1.000000 | slack=0.000000 | y_low=0.000000 | y_up=0.000000 | total_real=1.000000
cliente 45 | lambda=1.000000 | slack=0.000000 | y_low=0.000000 | y_up=0.000000 | total_real=1.000000
cliente 46 | lambda=1.000000 | slack=0.000000 | y_low=0.000000 | y_up=0.000000 | total_real=1.000000
cliente 47 | lambda=1.000000 | slack=0.000000 | y_low=0.000000 | y_up=0.000000 | total_real=1.000000
cliente 48 | lambda=1.000000 | slack=0.000000 | y_low=0.000000 | y_up=0.000000 | total_real=1.000000
cliente 49 | lambda=1.000000 | slack=0.000000 | y_low=0.000000 | y_up=0.000000 | total_real=1.000000
cliente 50 | lambda=1.000000 | slack=0.000000 | y_low=0.000000 | y_up=0.000000 | total_real=1.000000


================ DUAIS DO MESTRE ================

PI (clientes):
  pi[1] = -595177.040417
  pi[2] =  10000.000000
  pi[3] = -282075.468636
  pi[4] = -217520.054042
  pi[5] =  10000.000000
  pi[6] = -365116.590545
  pi[7] =  10000.000000
  pi[8] =  10000.000000
  pi[9] = -199991.033646
  pi[10] =  10000.000000
  pi[11] =  10000.000000
  pi[12] =  10000.000000
  pi[13] =  10000.000000
  pi[14] = -302004.751608
  pi[15] = -247549.429950
  pi[16] = -110294.605729
  pi[17] =  10000.000000
  pi[18] =  10000.000000
  pi[19] =  10000.000000
  pi[20] =  10000.000000
  pi[21] = -462953.147163
  pi[22] = -128296.167685
  pi[23] = -177520.023655
  pi[24] =  10000.000000
  pi[25] = -257714.070504
  pi[26] = -78190.265570
  pi[27] = -58466.626887
  pi[28] =  10000.000000
  pi[29] =  10000.000000
  pi[30] = -224255.158836
  pi[31] = -228545.573381
  pi[32] =  10000.000000
  pi[33] = -180418.588102
  pi[34] = -341484.943337
  pi[35] = -90485.381790
  pi[36] = -156753.330694
  pi[37] =  10000.000000
  pi[38] = -368809.849184
  pi[39] =  10000.000000
  pi[40] = -288598.902334
  pi[41] = -149969.939429
  pi[42] =  10000.000000
  pi[43] = -162293.769162
  pi[44] =  10000.000000
  pi[45] =  10000.000000
  pi[46] =  10000.000000
  pi[47] = -321248.226672
  pi[48] = -255585.209582
  pi[49] = -262618.252200
  pi[50] = -199573.587906

SIGMA (veículos):
  sigma[0] =  1599949.987287
  sigma[1] =  1599949.987287
  sigma[2] =  1357449.560299
  sigma[3] =  1336597.766487
  sigma[4] =  1599949.987287

MU (arcos):
  sem duais de arco
=================================================

TESTA ALLBEST

[ALLBEST GEROU CANDIDATA]
k=0
rc=-597766.647913
custo=206.900000
seq=[0, 13, 24, 43, 45, 11, 12, 23, 22, 49, 47, 51]
Tempo total nessa geracao : 0.1s
Tempo total no NO: 4.0s
TAMANHO NOVAS COL 1

--- Nova Coluna ---
Veículo: 0
Sequência: [0, 13, 24, 43, 45, 11, 12, 23, 22, 49, 47, 51]
Custo: 206.90
Custo Reduzido: -597766.647913
Clientes atendidos: [11, 12, 13, 22, 23, 24, 43, 45, 47, 49]

[Nó 0] Iter 28 - Obj = 1000387.3000  Colunas = 124 inst= instancias/c108.txt
[Nó 0] inst= instancias/c108.txt Colunas ativas na iteração 28: 
   veic=0 | col=0 | lambda=1.000000 | custo=62.1000 | rota=[0, 43, 42, 41, 40, 44, 46, 48, 45, 50, 49, 47, 51]
   veic=1 | col=0 | lambda=1.000000 | custo=69.8000 | rota=[0, 20, 5, 3, 7, 8, 11, 9, 6, 4, 2, 1, 51]
   veic=2 | col=0 | lambda=1.000000 | custo=54.1000 | rota=[0, 24, 25, 27, 30, 29, 28, 26, 23, 22, 21, 51]
   veic=3 | col=0 | lambda=1.000000 | custo=100.1000 | rota=[0, 33, 32, 31, 35, 38, 37, 39, 36, 34, 51]
   veic=4 | col=0 | lambda=1.000000 | custo=1000101.2000 | rota=[0, 13, 18, 17, 15, 19, 16, 14, 12, 10, 51]
MESMA FO-  Sem melhora 28 Recom 1000387.2999999999 Ultmf 1000387.2999999999  VALOR SUB 0.0
   valor recomposto = 1000387.300000

   valor recomposto = 1000387.300000

--- COBERTURA POR CLIENTE ---
cliente 01 | lambda=1.000000 | slack=0.000000 | y_low=0.000000 | y_up=0.000000 | total_real=1.000000
cliente 02 | lambda=1.000000 | slack=0.000000 | y_low=0.000000 | y_up=0.000000 | total_real=1.000000
cliente 03 | lambda=1.000000 | slack=0.000000 | y_low=0.000000 | y_up=0.000000 | total_real=1.000000
cliente 04 | lambda=1.000000 | slack=0.000000 | y_low=0.000000 | y_up=0.000000 | total_real=1.000000
cliente 05 | lambda=1.000000 | slack=0.000000 | y_low=0.000000 | y_up=0.000000 | total_real=1.000000
cliente 06 | lambda=1.000000 | slack=0.000000 | y_low=0.000000 | y_up=0.000000 | total_real=1.000000
cliente 07 | lambda=1.000000 | slack=0.000000 | y_low=0.000000 | y_up=0.000000 | total_real=1.000000
cliente 08 | lambda=1.000000 | slack=0.000000 | y_low=0.000000 | y_up=0.000000 | total_real=1.000000
cliente 09 | lambda=1.000000 | slack=0.000000 | y_low=0.000000 | y_up=0.000000 | total_real=1.000000
cliente 10 | lambda=1.000000 | slack=0.000000 | y_low=0.000000 | y_up=0.000000 | total_real=1.000000
cliente 11 | lambda=1.000000 | slack=0.000000 | y_low=0.000000 | y_up=0.000000 | total_real=1.000000
cliente 12 | lambda=1.000000 | slack=0.000000 | y_low=0.000000 | y_up=0.000000 | total_real=1.000000
cliente 13 | lambda=1.000000 | slack=0.000000 | y_low=0.000000 | y_up=0.000000 | total_real=1.000000
cliente 14 | lambda=1.000000 | slack=0.000000 | y_low=0.000000 | y_up=0.000000 | total_real=1.000000
cliente 15 | lambda=1.000000 | slack=0.000000 | y_low=0.000000 | y_up=0.000000 | total_real=1.000000
cliente 16 | lambda=1.000000 | slack=0.000000 | y_low=0.000000 | y_up=0.000000 | total_real=1.000000
cliente 17 | lambda=1.000000 | slack=0.000000 | y_low=0.000000 | y_up=0.000000 | total_real=1.000000
cliente 18 | lambda=1.000000 | slack=0.000000 | y_low=0.000000 | y_up=0.000000 | total_real=1.000000
cliente 19 | lambda=1.000000 | slack=0.000000 | y_low=0.000000 | y_up=0.000000 | total_real=1.000000
cliente 20 | lambda=1.000000 | slack=0.000000 | y_low=0.000000 | y_up=0.000000 | total_real=1.000000
cliente 21 | lambda=1.000000 | slack=0.000000 | y_low=0.000000 | y_up=0.000000 | total_real=1.000000
cliente 22 | lambda=1.000000 | slack=0.000000 | y_low=0.000000 | y_up=0.000000 | total_real=1.000000
cliente 23 | lambda=1.000000 | slack=0.000000 | y_low=0.000000 | y_up=0.000000 | total_real=1.000000
cliente 24 | lambda=1.000000 | slack=0.000000 | y_low=0.000000 | y_up=0.000000 | total_real=1.000000
cliente 25 | lambda=1.000000 | slack=0.000000 | y_low=0.000000 | y_up=0.000000 | total_real=1.000000
cliente 26 | lambda=1.000000 | slack=0.000000 | y_low=0.000000 | y_up=0.000000 | total_real=1.000000
cliente 27 | lambda=1.000000 | slack=0.000000 | y_low=0.000000 | y_up=0.000000 | total_real=1.000000
cliente 28 | lambda=1.000000 | slack=0.000000 | y_low=0.000000 | y_up=0.000000 | total_real=1.000000
cliente 29 | lambda=1.000000 | slack=0.000000 | y_low=0.000000 | y_up=0.000000 | total_real=1.000000
cliente 30 | lambda=1.000000 | slack=0.000000 | y_low=0.000000 | y_up=0.000000 | total_real=1.000000
cliente 31 | lambda=1.000000 | slack=0.000000 | y_low=0.000000 | y_up=0.000000 | total_real=1.000000
cliente 32 | lambda=1.000000 | slack=0.000000 | y_low=0.000000 | y_up=0.000000 | total_real=1.000000
cliente 33 | lambda=1.000000 | slack=0.000000 | y_low=0.000000 | y_up=0.000000 | total_real=1.000000
cliente 34 | lambda=1.000000 | slack=0.000000 | y_low=0.000000 | y_up=0.000000 | total_real=1.000000
cliente 35 | lambda=1.000000 | slack=0.000000 | y_low=0.000000 | y_up=0.000000 | total_real=1.000000
cliente 36 | lambda=1.000000 | slack=0.000000 | y_low=0.000000 | y_up=0.000000 | total_real=1.000000
cliente 37 | lambda=1.000000 | slack=0.000000 | y_low=0.000000 | y_up=0.000000 | total_real=1.000000
cliente 38 | lambda=1.000000 | slack=0.000000 | y_low=0.000000 | y_up=0.000000 | total_real=1.000000
cliente 39 | lambda=1.000000 | slack=0.000000 | y_low=0.000000 | y_up=0.000000 | total_real=1.000000
cliente 40 | lambda=1.000000 | slack=0.000000 | y_low=0.000000 | y_up=0.000000 | total_real=1.000000
cliente 41 | lambda=1.000000 | slack=0.000000 | y_low=0.000000 | y_up=0.000000 | total_real=1.000000
cliente 42 | lambda=1.000000 | slack=0.000000 | y_low=0.000000 | y_up=0.000000 | total_real=1.000000
cliente 43 | lambda=1.000000 | slack=0.000000 | y_low=0.000000 | y_up=0.000000 | total_real=1.000000
cliente 44 | lambda=1.000000 | slack=0.000000 | y_low=0.000000 | y_up=0.000000 | total_real=1.000000
cliente 45 | lambda=1.000000 | slack=0.000000 | y_low=0.000000 | y_up=0.000000 | total_real=1.000000
cliente 46 | lambda=1.000000 | slack=0.000000 | y_low=0.000000 | y_up=0.000000 | total_real=1.000000
cliente 47 | lambda=1.000000 | slack=0.000000 | y_low=0.000000 | y_up=0.000000 | total_real=1.000000
cliente 48 | lambda=1.000000 | slack=0.000000 | y_low=0.000000 | y_up=0.000000 | total_real=1.000000
cliente 49 | lambda=1.000000 | slack=0.000000 | y_low=0.000000 | y_up=0.000000 | total_real=1.000000
cliente 50 | lambda=1.000000 | slack=0.000000 | y_low=0.000000 | y_up=0.000000 | total_real=1.000000


================ DUAIS DO MESTRE ================

PI (clientes):
  pi[1] = -636914.369484
  pi[2] =  10000.000000
  pi[3] = -483740.015775
  pi[4] = -106759.629573
  pi[5] =  10000.000000
  pi[6] = -429883.905075
  pi[7] =  10000.000000
  pi[8] =  10000.000000
  pi[9] =  10000.000000
  pi[10] =  10000.000000
  pi[11] =  10000.000000
  pi[12] = -293386.367556
  pi[13] =  10000.000000
  pi[14] = -319825.605425
  pi[15] = -34054.546926
  pi[16] =  10000.000000
  pi[17] =  10000.000000
  pi[18] =  10000.000000
  pi[19] =  10000.000000
  pi[20] =  10000.000000
  pi[21] = -423291.846215
  pi[22] =  10000.000000
  pi[23] = -254261.051086
  pi[24] = -166064.746506
  pi[25] = -152970.639050
  pi[26] = -141302.987576
  pi[27] = -106440.637983
  pi[28] =  10000.000000
  pi[29] =  10000.000000
  pi[30] = -60039.235876
  pi[31] = -35812.897360
  pi[32] =  10000.000000
  pi[33] =  10000.000000
  pi[34] = -254033.481526
  pi[35] = -312565.831092
  pi[36] = -240509.173256
  pi[37] =  10000.000000
  pi[38] = -241444.844556
  pi[39] = -163884.002516
  pi[40] = -223569.155676
  pi[41] =  10000.000000
  pi[42] =  10000.000000
  pi[43] = -90511.070600
  pi[44] =  10000.000000
  pi[45] = -66874.751026
  pi[46] =  10000.000000
  pi[47] = -322920.975616
  pi[48] = -453585.227542
  pi[49] = -423141.857518
  pi[50] = -46702.581930

SIGMA (veículos):
  sigma[0] =  1587367.719907
  sigma[1] =  1587367.719907
  sigma[2] =  1274425.244292
  sigma[3] =  1218350.330305
  sigma[4] =  1587367.719907

MU (arcos):
  sem duais de arco
=================================================

TESTA ALLBEST

[ALLBEST GEROU CANDIDATA]
k=1
rc=-1371334.014805
custo=165.100000
seq=[0, 43, 32, 13, 15, 16, 26, 9, 2, 51]
Tempo total nessa geracao : 0.0s
Tempo total no NO: 4.1s
TAMANHO NOVAS COL 1

--- Nova Coluna ---
Veículo: 1
Sequência: [0, 43, 32, 13, 15, 16, 26, 9, 2, 51]
Custo: 165.10
Custo Reduzido: -1371334.014805
Clientes atendidos: [2, 9, 13, 15, 16, 26, 32, 43]

[Nó 0] Iter 29 - Obj = 1000387.3000  Colunas = 129 inst= instancias/c108.txt
[Nó 0] inst= instancias/c108.txt Colunas ativas na iteração 29: 
   veic=0 | col=0 | lambda=1.000000 | custo=62.1000 | rota=[0, 43, 42, 41, 40, 44, 46, 48, 45, 50, 49, 47, 51]
   veic=1 | col=0 | lambda=1.000000 | custo=69.8000 | rota=[0, 20, 5, 3, 7, 8, 11, 9, 6, 4, 2, 1, 51]
   veic=2 | col=0 | lambda=1.000000 | custo=54.1000 | rota=[0, 24, 25, 27, 30, 29, 28, 26, 23, 22, 21, 51]
   veic=3 | col=0 | lambda=1.000000 | custo=100.1000 | rota=[0, 33, 32, 31, 35, 38, 37, 39, 36, 34, 51]
   veic=4 | col=0 | lambda=1.000000 | custo=1000101.2000 | rota=[0, 13, 18, 17, 15, 19, 16, 14, 12, 10, 51]
MESMA FO-  Sem melhora 29 Recom 1000387.2999999999 Ultmf 1000387.2999999999  VALOR SUB 0.0
   valor recomposto = 1000387.300000

   valor recomposto = 1000387.300000

--- COBERTURA POR CLIENTE ---
cliente 01 | lambda=1.000000 | slack=0.000000 | y_low=0.000000 | y_up=0.000000 | total_real=1.000000
cliente 02 | lambda=1.000000 | slack=0.000000 | y_low=0.000000 | y_up=0.000000 | total_real=1.000000
cliente 03 | lambda=1.000000 | slack=0.000000 | y_low=0.000000 | y_up=0.000000 | total_real=1.000000
cliente 04 | lambda=1.000000 | slack=0.000000 | y_low=0.000000 | y_up=0.000000 | total_real=1.000000
cliente 05 | lambda=1.000000 | slack=0.000000 | y_low=0.000000 | y_up=0.000000 | total_real=1.000000
cliente 06 | lambda=1.000000 | slack=0.000000 | y_low=0.000000 | y_up=0.000000 | total_real=1.000000
cliente 07 | lambda=1.000000 | slack=0.000000 | y_low=0.000000 | y_up=0.000000 | total_real=1.000000
cliente 08 | lambda=1.000000 | slack=0.000000 | y_low=0.000000 | y_up=0.000000 | total_real=1.000000
cliente 09 | lambda=1.000000 | slack=0.000000 | y_low=0.000000 | y_up=0.000000 | total_real=1.000000
cliente 10 | lambda=1.000000 | slack=0.000000 | y_low=0.000000 | y_up=0.000000 | total_real=1.000000
cliente 11 | lambda=1.000000 | slack=0.000000 | y_low=0.000000 | y_up=0.000000 | total_real=1.000000
cliente 12 | lambda=1.000000 | slack=0.000000 | y_low=0.000000 | y_up=0.000000 | total_real=1.000000
cliente 13 | lambda=1.000000 | slack=0.000000 | y_low=0.000000 | y_up=0.000000 | total_real=1.000000
cliente 14 | lambda=1.000000 | slack=0.000000 | y_low=0.000000 | y_up=0.000000 | total_real=1.000000
cliente 15 | lambda=1.000000 | slack=0.000000 | y_low=0.000000 | y_up=0.000000 | total_real=1.000000
cliente 16 | lambda=1.000000 | slack=0.000000 | y_low=0.000000 | y_up=0.000000 | total_real=1.000000
cliente 17 | lambda=1.000000 | slack=0.000000 | y_low=0.000000 | y_up=0.000000 | total_real=1.000000
cliente 18 | lambda=1.000000 | slack=0.000000 | y_low=0.000000 | y_up=0.000000 | total_real=1.000000
cliente 19 | lambda=1.000000 | slack=0.000000 | y_low=0.000000 | y_up=0.000000 | total_real=1.000000
cliente 20 | lambda=1.000000 | slack=0.000000 | y_low=0.000000 | y_up=0.000000 | total_real=1.000000
cliente 21 | lambda=1.000000 | slack=0.000000 | y_low=0.000000 | y_up=0.000000 | total_real=1.000000
cliente 22 | lambda=1.000000 | slack=0.000000 | y_low=0.000000 | y_up=0.000000 | total_real=1.000000
cliente 23 | lambda=1.000000 | slack=0.000000 | y_low=0.000000 | y_up=0.000000 | total_real=1.000000
cliente 24 | lambda=1.000000 | slack=0.000000 | y_low=0.000000 | y_up=0.000000 | total_real=1.000000
cliente 25 | lambda=1.000000 | slack=0.000000 | y_low=0.000000 | y_up=0.000000 | total_real=1.000000
cliente 26 | lambda=1.000000 | slack=0.000000 | y_low=0.000000 | y_up=0.000000 | total_real=1.000000
cliente 27 | lambda=1.000000 | slack=0.000000 | y_low=0.000000 | y_up=0.000000 | total_real=1.000000
cliente 28 | lambda=1.000000 | slack=0.000000 | y_low=0.000000 | y_up=0.000000 | total_real=1.000000
cliente 29 | lambda=1.000000 | slack=0.000000 | y_low=0.000000 | y_up=0.000000 | total_real=1.000000
cliente 30 | lambda=1.000000 | slack=0.000000 | y_low=0.000000 | y_up=0.000000 | total_real=1.000000
cliente 31 | lambda=1.000000 | slack=0.000000 | y_low=0.000000 | y_up=0.000000 | total_real=1.000000
cliente 32 | lambda=1.000000 | slack=0.000000 | y_low=0.000000 | y_up=0.000000 | total_real=1.000000
cliente 33 | lambda=1.000000 | slack=0.000000 | y_low=0.000000 | y_up=0.000000 | total_real=1.000000
cliente 34 | lambda=1.000000 | slack=0.000000 | y_low=0.000000 | y_up=0.000000 | total_real=1.000000
cliente 35 | lambda=1.000000 | slack=0.000000 | y_low=0.000000 | y_up=0.000000 | total_real=1.000000
cliente 36 | lambda=1.000000 | slack=0.000000 | y_low=0.000000 | y_up=0.000000 | total_real=1.000000
cliente 37 | lambda=1.000000 | slack=0.000000 | y_low=0.000000 | y_up=0.000000 | total_real=1.000000
cliente 38 | lambda=1.000000 | slack=0.000000 | y_low=0.000000 | y_up=0.000000 | total_real=1.000000
cliente 39 | lambda=1.000000 | slack=0.000000 | y_low=0.000000 | y_up=0.000000 | total_real=1.000000
cliente 40 | lambda=1.000000 | slack=0.000000 | y_low=0.000000 | y_up=0.000000 | total_real=1.000000
cliente 41 | lambda=1.000000 | slack=0.000000 | y_low=0.000000 | y_up=0.000000 | total_real=1.000000
cliente 42 | lambda=1.000000 | slack=0.000000 | y_low=0.000000 | y_up=0.000000 | total_real=1.000000
cliente 43 | lambda=1.000000 | slack=0.000000 | y_low=0.000000 | y_up=0.000000 | total_real=1.000000
cliente 44 | lambda=1.000000 | slack=0.000000 | y_low=0.000000 | y_up=0.000000 | total_real=1.000000
cliente 45 | lambda=1.000000 | slack=0.000000 | y_low=0.000000 | y_up=0.000000 | total_real=1.000000
cliente 46 | lambda=1.000000 | slack=0.000000 | y_low=0.000000 | y_up=0.000000 | total_real=1.000000
cliente 47 | lambda=1.000000 | slack=0.000000 | y_low=0.000000 | y_up=0.000000 | total_real=1.000000
cliente 48 | lambda=1.000000 | slack=0.000000 | y_low=0.000000 | y_up=0.000000 | total_real=1.000000
cliente 49 | lambda=1.000000 | slack=0.000000 | y_low=0.000000 | y_up=0.000000 | total_real=1.000000
cliente 50 | lambda=1.000000 | slack=0.000000 | y_low=0.000000 | y_up=0.000000 | total_real=1.000000


================ DUAIS DO MESTRE ================

PI (clientes):
  pi[1] = -207503.795778
  pi[2] = -115015.017883
  pi[3] = -68760.211918
  pi[4] = -249728.026738
  pi[5] = -258763.076724
  pi[6] = -70084.626943
  pi[7] =  10000.000000
  pi[8] = -177477.979798
  pi[9] =  10000.000000
  pi[10] =  10000.000000
  pi[11] =  10000.000000
  pi[12] =  10000.000000
  pi[13] = -187301.335782
  pi[14] =  10000.000000
  pi[15] =  10000.000000
  pi[16] =  10000.000000
  pi[17] =  10000.000000
  pi[18] =  10000.000000
  pi[19] =  10000.000000
  pi[20] =  10000.000000
  pi[21] = -65111.810930
  pi[22] = -344284.975642
  pi[23] = -99358.280897
  pi[24] =  10000.000000
  pi[25] =  10000.000000
  pi[26] = -658593.368313
  pi[27] =  10000.000000
  pi[28] =  10000.000000
  pi[29] =  10000.000000
  pi[30] =  10000.000000
  pi[31] =  10000.000000
  pi[32] = -61052.135926
  pi[33] = -89651.941919
  pi[34] = -330952.102647
  pi[35] =  10000.000000
  pi[36] = -218274.436786
  pi[37] = -25333.483965
  pi[38] = -22346.042951
  pi[39] = -379692.291589
  pi[40] = -80928.467908
  pi[41] =  10000.000000
  pi[42] =  10000.000000
  pi[43] = -115275.577878
  pi[44] =  10000.000000
  pi[45] = -198258.112784
  pi[46] = -90702.010897
  pi[47] = -9978.500000
  pi[48] = -204639.134772
  pi[49] = -182738.852799
  pi[50] = -254819.778744

SIGMA (veículos):
  sigma[0] =  1107402.535782
  sigma[1] =  1107402.535782
  sigma[2] =  1107402.535782
  sigma[3] =  1107402.535782
  sigma[4] =  1107402.535782

MU (arcos):
  sem duais de arco
=================================================

TESTA ALLBEST

[ALLBEST GEROU CANDIDATA]
k=0
rc=-874002.088087
custo=237.800000
seq=[0, 18, 20, 44, 35, 37, 14, 21, 49, 47, 51]
Tempo total nessa geracao : 0.1s
Tempo total no NO: 4.2s
TAMANHO NOVAS COL 1

--- Nova Coluna ---
Veículo: 0
Sequência: [0, 18, 20, 44, 35, 37, 14, 21, 49, 47, 51]
Custo: 237.80
Custo Reduzido: -874002.088087
Clientes atendidos: [14, 18, 20, 21, 35, 37, 44, 47, 49]

[Nó 0] Rodando MIP periódico após 5 colunas...
Set parameter TimeLimit to value 30
Gurobi Optimizer version 13.0.2 build v13.0.2rc1 (win64 - Windows 11+.0 (26200.2))

CPU model: AMD Ryzen 9 9950X3D 16-Core Processor, instruction set [SSE2|AVX|AVX2|AVX512]
Thread count: 16 physical cores, 32 logical processors, using up to 32 threads

Non-default parameters:
TimeLimit  30

Optimize a model with 55 rows, 130 columns and 1481 nonzeros (Min)
Model fingerprint: 0xd43e6aa4
Model has 130 linear objective coefficients
Variable types: 0 continuous, 130 integer (130 binary)
Coefficient statistics:
  Matrix range     [1e+00, 1e+00]
  Objective range  [5e+01, 1e+06]
  Bounds range     [1e+00, 1e+00]
  RHS range        [1e+00, 1e+00]

Found heuristic solution: objective 1000387.3000
Presolve removed 55 rows and 130 columns
Presolve time: 0.00s
Presolve: All rows and columns removed

Explored 0 nodes (0 simplex iterations) in 0.00 seconds (0.00 work units)
Thread count was 1 (of 32 available processors)

Solution count 1: 1.00039e+06 

Optimal solution found (tolerance 1.00e-04)
Best objective 1.000387300000e+06, best bound 1.000387300000e+06, gap 0.0000%
[Nó 0] MIP periódico encontrou solução inteira válida. FO=1000387.300000
[Nó 0] Iter 30 - Obj = 1000387.3000  Colunas = 130 inst= instancias/c108.txt
[Nó 0] inst= instancias/c108.txt Colunas ativas na iteração 30: 
   veic=0 | col=0 | lambda=1.000000 | custo=62.1000 | rota=[0, 43, 42, 41, 40, 44, 46, 48, 45, 50, 49, 47, 51]
   veic=1 | col=0 | lambda=1.000000 | custo=69.8000 | rota=[0, 20, 5, 3, 7, 8, 11, 9, 6, 4, 2, 1, 51]
   veic=2 | col=0 | lambda=1.000000 | custo=54.1000 | rota=[0, 24, 25, 27, 30, 29, 28, 26, 23, 22, 21, 51]
   veic=3 | col=0 | lambda=1.000000 | custo=100.1000 | rota=[0, 33, 32, 31, 35, 38, 37, 39, 36, 34, 51]
   veic=4 | col=0 | lambda=1.000000 | custo=1000101.2000 | rota=[0, 13, 18, 17, 15, 19, 16, 14, 12, 10, 51]
MESMA FO-  Sem melhora 30 Recom 1000387.2999999999 Ultmf 1000387.2999999999  VALOR SUB 0.0
   valor recomposto = 1000387.300000

   valor recomposto = 1000387.300000

--- COBERTURA POR CLIENTE ---
cliente 01 | lambda=1.000000 | slack=0.000000 | y_low=0.000000 | y_up=0.000000 | total_real=1.000000
cliente 02 | lambda=1.000000 | slack=0.000000 | y_low=0.000000 | y_up=0.000000 | total_real=1.000000
cliente 03 | lambda=1.000000 | slack=0.000000 | y_low=0.000000 | y_up=0.000000 | total_real=1.000000
cliente 04 | lambda=1.000000 | slack=0.000000 | y_low=0.000000 | y_up=0.000000 | total_real=1.000000
cliente 05 | lambda=1.000000 | slack=0.000000 | y_low=0.000000 | y_up=0.000000 | total_real=1.000000
cliente 06 | lambda=1.000000 | slack=0.000000 | y_low=0.000000 | y_up=0.000000 | total_real=1.000000
cliente 07 | lambda=1.000000 | slack=0.000000 | y_low=0.000000 | y_up=0.000000 | total_real=1.000000
cliente 08 | lambda=1.000000 | slack=0.000000 | y_low=0.000000 | y_up=0.000000 | total_real=1.000000
cliente 09 | lambda=1.000000 | slack=0.000000 | y_low=0.000000 | y_up=0.000000 | total_real=1.000000
cliente 10 | lambda=1.000000 | slack=0.000000 | y_low=0.000000 | y_up=0.000000 | total_real=1.000000
cliente 11 | lambda=1.000000 | slack=0.000000 | y_low=0.000000 | y_up=0.000000 | total_real=1.000000
cliente 12 | lambda=1.000000 | slack=0.000000 | y_low=0.000000 | y_up=0.000000 | total_real=1.000000
cliente 13 | lambda=1.000000 | slack=0.000000 | y_low=0.000000 | y_up=0.000000 | total_real=1.000000
cliente 14 | lambda=1.000000 | slack=0.000000 | y_low=0.000000 | y_up=0.000000 | total_real=1.000000
cliente 15 | lambda=1.000000 | slack=0.000000 | y_low=0.000000 | y_up=0.000000 | total_real=1.000000
cliente 16 | lambda=1.000000 | slack=0.000000 | y_low=0.000000 | y_up=0.000000 | total_real=1.000000
cliente 17 | lambda=1.000000 | slack=0.000000 | y_low=0.000000 | y_up=0.000000 | total_real=1.000000
cliente 18 | lambda=1.000000 | slack=0.000000 | y_low=0.000000 | y_up=0.000000 | total_real=1.000000
cliente 19 | lambda=1.000000 | slack=0.000000 | y_low=0.000000 | y_up=0.000000 | total_real=1.000000
cliente 20 | lambda=1.000000 | slack=0.000000 | y_low=0.000000 | y_up=0.000000 | total_real=1.000000
cliente 21 | lambda=1.000000 | slack=0.000000 | y_low=0.000000 | y_up=0.000000 | total_real=1.000000
cliente 22 | lambda=1.000000 | slack=0.000000 | y_low=0.000000 | y_up=0.000000 | total_real=1.000000
cliente 23 | lambda=1.000000 | slack=0.000000 | y_low=0.000000 | y_up=0.000000 | total_real=1.000000
cliente 24 | lambda=1.000000 | slack=0.000000 | y_low=0.000000 | y_up=0.000000 | total_real=1.000000
cliente 25 | lambda=1.000000 | slack=0.000000 | y_low=0.000000 | y_up=0.000000 | total_real=1.000000
cliente 26 | lambda=1.000000 | slack=0.000000 | y_low=0.000000 | y_up=0.000000 | total_real=1.000000
cliente 27 | lambda=1.000000 | slack=0.000000 | y_low=0.000000 | y_up=0.000000 | total_real=1.000000
cliente 28 | lambda=1.000000 | slack=0.000000 | y_low=0.000000 | y_up=0.000000 | total_real=1.000000
cliente 29 | lambda=1.000000 | slack=0.000000 | y_low=0.000000 | y_up=0.000000 | total_real=1.000000
cliente 30 | lambda=1.000000 | slack=0.000000 | y_low=0.000000 | y_up=0.000000 | total_real=1.000000
cliente 31 | lambda=1.000000 | slack=0.000000 | y_low=0.000000 | y_up=0.000000 | total_real=1.000000
cliente 32 | lambda=1.000000 | slack=0.000000 | y_low=0.000000 | y_up=0.000000 | total_real=1.000000
cliente 33 | lambda=1.000000 | slack=0.000000 | y_low=0.000000 | y_up=0.000000 | total_real=1.000000
cliente 34 | lambda=1.000000 | slack=0.000000 | y_low=0.000000 | y_up=0.000000 | total_real=1.000000
cliente 35 | lambda=1.000000 | slack=0.000000 | y_low=0.000000 | y_up=0.000000 | total_real=1.000000
cliente 36 | lambda=1.000000 | slack=0.000000 | y_low=0.000000 | y_up=0.000000 | total_real=1.000000
cliente 37 | lambda=1.000000 | slack=0.000000 | y_low=0.000000 | y_up=0.000000 | total_real=1.000000
cliente 38 | lambda=1.000000 | slack=0.000000 | y_low=0.000000 | y_up=0.000000 | total_real=1.000000
cliente 39 | lambda=1.000000 | slack=0.000000 | y_low=0.000000 | y_up=0.000000 | total_real=1.000000
cliente 40 | lambda=1.000000 | slack=0.000000 | y_low=0.000000 | y_up=0.000000 | total_real=1.000000
cliente 41 | lambda=1.000000 | slack=0.000000 | y_low=0.000000 | y_up=0.000000 | total_real=1.000000
cliente 42 | lambda=1.000000 | slack=0.000000 | y_low=0.000000 | y_up=0.000000 | total_real=1.000000
cliente 43 | lambda=1.000000 | slack=0.000000 | y_low=0.000000 | y_up=0.000000 | total_real=1.000000
cliente 44 | lambda=1.000000 | slack=0.000000 | y_low=0.000000 | y_up=0.000000 | total_real=1.000000
cliente 45 | lambda=1.000000 | slack=0.000000 | y_low=0.000000 | y_up=0.000000 | total_real=1.000000
cliente 46 | lambda=1.000000 | slack=0.000000 | y_low=0.000000 | y_up=0.000000 | total_real=1.000000
cliente 47 | lambda=1.000000 | slack=0.000000 | y_low=0.000000 | y_up=0.000000 | total_real=1.000000
cliente 48 | lambda=1.000000 | slack=0.000000 | y_low=0.000000 | y_up=0.000000 | total_real=1.000000
cliente 49 | lambda=1.000000 | slack=0.000000 | y_low=0.000000 | y_up=0.000000 | total_real=1.000000
cliente 50 | lambda=1.000000 | slack=0.000000 | y_low=0.000000 | y_up=0.000000 | total_real=1.000000


================ DUAIS DO MESTRE ================

PI (clientes):
  pi[1] = -240224.706690
  pi[2] = -199233.619388
  pi[3] = -179171.322650
  pi[4] =  10000.000000
  pi[5] = -233698.333521
  pi[6] = -272103.150786
  pi[7] =  10000.000000
  pi[8] =  10000.000000
  pi[9] = -6661.414441
  pi[10] =  10000.000000
  pi[11] =  10000.000000
  pi[12] =  10000.000000
  pi[13] = -158904.391212
  pi[14] =  10000.000000
  pi[15] =  10000.000000
  pi[16] =  10000.000000
  pi[17] =  10000.000000
  pi[18] = -68528.464247
  pi[19] =  10000.000000
  pi[20] = -66371.707985
  pi[21] = -323978.007048
  pi[22] = -272471.985860
  pi[23] = -51055.737965
  pi[24] =  10000.000000
  pi[25] =  10000.000000
  pi[26] = -514957.006374
  pi[27] =  10000.000000
  pi[28] =  10000.000000
  pi[29] =  10000.000000
  pi[30] = -45017.218212
  pi[31] =  10000.000000
  pi[32] = -183248.545754
  pi[33] = -94462.135830
  pi[34] = -235195.895095
  pi[35] =  10000.000000
  pi[36] = -358626.117941
  pi[37] = -300911.598581
  pi[38] =  10000.000000
  pi[39] = -14989.662258
  pi[40] = -148264.899786
  pi[41] =  10000.000000
  pi[42] =  10000.000000
  pi[43] = -114363.978290
  pi[44] =  10000.000000
  pi[45] = -163024.584532
  pi[46] = -252709.889519
  pi[47] = -234755.020822
  pi[48] =  10000.000000
  pi[49] = -192751.456777
  pi[50] = -91602.125732

SIGMA (veículos):
  sigma[0] =  1157534.055459
  sigma[1] =  1157534.055459
  sigma[2] =  1157534.055459
  sigma[3] =  1157534.055459
  sigma[4] =  1157534.055459

MU (arcos):
  sem duais de arco
=================================================

TESTA ALLBEST

[ALLBEST GEROU CANDIDATA]
k=1
rc=-515762.287965
custo=218.500000
seq=[0, 20, 24, 35, 19, 30, 14, 23, 50, 49, 47, 51]
Tempo total nessa geracao : 0.1s
Tempo total no NO: 4.3s
TAMANHO NOVAS COL 1

--- Nova Coluna ---
Veículo: 1
Sequência: [0, 20, 24, 35, 19, 30, 14, 23, 50, 49, 47, 51]
Custo: 218.50
Custo Reduzido: -515762.287965
Clientes atendidos: [14, 19, 20, 23, 24, 30, 35, 47, 49, 50]

[Nó 0] Iter 31 - Obj = 1000387.3000  Colunas = 135 inst= instancias/c108.txt
[Nó 0] inst= instancias/c108.txt Colunas ativas na iteração 31: 
   veic=0 | col=0 | lambda=1.000000 | custo=62.1000 | rota=[0, 43, 42, 41, 40, 44, 46, 48, 45, 50, 49, 47, 51]
   veic=1 | col=0 | lambda=1.000000 | custo=69.8000 | rota=[0, 20, 5, 3, 7, 8, 11, 9, 6, 4, 2, 1, 51]
   veic=2 | col=0 | lambda=1.000000 | custo=54.1000 | rota=[0, 24, 25, 27, 30, 29, 28, 26, 23, 22, 21, 51]
   veic=3 | col=0 | lambda=1.000000 | custo=100.1000 | rota=[0, 33, 32, 31, 35, 38, 37, 39, 36, 34, 51]
   veic=4 | col=0 | lambda=1.000000 | custo=1000101.2000 | rota=[0, 13, 18, 17, 15, 19, 16, 14, 12, 10, 51]
MESMA FO-  Sem melhora 31 Recom 1000387.2999999999 Ultmf 1000387.2999999999  VALOR SUB 0.0
   valor recomposto = 1000387.300000

   valor recomposto = 1000387.300000

--- COBERTURA POR CLIENTE ---
cliente 01 | lambda=1.000000 | slack=0.000000 | y_low=0.000000 | y_up=0.000000 | total_real=1.000000
cliente 02 | lambda=1.000000 | slack=0.000000 | y_low=0.000000 | y_up=0.000000 | total_real=1.000000
cliente 03 | lambda=1.000000 | slack=0.000000 | y_low=0.000000 | y_up=0.000000 | total_real=1.000000
cliente 04 | lambda=1.000000 | slack=0.000000 | y_low=0.000000 | y_up=0.000000 | total_real=1.000000
cliente 05 | lambda=1.000000 | slack=0.000000 | y_low=0.000000 | y_up=0.000000 | total_real=1.000000
cliente 06 | lambda=1.000000 | slack=0.000000 | y_low=0.000000 | y_up=0.000000 | total_real=1.000000
cliente 07 | lambda=1.000000 | slack=0.000000 | y_low=0.000000 | y_up=0.000000 | total_real=1.000000
cliente 08 | lambda=1.000000 | slack=0.000000 | y_low=0.000000 | y_up=0.000000 | total_real=1.000000
cliente 09 | lambda=1.000000 | slack=0.000000 | y_low=0.000000 | y_up=0.000000 | total_real=1.000000
cliente 10 | lambda=1.000000 | slack=0.000000 | y_low=0.000000 | y_up=0.000000 | total_real=1.000000
cliente 11 | lambda=1.000000 | slack=0.000000 | y_low=0.000000 | y_up=0.000000 | total_real=1.000000
cliente 12 | lambda=1.000000 | slack=0.000000 | y_low=0.000000 | y_up=0.000000 | total_real=1.000000
cliente 13 | lambda=1.000000 | slack=0.000000 | y_low=0.000000 | y_up=0.000000 | total_real=1.000000
cliente 14 | lambda=1.000000 | slack=0.000000 | y_low=0.000000 | y_up=0.000000 | total_real=1.000000
cliente 15 | lambda=1.000000 | slack=0.000000 | y_low=0.000000 | y_up=0.000000 | total_real=1.000000
cliente 16 | lambda=1.000000 | slack=0.000000 | y_low=0.000000 | y_up=0.000000 | total_real=1.000000
cliente 17 | lambda=1.000000 | slack=0.000000 | y_low=0.000000 | y_up=0.000000 | total_real=1.000000
cliente 18 | lambda=1.000000 | slack=0.000000 | y_low=0.000000 | y_up=0.000000 | total_real=1.000000
cliente 19 | lambda=1.000000 | slack=0.000000 | y_low=0.000000 | y_up=0.000000 | total_real=1.000000
cliente 20 | lambda=1.000000 | slack=0.000000 | y_low=0.000000 | y_up=0.000000 | total_real=1.000000
cliente 21 | lambda=1.000000 | slack=0.000000 | y_low=0.000000 | y_up=0.000000 | total_real=1.000000
cliente 22 | lambda=1.000000 | slack=0.000000 | y_low=0.000000 | y_up=0.000000 | total_real=1.000000
cliente 23 | lambda=1.000000 | slack=0.000000 | y_low=0.000000 | y_up=0.000000 | total_real=1.000000
cliente 24 | lambda=1.000000 | slack=0.000000 | y_low=0.000000 | y_up=0.000000 | total_real=1.000000
cliente 25 | lambda=1.000000 | slack=0.000000 | y_low=0.000000 | y_up=0.000000 | total_real=1.000000
cliente 26 | lambda=1.000000 | slack=0.000000 | y_low=0.000000 | y_up=0.000000 | total_real=1.000000
cliente 27 | lambda=1.000000 | slack=0.000000 | y_low=0.000000 | y_up=0.000000 | total_real=1.000000
cliente 28 | lambda=1.000000 | slack=0.000000 | y_low=0.000000 | y_up=0.000000 | total_real=1.000000
cliente 29 | lambda=1.000000 | slack=0.000000 | y_low=0.000000 | y_up=0.000000 | total_real=1.000000
cliente 30 | lambda=1.000000 | slack=0.000000 | y_low=0.000000 | y_up=0.000000 | total_real=1.000000
cliente 31 | lambda=1.000000 | slack=0.000000 | y_low=0.000000 | y_up=0.000000 | total_real=1.000000
cliente 32 | lambda=1.000000 | slack=0.000000 | y_low=0.000000 | y_up=0.000000 | total_real=1.000000
cliente 33 | lambda=1.000000 | slack=0.000000 | y_low=0.000000 | y_up=0.000000 | total_real=1.000000
cliente 34 | lambda=1.000000 | slack=0.000000 | y_low=0.000000 | y_up=0.000000 | total_real=1.000000
cliente 35 | lambda=1.000000 | slack=0.000000 | y_low=0.000000 | y_up=0.000000 | total_real=1.000000
cliente 36 | lambda=1.000000 | slack=0.000000 | y_low=0.000000 | y_up=0.000000 | total_real=1.000000
cliente 37 | lambda=1.000000 | slack=0.000000 | y_low=0.000000 | y_up=0.000000 | total_real=1.000000
cliente 38 | lambda=1.000000 | slack=0.000000 | y_low=0.000000 | y_up=0.000000 | total_real=1.000000
cliente 39 | lambda=1.000000 | slack=0.000000 | y_low=0.000000 | y_up=0.000000 | total_real=1.000000
cliente 40 | lambda=1.000000 | slack=0.000000 | y_low=0.000000 | y_up=0.000000 | total_real=1.000000
cliente 41 | lambda=1.000000 | slack=0.000000 | y_low=0.000000 | y_up=0.000000 | total_real=1.000000
cliente 42 | lambda=1.000000 | slack=0.000000 | y_low=0.000000 | y_up=0.000000 | total_real=1.000000
cliente 43 | lambda=1.000000 | slack=0.000000 | y_low=0.000000 | y_up=0.000000 | total_real=1.000000
cliente 44 | lambda=1.000000 | slack=0.000000 | y_low=0.000000 | y_up=0.000000 | total_real=1.000000
cliente 45 | lambda=1.000000 | slack=0.000000 | y_low=0.000000 | y_up=0.000000 | total_real=1.000000
cliente 46 | lambda=1.000000 | slack=0.000000 | y_low=0.000000 | y_up=0.000000 | total_real=1.000000
cliente 47 | lambda=1.000000 | slack=0.000000 | y_low=0.000000 | y_up=0.000000 | total_real=1.000000
cliente 48 | lambda=1.000000 | slack=0.000000 | y_low=0.000000 | y_up=0.000000 | total_real=1.000000
cliente 49 | lambda=1.000000 | slack=0.000000 | y_low=0.000000 | y_up=0.000000 | total_real=1.000000
cliente 50 | lambda=1.000000 | slack=0.000000 | y_low=0.000000 | y_up=0.000000 | total_real=1.000000


================ DUAIS DO MESTRE ================

PI (clientes):
  pi[1] = -264598.506853
  pi[2] = -382492.981665
  pi[3] = -332568.998170
  pi[4] =  10000.000000
  pi[5] = -165061.390097
  pi[6] = -186388.625475
  pi[7] =  10000.000000
  pi[8] =  10000.000000
  pi[9] =  10000.000000
  pi[10] =  10000.000000
  pi[11] =  10000.000000
  pi[12] =  10000.000000
  pi[13] = -72446.881055
  pi[14] = -74578.883172
  pi[15] =  10000.000000
  pi[16] =  10000.000000
  pi[17] =  10000.000000
  pi[18] =  10000.000000
  pi[19] = -184053.338034
  pi[20] =  10000.000000
  pi[21] = -336859.638500
  pi[22] = -246161.277610
  pi[23] =  10000.000000
  pi[24] =  10000.000000
  pi[25] = -90558.067635
  pi[26] = -265060.182885
  pi[27] =  10000.000000
  pi[28] =  10000.000000
  pi[29] =  10000.000000
  pi[30] = -382487.035630
  pi[31] =  10000.000000
  pi[32] = -311478.790779
  pi[33] =  10000.000000
  pi[34] = -194176.252709
  pi[35] =  10000.000000
  pi[36] = -454344.969824
  pi[37] = -312339.144205
  pi[38] = -38741.044743
  pi[39] =  10000.000000
  pi[40] = -49675.224148
  pi[41] =  10000.000000
  pi[42] = -102602.603660
  pi[43] = -269536.365877
  pi[44] =  10000.000000
  pi[45] = -135664.041335
  pi[46] = -73797.421816
  pi[47] = -295144.841586
  pi[48] =  10000.000000
  pi[49] = -292019.994797
  pi[50] = -82677.709042

SIGMA (veículos):
  sigma[0] =  1271180.302260
  sigma[1] =  1271180.302260
  sigma[2] =  1271180.302260
  sigma[3] =  1271180.302260
  sigma[4] =  1271180.302260

MU (arcos):
  sem duais de arco
=================================================

TESTA ALLBEST

[ALLBEST GEROU CANDIDATA]
k=1
rc=-885229.717474
custo=258.100000
seq=[0, 24, 31, 40, 10, 38, 28, 4, 1, 50, 51]
Tempo total nessa geracao : 0.3s
Tempo total no NO: 4.7s
TAMANHO NOVAS COL 1

--- Nova Coluna ---
Veículo: 1
Sequência: [0, 24, 31, 40, 10, 38, 28, 4, 1, 50, 51]
Custo: 258.10
Custo Reduzido: -885229.717474
Clientes atendidos: [1, 4, 10, 24, 28, 31, 38, 40, 50]

[Nó 0] Iter 32 - Obj = 1000387.3000  Colunas = 140 inst= instancias/c108.txt
[Nó 0] inst= instancias/c108.txt Colunas ativas na iteração 32: 
   veic=0 | col=0 | lambda=1.000000 | custo=62.1000 | rota=[0, 43, 42, 41, 40, 44, 46, 48, 45, 50, 49, 47, 51]
   veic=1 | col=0 | lambda=1.000000 | custo=69.8000 | rota=[0, 20, 5, 3, 7, 8, 11, 9, 6, 4, 2, 1, 51]
   veic=2 | col=0 | lambda=1.000000 | custo=54.1000 | rota=[0, 24, 25, 27, 30, 29, 28, 26, 23, 22, 21, 51]
   veic=3 | col=0 | lambda=1.000000 | custo=100.1000 | rota=[0, 33, 32, 31, 35, 38, 37, 39, 36, 34, 51]
   veic=4 | col=0 | lambda=1.000000 | custo=1000101.2000 | rota=[0, 13, 18, 17, 15, 19, 16, 14, 12, 10, 51]
MESMA FO-  Sem melhora 32 Recom 1000387.2999999999 Ultmf 1000387.2999999999  VALOR SUB 0.0
   valor recomposto = 1000387.300000

   valor recomposto = 1000387.300000

--- COBERTURA POR CLIENTE ---
cliente 01 | lambda=1.000000 | slack=0.000000 | y_low=0.000000 | y_up=0.000000 | total_real=1.000000
cliente 02 | lambda=1.000000 | slack=0.000000 | y_low=0.000000 | y_up=0.000000 | total_real=1.000000
cliente 03 | lambda=1.000000 | slack=0.000000 | y_low=0.000000 | y_up=0.000000 | total_real=1.000000
cliente 04 | lambda=1.000000 | slack=0.000000 | y_low=0.000000 | y_up=0.000000 | total_real=1.000000
cliente 05 | lambda=1.000000 | slack=0.000000 | y_low=0.000000 | y_up=0.000000 | total_real=1.000000
cliente 06 | lambda=1.000000 | slack=0.000000 | y_low=0.000000 | y_up=0.000000 | total_real=1.000000
cliente 07 | lambda=1.000000 | slack=0.000000 | y_low=0.000000 | y_up=0.000000 | total_real=1.000000
cliente 08 | lambda=1.000000 | slack=0.000000 | y_low=0.000000 | y_up=0.000000 | total_real=1.000000
cliente 09 | lambda=1.000000 | slack=0.000000 | y_low=0.000000 | y_up=0.000000 | total_real=1.000000
cliente 10 | lambda=1.000000 | slack=0.000000 | y_low=0.000000 | y_up=0.000000 | total_real=1.000000
cliente 11 | lambda=1.000000 | slack=0.000000 | y_low=0.000000 | y_up=0.000000 | total_real=1.000000
cliente 12 | lambda=1.000000 | slack=0.000000 | y_low=0.000000 | y_up=0.000000 | total_real=1.000000
cliente 13 | lambda=1.000000 | slack=0.000000 | y_low=0.000000 | y_up=0.000000 | total_real=1.000000
cliente 14 | lambda=1.000000 | slack=0.000000 | y_low=0.000000 | y_up=0.000000 | total_real=1.000000
cliente 15 | lambda=1.000000 | slack=0.000000 | y_low=0.000000 | y_up=0.000000 | total_real=1.000000
cliente 16 | lambda=1.000000 | slack=0.000000 | y_low=0.000000 | y_up=0.000000 | total_real=1.000000
cliente 17 | lambda=1.000000 | slack=0.000000 | y_low=0.000000 | y_up=0.000000 | total_real=1.000000
cliente 18 | lambda=1.000000 | slack=0.000000 | y_low=0.000000 | y_up=0.000000 | total_real=1.000000
cliente 19 | lambda=1.000000 | slack=0.000000 | y_low=0.000000 | y_up=0.000000 | total_real=1.000000
cliente 20 | lambda=1.000000 | slack=0.000000 | y_low=0.000000 | y_up=0.000000 | total_real=1.000000
cliente 21 | lambda=1.000000 | slack=0.000000 | y_low=0.000000 | y_up=0.000000 | total_real=1.000000
cliente 22 | lambda=1.000000 | slack=0.000000 | y_low=0.000000 | y_up=0.000000 | total_real=1.000000
cliente 23 | lambda=1.000000 | slack=0.000000 | y_low=0.000000 | y_up=0.000000 | total_real=1.000000
cliente 24 | lambda=1.000000 | slack=0.000000 | y_low=0.000000 | y_up=0.000000 | total_real=1.000000
cliente 25 | lambda=1.000000 | slack=0.000000 | y_low=0.000000 | y_up=0.000000 | total_real=1.000000
cliente 26 | lambda=1.000000 | slack=0.000000 | y_low=0.000000 | y_up=0.000000 | total_real=1.000000
cliente 27 | lambda=1.000000 | slack=0.000000 | y_low=0.000000 | y_up=0.000000 | total_real=1.000000
cliente 28 | lambda=1.000000 | slack=0.000000 | y_low=0.000000 | y_up=0.000000 | total_real=1.000000
cliente 29 | lambda=1.000000 | slack=0.000000 | y_low=0.000000 | y_up=0.000000 | total_real=1.000000
cliente 30 | lambda=1.000000 | slack=0.000000 | y_low=0.000000 | y_up=0.000000 | total_real=1.000000
cliente 31 | lambda=1.000000 | slack=0.000000 | y_low=0.000000 | y_up=0.000000 | total_real=1.000000
cliente 32 | lambda=1.000000 | slack=0.000000 | y_low=0.000000 | y_up=0.000000 | total_real=1.000000
cliente 33 | lambda=1.000000 | slack=0.000000 | y_low=0.000000 | y_up=0.000000 | total_real=1.000000
cliente 34 | lambda=1.000000 | slack=0.000000 | y_low=0.000000 | y_up=0.000000 | total_real=1.000000
cliente 35 | lambda=1.000000 | slack=0.000000 | y_low=0.000000 | y_up=0.000000 | total_real=1.000000
cliente 36 | lambda=1.000000 | slack=0.000000 | y_low=0.000000 | y_up=0.000000 | total_real=1.000000
cliente 37 | lambda=1.000000 | slack=0.000000 | y_low=0.000000 | y_up=0.000000 | total_real=1.000000
cliente 38 | lambda=1.000000 | slack=0.000000 | y_low=0.000000 | y_up=0.000000 | total_real=1.000000
cliente 39 | lambda=1.000000 | slack=0.000000 | y_low=0.000000 | y_up=0.000000 | total_real=1.000000
cliente 40 | lambda=1.000000 | slack=0.000000 | y_low=0.000000 | y_up=0.000000 | total_real=1.000000
cliente 41 | lambda=1.000000 | slack=0.000000 | y_low=0.000000 | y_up=0.000000 | total_real=1.000000
cliente 42 | lambda=1.000000 | slack=0.000000 | y_low=0.000000 | y_up=0.000000 | total_real=1.000000
cliente 43 | lambda=1.000000 | slack=0.000000 | y_low=0.000000 | y_up=0.000000 | total_real=1.000000
cliente 44 | lambda=1.000000 | slack=0.000000 | y_low=0.000000 | y_up=0.000000 | total_real=1.000000
cliente 45 | lambda=1.000000 | slack=0.000000 | y_low=0.000000 | y_up=0.000000 | total_real=1.000000
cliente 46 | lambda=1.000000 | slack=0.000000 | y_low=0.000000 | y_up=0.000000 | total_real=1.000000
cliente 47 | lambda=1.000000 | slack=0.000000 | y_low=0.000000 | y_up=0.000000 | total_real=1.000000
cliente 48 | lambda=1.000000 | slack=0.000000 | y_low=0.000000 | y_up=0.000000 | total_real=1.000000
cliente 49 | lambda=1.000000 | slack=0.000000 | y_low=0.000000 | y_up=0.000000 | total_real=1.000000
cliente 50 | lambda=1.000000 | slack=0.000000 | y_low=0.000000 | y_up=0.000000 | total_real=1.000000


================ DUAIS DO MESTRE ================

PI (clientes):
  pi[1] = -414821.288638
  pi[2] = -364605.371632
  pi[3] = -111760.401768
  pi[4] = -110563.442778
  pi[5] = -187711.249885
  pi[6] = -58681.591579
  pi[7] =  10000.000000
  pi[8] =  10000.000000
  pi[9] = -142357.009062
  pi[10] = -107962.080054
  pi[11] =  10000.000000
  pi[12] =  10000.000000
  pi[13] = -206895.586154
  pi[14] = -95611.289134
  pi[15] =  10000.000000
  pi[16] =  10000.000000
  pi[17] =  10000.000000
  pi[18] =  10000.000000
  pi[19] =  10000.000000
  pi[20] =  10000.000000
  pi[21] = -381944.793988
  pi[22] = -113555.506128
  pi[23] =  10000.000000
  pi[24] =  10000.000000
  pi[25] = -226615.216607
  pi[26] = -153598.251102
  pi[27] =  10000.000000
  pi[28] = -25902.973539
  pi[29] =  10000.000000
  pi[30] = -488899.313978
  pi[31] = -126389.531401
  pi[32] = -198910.131475
  pi[33] =  10000.000000
  pi[34] = -276338.020393
  pi[35] =  10000.000000
  pi[36] = -267417.949777
  pi[37] = -153982.597492
  pi[38] = -244076.846650
  pi[39] =  10000.000000
  pi[40] = -273548.514781
  pi[41] =  10000.000000
  pi[42] =  10000.000000
  pi[43] = -304038.705917
  pi[44] =  10000.000000
  pi[45] = -7079.782414
  pi[46] =  10000.000000
  pi[47] = -394918.499600
  pi[48] =  10000.000000
  pi[49] = -363875.175129
  pi[50] = -57047.377501

SIGMA (veículos):
  sigma[0] =  1350570.155342
  sigma[1] =  1350570.155342
  sigma[2] =  1350570.155342
  sigma[3] =  1237215.177187
  sigma[4] =  1350570.155342

MU (arcos):
  sem duais de arco
=================================================

TESTA ALLBEST

[ALLBEST GEROU CANDIDATA]
k=1
rc=-291506.500078
custo=189.400000
seq=[0, 20, 31, 24, 10, 15, 12, 6, 23, 50, 49, 47, 51]
Tempo total nessa geracao : 0.4s
Tempo total no NO: 5.4s
TAMANHO NOVAS COL 1

--- Nova Coluna ---
Veículo: 1
Sequência: [0, 20, 31, 24, 10, 15, 12, 6, 23, 50, 49, 47, 51]
Custo: 189.40
Custo Reduzido: -291506.500078
Clientes atendidos: [6, 10, 12, 15, 20, 23, 24, 31, 47, 49, 50]

[Nó 0] Iter 33 - Obj = 1000387.3000  Colunas = 143 inst= instancias/c108.txt
[Nó 0] inst= instancias/c108.txt Colunas ativas na iteração 33: 
   veic=0 | col=0 | lambda=1.000000 | custo=62.1000 | rota=[0, 43, 42, 41, 40, 44, 46, 48, 45, 50, 49, 47, 51]
   veic=1 | col=0 | lambda=1.000000 | custo=69.8000 | rota=[0, 20, 5, 3, 7, 8, 11, 9, 6, 4, 2, 1, 51]
   veic=2 | col=0 | lambda=1.000000 | custo=54.1000 | rota=[0, 24, 25, 27, 30, 29, 28, 26, 23, 22, 21, 51]
   veic=3 | col=0 | lambda=1.000000 | custo=100.1000 | rota=[0, 33, 32, 31, 35, 38, 37, 39, 36, 34, 51]
   veic=4 | col=0 | lambda=1.000000 | custo=1000101.2000 | rota=[0, 13, 18, 17, 15, 19, 16, 14, 12, 10, 51]
MESMA FO-  Sem melhora 33 Recom 1000387.2999999999 Ultmf 1000387.2999999999  VALOR SUB 0.0
   valor recomposto = 1000387.300000

   valor recomposto = 1000387.300000

--- COBERTURA POR CLIENTE ---
cliente 01 | lambda=1.000000 | slack=0.000000 | y_low=0.000000 | y_up=0.000000 | total_real=1.000000
cliente 02 | lambda=1.000000 | slack=0.000000 | y_low=0.000000 | y_up=0.000000 | total_real=1.000000
cliente 03 | lambda=1.000000 | slack=0.000000 | y_low=0.000000 | y_up=0.000000 | total_real=1.000000
cliente 04 | lambda=1.000000 | slack=0.000000 | y_low=0.000000 | y_up=0.000000 | total_real=1.000000
cliente 05 | lambda=1.000000 | slack=0.000000 | y_low=0.000000 | y_up=0.000000 | total_real=1.000000
cliente 06 | lambda=1.000000 | slack=0.000000 | y_low=0.000000 | y_up=0.000000 | total_real=1.000000
cliente 07 | lambda=1.000000 | slack=0.000000 | y_low=0.000000 | y_up=0.000000 | total_real=1.000000
cliente 08 | lambda=1.000000 | slack=0.000000 | y_low=0.000000 | y_up=0.000000 | total_real=1.000000
cliente 09 | lambda=1.000000 | slack=0.000000 | y_low=0.000000 | y_up=0.000000 | total_real=1.000000
cliente 10 | lambda=1.000000 | slack=0.000000 | y_low=0.000000 | y_up=0.000000 | total_real=1.000000
cliente 11 | lambda=1.000000 | slack=0.000000 | y_low=0.000000 | y_up=0.000000 | total_real=1.000000
cliente 12 | lambda=1.000000 | slack=0.000000 | y_low=0.000000 | y_up=0.000000 | total_real=1.000000
cliente 13 | lambda=1.000000 | slack=0.000000 | y_low=0.000000 | y_up=0.000000 | total_real=1.000000
cliente 14 | lambda=1.000000 | slack=0.000000 | y_low=0.000000 | y_up=0.000000 | total_real=1.000000
cliente 15 | lambda=1.000000 | slack=0.000000 | y_low=0.000000 | y_up=0.000000 | total_real=1.000000
cliente 16 | lambda=1.000000 | slack=0.000000 | y_low=0.000000 | y_up=0.000000 | total_real=1.000000
cliente 17 | lambda=1.000000 | slack=0.000000 | y_low=0.000000 | y_up=0.000000 | total_real=1.000000
cliente 18 | lambda=1.000000 | slack=0.000000 | y_low=0.000000 | y_up=0.000000 | total_real=1.000000
cliente 19 | lambda=1.000000 | slack=0.000000 | y_low=0.000000 | y_up=0.000000 | total_real=1.000000
cliente 20 | lambda=1.000000 | slack=0.000000 | y_low=0.000000 | y_up=0.000000 | total_real=1.000000
cliente 21 | lambda=1.000000 | slack=0.000000 | y_low=0.000000 | y_up=0.000000 | total_real=1.000000
cliente 22 | lambda=1.000000 | slack=0.000000 | y_low=0.000000 | y_up=0.000000 | total_real=1.000000
cliente 23 | lambda=1.000000 | slack=0.000000 | y_low=0.000000 | y_up=0.000000 | total_real=1.000000
cliente 24 | lambda=1.000000 | slack=0.000000 | y_low=0.000000 | y_up=0.000000 | total_real=1.000000
cliente 25 | lambda=1.000000 | slack=0.000000 | y_low=0.000000 | y_up=0.000000 | total_real=1.000000
cliente 26 | lambda=1.000000 | slack=0.000000 | y_low=0.000000 | y_up=0.000000 | total_real=1.000000
cliente 27 | lambda=1.000000 | slack=0.000000 | y_low=0.000000 | y_up=0.000000 | total_real=1.000000
cliente 28 | lambda=1.000000 | slack=0.000000 | y_low=0.000000 | y_up=0.000000 | total_real=1.000000
cliente 29 | lambda=1.000000 | slack=0.000000 | y_low=0.000000 | y_up=0.000000 | total_real=1.000000
cliente 30 | lambda=1.000000 | slack=0.000000 | y_low=0.000000 | y_up=0.000000 | total_real=1.000000
cliente 31 | lambda=1.000000 | slack=0.000000 | y_low=0.000000 | y_up=0.000000 | total_real=1.000000
cliente 32 | lambda=1.000000 | slack=0.000000 | y_low=0.000000 | y_up=0.000000 | total_real=1.000000
cliente 33 | lambda=1.000000 | slack=0.000000 | y_low=0.000000 | y_up=0.000000 | total_real=1.000000
cliente 34 | lambda=1.000000 | slack=0.000000 | y_low=0.000000 | y_up=0.000000 | total_real=1.000000
cliente 35 | lambda=1.000000 | slack=0.000000 | y_low=0.000000 | y_up=0.000000 | total_real=1.000000
cliente 36 | lambda=1.000000 | slack=0.000000 | y_low=0.000000 | y_up=0.000000 | total_real=1.000000
cliente 37 | lambda=1.000000 | slack=0.000000 | y_low=0.000000 | y_up=0.000000 | total_real=1.000000
cliente 38 | lambda=1.000000 | slack=0.000000 | y_low=0.000000 | y_up=0.000000 | total_real=1.000000
cliente 39 | lambda=1.000000 | slack=0.000000 | y_low=0.000000 | y_up=0.000000 | total_real=1.000000
cliente 40 | lambda=1.000000 | slack=0.000000 | y_low=0.000000 | y_up=0.000000 | total_real=1.000000
cliente 41 | lambda=1.000000 | slack=0.000000 | y_low=0.000000 | y_up=0.000000 | total_real=1.000000
cliente 42 | lambda=1.000000 | slack=0.000000 | y_low=0.000000 | y_up=0.000000 | total_real=1.000000
cliente 43 | lambda=1.000000 | slack=0.000000 | y_low=0.000000 | y_up=0.000000 | total_real=1.000000
cliente 44 | lambda=1.000000 | slack=0.000000 | y_low=0.000000 | y_up=0.000000 | total_real=1.000000
cliente 45 | lambda=1.000000 | slack=0.000000 | y_low=0.000000 | y_up=0.000000 | total_real=1.000000
cliente 46 | lambda=1.000000 | slack=0.000000 | y_low=0.000000 | y_up=0.000000 | total_real=1.000000
cliente 47 | lambda=1.000000 | slack=0.000000 | y_low=0.000000 | y_up=0.000000 | total_real=1.000000
cliente 48 | lambda=1.000000 | slack=0.000000 | y_low=0.000000 | y_up=0.000000 | total_real=1.000000
cliente 49 | lambda=1.000000 | slack=0.000000 | y_low=0.000000 | y_up=0.000000 | total_real=1.000000
cliente 50 | lambda=1.000000 | slack=0.000000 | y_low=0.000000 | y_up=0.000000 | total_real=1.000000


================ DUAIS DO MESTRE ================

PI (clientes):
  pi[1] = -397443.236532
  pi[2] = -491606.640770
  pi[3] = -104976.133018
  pi[4] = -95150.026411
  pi[5] = -63989.108427
  pi[6] = -174686.820941
  pi[7] =  10000.000000
  pi[8] =  10000.000000
  pi[9] = -167601.228470
  pi[10] = -271065.911202
  pi[11] =  10000.000000
  pi[12] = -29134.983996
  pi[13] = -143359.485204
  pi[14] = -61861.414168
  pi[15] =  10000.000000
  pi[16] =  10000.000000
  pi[17] =  10000.000000
  pi[18] =  10000.000000
  pi[19] =  10000.000000
  pi[20] =  10000.000000
  pi[21] = -413045.134624
  pi[22] = -104006.875163
  pi[23] = -50078.361584
  pi[24] =  10000.000000
  pi[25] = -289560.647353
  pi[26] = -170753.468159
  pi[27] =  10000.000000
  pi[28] =  10000.000000
  pi[29] =  10000.000000
  pi[30] = -468024.407688
  pi[31] = -147936.077421
  pi[32] = -160276.839696
  pi[33] =  10000.000000
  pi[34] = -347898.869796
  pi[35] =  10000.000000
  pi[36] = -418963.481173
  pi[37] = -203402.489426
  pi[38] = -206945.137057
  pi[39] =  10000.000000
  pi[40] = -258360.351169
  pi[41] =  10000.000000
  pi[42] =  10000.000000
  pi[43] = -341760.232271
  pi[44] =  10000.000000
  pi[45] =  10000.000000
  pi[46] =  10000.000000
  pi[47] = -512767.853252
  pi[48] =  10000.000000
  pi[49] = -304208.303101
  pi[50] = -98364.154778

SIGMA (veículos):
  sigma[0] =  1455522.994570
  sigma[1] =  1455522.994570
  sigma[2] =  1455522.994570
  sigma[3] =  1455522.994570
  sigma[4] =  1455522.994570

MU (arcos):
  sem duais de arco
=================================================

TESTA ALLBEST

[ALLBEST GEROU CANDIDATA]
k=4
rc=-649566.140483
custo=260.900000
seq=[0, 17, 33, 35, 27, 16, 45, 23, 21, 50, 49, 51]
Tempo total nessa geracao : 0.6s
Tempo total no NO: 6.2s
TAMANHO NOVAS COL 1

--- Nova Coluna ---
Veículo: 4
Sequência: [0, 17, 33, 35, 27, 16, 45, 23, 21, 50, 49, 51]
Custo: 260.90
Custo Reduzido: -649566.140483
Clientes atendidos: [16, 17, 21, 23, 27, 33, 35, 45, 49, 50]

[Nó 0] Iter 34 - Obj = 1000387.3000  Colunas = 148 inst= instancias/c108.txt
[Nó 0] inst= instancias/c108.txt Colunas ativas na iteração 34: 
   veic=0 | col=0 | lambda=1.000000 | custo=62.1000 | rota=[0, 43, 42, 41, 40, 44, 46, 48, 45, 50, 49, 47, 51]
   veic=1 | col=0 | lambda=1.000000 | custo=69.8000 | rota=[0, 20, 5, 3, 7, 8, 11, 9, 6, 4, 2, 1, 51]
   veic=2 | col=0 | lambda=1.000000 | custo=54.1000 | rota=[0, 24, 25, 27, 30, 29, 28, 26, 23, 22, 21, 51]
   veic=3 | col=0 | lambda=1.000000 | custo=100.1000 | rota=[0, 33, 32, 31, 35, 38, 37, 39, 36, 34, 51]
   veic=4 | col=0 | lambda=1.000000 | custo=1000101.2000 | rota=[0, 13, 18, 17, 15, 19, 16, 14, 12, 10, 51]
MESMA FO-  Sem melhora 34 Recom 1000387.2999999999 Ultmf 1000387.2999999999  VALOR SUB 0.0
   valor recomposto = 1000387.300000

   valor recomposto = 1000387.300000

--- COBERTURA POR CLIENTE ---
cliente 01 | lambda=1.000000 | slack=0.000000 | y_low=0.000000 | y_up=0.000000 | total_real=1.000000
cliente 02 | lambda=1.000000 | slack=0.000000 | y_low=0.000000 | y_up=0.000000 | total_real=1.000000
cliente 03 | lambda=1.000000 | slack=0.000000 | y_low=0.000000 | y_up=0.000000 | total_real=1.000000
cliente 04 | lambda=1.000000 | slack=0.000000 | y_low=0.000000 | y_up=0.000000 | total_real=1.000000
cliente 05 | lambda=1.000000 | slack=0.000000 | y_low=0.000000 | y_up=0.000000 | total_real=1.000000
cliente 06 | lambda=1.000000 | slack=0.000000 | y_low=0.000000 | y_up=0.000000 | total_real=1.000000
cliente 07 | lambda=1.000000 | slack=0.000000 | y_low=0.000000 | y_up=0.000000 | total_real=1.000000
cliente 08 | lambda=1.000000 | slack=0.000000 | y_low=0.000000 | y_up=0.000000 | total_real=1.000000
cliente 09 | lambda=1.000000 | slack=0.000000 | y_low=0.000000 | y_up=0.000000 | total_real=1.000000
cliente 10 | lambda=1.000000 | slack=0.000000 | y_low=0.000000 | y_up=0.000000 | total_real=1.000000
cliente 11 | lambda=1.000000 | slack=0.000000 | y_low=0.000000 | y_up=0.000000 | total_real=1.000000
cliente 12 | lambda=1.000000 | slack=0.000000 | y_low=0.000000 | y_up=0.000000 | total_real=1.000000
cliente 13 | lambda=1.000000 | slack=0.000000 | y_low=0.000000 | y_up=0.000000 | total_real=1.000000
cliente 14 | lambda=1.000000 | slack=0.000000 | y_low=0.000000 | y_up=0.000000 | total_real=1.000000
cliente 15 | lambda=1.000000 | slack=0.000000 | y_low=0.000000 | y_up=0.000000 | total_real=1.000000
cliente 16 | lambda=1.000000 | slack=0.000000 | y_low=0.000000 | y_up=0.000000 | total_real=1.000000
cliente 17 | lambda=1.000000 | slack=0.000000 | y_low=0.000000 | y_up=0.000000 | total_real=1.000000
cliente 18 | lambda=1.000000 | slack=0.000000 | y_low=0.000000 | y_up=0.000000 | total_real=1.000000
cliente 19 | lambda=1.000000 | slack=0.000000 | y_low=0.000000 | y_up=0.000000 | total_real=1.000000
cliente 20 | lambda=1.000000 | slack=0.000000 | y_low=0.000000 | y_up=0.000000 | total_real=1.000000
cliente 21 | lambda=1.000000 | slack=0.000000 | y_low=0.000000 | y_up=0.000000 | total_real=1.000000
cliente 22 | lambda=1.000000 | slack=0.000000 | y_low=0.000000 | y_up=0.000000 | total_real=1.000000
cliente 23 | lambda=1.000000 | slack=0.000000 | y_low=0.000000 | y_up=0.000000 | total_real=1.000000
cliente 24 | lambda=1.000000 | slack=0.000000 | y_low=0.000000 | y_up=0.000000 | total_real=1.000000
cliente 25 | lambda=1.000000 | slack=0.000000 | y_low=0.000000 | y_up=0.000000 | total_real=1.000000
cliente 26 | lambda=1.000000 | slack=0.000000 | y_low=0.000000 | y_up=0.000000 | total_real=1.000000
cliente 27 | lambda=1.000000 | slack=0.000000 | y_low=0.000000 | y_up=0.000000 | total_real=1.000000
cliente 28 | lambda=1.000000 | slack=0.000000 | y_low=0.000000 | y_up=0.000000 | total_real=1.000000
cliente 29 | lambda=1.000000 | slack=0.000000 | y_low=0.000000 | y_up=0.000000 | total_real=1.000000
cliente 30 | lambda=1.000000 | slack=0.000000 | y_low=0.000000 | y_up=0.000000 | total_real=1.000000
cliente 31 | lambda=1.000000 | slack=0.000000 | y_low=0.000000 | y_up=0.000000 | total_real=1.000000
cliente 32 | lambda=1.000000 | slack=0.000000 | y_low=0.000000 | y_up=0.000000 | total_real=1.000000
cliente 33 | lambda=1.000000 | slack=0.000000 | y_low=0.000000 | y_up=0.000000 | total_real=1.000000
cliente 34 | lambda=1.000000 | slack=0.000000 | y_low=0.000000 | y_up=0.000000 | total_real=1.000000
cliente 35 | lambda=1.000000 | slack=0.000000 | y_low=0.000000 | y_up=0.000000 | total_real=1.000000
cliente 36 | lambda=1.000000 | slack=0.000000 | y_low=0.000000 | y_up=0.000000 | total_real=1.000000
cliente 37 | lambda=1.000000 | slack=0.000000 | y_low=0.000000 | y_up=0.000000 | total_real=1.000000
cliente 38 | lambda=1.000000 | slack=0.000000 | y_low=0.000000 | y_up=0.000000 | total_real=1.000000
cliente 39 | lambda=1.000000 | slack=0.000000 | y_low=0.000000 | y_up=0.000000 | total_real=1.000000
cliente 40 | lambda=1.000000 | slack=0.000000 | y_low=0.000000 | y_up=0.000000 | total_real=1.000000
cliente 41 | lambda=1.000000 | slack=0.000000 | y_low=0.000000 | y_up=0.000000 | total_real=1.000000
cliente 42 | lambda=1.000000 | slack=0.000000 | y_low=0.000000 | y_up=0.000000 | total_real=1.000000
cliente 43 | lambda=1.000000 | slack=0.000000 | y_low=0.000000 | y_up=0.000000 | total_real=1.000000
cliente 44 | lambda=1.000000 | slack=0.000000 | y_low=0.000000 | y_up=0.000000 | total_real=1.000000
cliente 45 | lambda=1.000000 | slack=0.000000 | y_low=0.000000 | y_up=0.000000 | total_real=1.000000
cliente 46 | lambda=1.000000 | slack=0.000000 | y_low=0.000000 | y_up=0.000000 | total_real=1.000000
cliente 47 | lambda=1.000000 | slack=0.000000 | y_low=0.000000 | y_up=0.000000 | total_real=1.000000
cliente 48 | lambda=1.000000 | slack=0.000000 | y_low=0.000000 | y_up=0.000000 | total_real=1.000000
cliente 49 | lambda=1.000000 | slack=0.000000 | y_low=0.000000 | y_up=0.000000 | total_real=1.000000
cliente 50 | lambda=1.000000 | slack=0.000000 | y_low=0.000000 | y_up=0.000000 | total_real=1.000000


================ DUAIS DO MESTRE ================

PI (clientes):
  pi[1] = -492517.260720
  pi[2] = -193155.642333
  pi[3] =  10000.000000
  pi[4] = -280519.655676
  pi[5] =  10000.000000
  pi[6] = -221189.527715
  pi[7] =  10000.000000
  pi[8] =  10000.000000
  pi[9] = -184939.242021
  pi[10] =  10000.000000
  pi[11] =  10000.000000
  pi[12] =  10000.000000
  pi[13] =  10000.000000
  pi[14] = -175986.963393
  pi[15] = -28215.955109
  pi[16] = -168229.845701
  pi[17] =  10000.000000
  pi[18] =  10000.000000
  pi[19] =  10000.000000
  pi[20] =  10000.000000
  pi[21] = -302861.045015
  pi[22] = -143710.711644
  pi[23] = -184563.486652
  pi[24] = -128158.643434
  pi[25] = -109980.000241
  pi[26] = -350873.585195
  pi[27] = -48942.972592
  pi[28] =  10000.000000
  pi[29] =  10000.000000
  pi[30] = -63389.419431
  pi[31] =  10000.000000
  pi[32] = -118247.292940
  pi[33] = -292676.920206
  pi[34] = -257490.678546
  pi[35] =  10000.000000
  pi[36] = -307350.983256
  pi[37] = -256261.234226
  pi[38] = -110406.755029
  pi[39] =  10000.000000
  pi[40] = -157643.519620
  pi[41] =  10000.000000
  pi[42] =  10000.000000
  pi[43] = -278707.300904
  pi[44] =  10000.000000
  pi[45] =  10000.000000
  pi[46] =  10000.000000
  pi[47] = -445218.157257
  pi[48] = -135904.092386
  pi[49] = -171968.764311
  pi[50] = -173030.029725

SIGMA (veículos):
  sigma[0] =  1312533.964203
  sigma[1] =  1312533.964203
  sigma[2] =  1312533.964203
  sigma[3] =  1312533.964203
  sigma[4] =  1312533.964203

MU (arcos):
  sem duais de arco
=================================================

TESTA ALLBEST

[ALLBEST GEROU CANDIDATA]
k=2
rc=-907941.278110
custo=290.500000
seq=[0, 42, 31, 18, 15, 38, 45, 12, 22, 49, 51]
Tempo total nessa geracao : 0.3s
Tempo total no NO: 6.8s
TAMANHO NOVAS COL 1

--- Nova Coluna ---
Veículo: 2
Sequência: [0, 42, 31, 18, 15, 38, 45, 12, 22, 49, 51]
Custo: 290.50
Custo Reduzido: -907941.278110
Clientes atendidos: [12, 15, 18, 22, 31, 38, 42, 45, 49]

[Nó 0] Rodando MIP periódico após 5 colunas...
Set parameter TimeLimit to value 30
Gurobi Optimizer version 13.0.2 build v13.0.2rc1 (win64 - Windows 11+.0 (26200.2))

CPU model: AMD Ryzen 9 9950X3D 16-Core Processor, instruction set [SSE2|AVX|AVX2|AVX512]
Thread count: 16 physical cores, 32 logical processors, using up to 32 threads

Non-default parameters:
TimeLimit  30

Optimize a model with 55 rows, 152 columns and 1717 nonzeros (Min)
Model fingerprint: 0xe79ee4c8
Model has 152 linear objective coefficients
Variable types: 0 continuous, 152 integer (152 binary)
Coefficient statistics:
  Matrix range     [1e+00, 1e+00]
  Objective range  [5e+01, 1e+06]
  Bounds range     [1e+00, 1e+00]
  RHS range        [1e+00, 1e+00]

Found heuristic solution: objective 1000387.3000
Presolve removed 55 rows and 152 columns
Presolve time: 0.01s
Presolve: All rows and columns removed

Explored 0 nodes (0 simplex iterations) in 0.01 seconds (0.00 work units)
Thread count was 1 (of 32 available processors)

Solution count 1: 1.00039e+06 

Optimal solution found (tolerance 1.00e-04)
Best objective 1.000387300000e+06, best bound 1.000387300000e+06, gap 0.0000%
[Nó 0] MIP periódico encontrou solução inteira válida. FO=1000387.300000
[Nó 0] Iter 35 - Obj = 1000387.3000  Colunas = 152 inst= instancias/c108.txt
[Nó 0] inst= instancias/c108.txt Colunas ativas na iteração 35: 
   veic=0 | col=0 | lambda=1.000000 | custo=62.1000 | rota=[0, 43, 42, 41, 40, 44, 46, 48, 45, 50, 49, 47, 51]
   veic=1 | col=0 | lambda=1.000000 | custo=69.8000 | rota=[0, 20, 5, 3, 7, 8, 11, 9, 6, 4, 2, 1, 51]
   veic=2 | col=0 | lambda=1.000000 | custo=54.1000 | rota=[0, 24, 25, 27, 30, 29, 28, 26, 23, 22, 21, 51]
   veic=3 | col=0 | lambda=1.000000 | custo=100.1000 | rota=[0, 33, 32, 31, 35, 38, 37, 39, 36, 34, 51]
   veic=4 | col=0 | lambda=1.000000 | custo=1000101.2000 | rota=[0, 13, 18, 17, 15, 19, 16, 14, 12, 10, 51]
MESMA FO-  Sem melhora 35 Recom 1000387.2999999999 Ultmf 1000387.2999999999  VALOR SUB 0.0
   valor recomposto = 1000387.300000

   valor recomposto = 1000387.300000

--- COBERTURA POR CLIENTE ---
cliente 01 | lambda=1.000000 | slack=0.000000 | y_low=0.000000 | y_up=0.000000 | total_real=1.000000
cliente 02 | lambda=1.000000 | slack=0.000000 | y_low=0.000000 | y_up=0.000000 | total_real=1.000000
cliente 03 | lambda=1.000000 | slack=0.000000 | y_low=0.000000 | y_up=0.000000 | total_real=1.000000
cliente 04 | lambda=1.000000 | slack=0.000000 | y_low=0.000000 | y_up=0.000000 | total_real=1.000000
cliente 05 | lambda=1.000000 | slack=0.000000 | y_low=0.000000 | y_up=0.000000 | total_real=1.000000
cliente 06 | lambda=1.000000 | slack=0.000000 | y_low=0.000000 | y_up=0.000000 | total_real=1.000000
cliente 07 | lambda=1.000000 | slack=0.000000 | y_low=0.000000 | y_up=0.000000 | total_real=1.000000
cliente 08 | lambda=1.000000 | slack=0.000000 | y_low=0.000000 | y_up=0.000000 | total_real=1.000000
cliente 09 | lambda=1.000000 | slack=0.000000 | y_low=0.000000 | y_up=0.000000 | total_real=1.000000
cliente 10 | lambda=1.000000 | slack=0.000000 | y_low=0.000000 | y_up=0.000000 | total_real=1.000000
cliente 11 | lambda=1.000000 | slack=0.000000 | y_low=0.000000 | y_up=0.000000 | total_real=1.000000
cliente 12 | lambda=1.000000 | slack=0.000000 | y_low=0.000000 | y_up=0.000000 | total_real=1.000000
cliente 13 | lambda=1.000000 | slack=0.000000 | y_low=0.000000 | y_up=0.000000 | total_real=1.000000
cliente 14 | lambda=1.000000 | slack=0.000000 | y_low=0.000000 | y_up=0.000000 | total_real=1.000000
cliente 15 | lambda=1.000000 | slack=0.000000 | y_low=0.000000 | y_up=0.000000 | total_real=1.000000
cliente 16 | lambda=1.000000 | slack=0.000000 | y_low=0.000000 | y_up=0.000000 | total_real=1.000000
cliente 17 | lambda=1.000000 | slack=0.000000 | y_low=0.000000 | y_up=0.000000 | total_real=1.000000
cliente 18 | lambda=1.000000 | slack=0.000000 | y_low=0.000000 | y_up=0.000000 | total_real=1.000000
cliente 19 | lambda=1.000000 | slack=0.000000 | y_low=0.000000 | y_up=0.000000 | total_real=1.000000
cliente 20 | lambda=1.000000 | slack=0.000000 | y_low=0.000000 | y_up=0.000000 | total_real=1.000000
cliente 21 | lambda=1.000000 | slack=0.000000 | y_low=0.000000 | y_up=0.000000 | total_real=1.000000
cliente 22 | lambda=1.000000 | slack=0.000000 | y_low=0.000000 | y_up=0.000000 | total_real=1.000000
cliente 23 | lambda=1.000000 | slack=0.000000 | y_low=0.000000 | y_up=0.000000 | total_real=1.000000
cliente 24 | lambda=1.000000 | slack=0.000000 | y_low=0.000000 | y_up=0.000000 | total_real=1.000000
cliente 25 | lambda=1.000000 | slack=0.000000 | y_low=0.000000 | y_up=0.000000 | total_real=1.000000
cliente 26 | lambda=1.000000 | slack=0.000000 | y_low=0.000000 | y_up=0.000000 | total_real=1.000000
cliente 27 | lambda=1.000000 | slack=0.000000 | y_low=0.000000 | y_up=0.000000 | total_real=1.000000
cliente 28 | lambda=1.000000 | slack=0.000000 | y_low=0.000000 | y_up=0.000000 | total_real=1.000000
cliente 29 | lambda=1.000000 | slack=0.000000 | y_low=0.000000 | y_up=0.000000 | total_real=1.000000
cliente 30 | lambda=1.000000 | slack=0.000000 | y_low=0.000000 | y_up=0.000000 | total_real=1.000000
cliente 31 | lambda=1.000000 | slack=0.000000 | y_low=0.000000 | y_up=0.000000 | total_real=1.000000
cliente 32 | lambda=1.000000 | slack=0.000000 | y_low=0.000000 | y_up=0.000000 | total_real=1.000000
cliente 33 | lambda=1.000000 | slack=0.000000 | y_low=0.000000 | y_up=0.000000 | total_real=1.000000
cliente 34 | lambda=1.000000 | slack=0.000000 | y_low=0.000000 | y_up=0.000000 | total_real=1.000000
cliente 35 | lambda=1.000000 | slack=0.000000 | y_low=0.000000 | y_up=0.000000 | total_real=1.000000
cliente 36 | lambda=1.000000 | slack=0.000000 | y_low=0.000000 | y_up=0.000000 | total_real=1.000000
cliente 37 | lambda=1.000000 | slack=0.000000 | y_low=0.000000 | y_up=0.000000 | total_real=1.000000
cliente 38 | lambda=1.000000 | slack=0.000000 | y_low=0.000000 | y_up=0.000000 | total_real=1.000000
cliente 39 | lambda=1.000000 | slack=0.000000 | y_low=0.000000 | y_up=0.000000 | total_real=1.000000
cliente 40 | lambda=1.000000 | slack=0.000000 | y_low=0.000000 | y_up=0.000000 | total_real=1.000000
cliente 41 | lambda=1.000000 | slack=0.000000 | y_low=0.000000 | y_up=0.000000 | total_real=1.000000
cliente 42 | lambda=1.000000 | slack=0.000000 | y_low=0.000000 | y_up=0.000000 | total_real=1.000000
cliente 43 | lambda=1.000000 | slack=0.000000 | y_low=0.000000 | y_up=0.000000 | total_real=1.000000
cliente 44 | lambda=1.000000 | slack=0.000000 | y_low=0.000000 | y_up=0.000000 | total_real=1.000000
cliente 45 | lambda=1.000000 | slack=0.000000 | y_low=0.000000 | y_up=0.000000 | total_real=1.000000
cliente 46 | lambda=1.000000 | slack=0.000000 | y_low=0.000000 | y_up=0.000000 | total_real=1.000000
cliente 47 | lambda=1.000000 | slack=0.000000 | y_low=0.000000 | y_up=0.000000 | total_real=1.000000
cliente 48 | lambda=1.000000 | slack=0.000000 | y_low=0.000000 | y_up=0.000000 | total_real=1.000000
cliente 49 | lambda=1.000000 | slack=0.000000 | y_low=0.000000 | y_up=0.000000 | total_real=1.000000
cliente 50 | lambda=1.000000 | slack=0.000000 | y_low=0.000000 | y_up=0.000000 | total_real=1.000000


================ DUAIS DO MESTRE ================

PI (clientes):
  pi[1] = -702340.111768
  pi[2] = -191199.711909
  pi[3] =  10000.000000
  pi[4] = -317344.199764
  pi[5] =  10000.000000
  pi[6] = -312019.532512
  pi[7] =  10000.000000
  pi[8] = -8768.090662
  pi[9] = -470757.903760
  pi[10] = -163709.419539
  pi[11] = -149845.628131
  pi[12] =  10000.000000
  pi[13] =  10000.000000
  pi[14] =  10000.000000
  pi[15] =  10000.000000
  pi[16] = -857361.299711
  pi[17] = -151173.059256
  pi[18] =  10000.000000
  pi[19] =  10000.000000
  pi[20] =  10000.000000
  pi[21] = -257922.915404
  pi[22] = -254583.886352
  pi[23] = -67214.039085
  pi[24] = -316845.769520
  pi[25] = -106510.053392
  pi[26] = -480748.330655
  pi[27] = -172766.032047
  pi[28] =  10000.000000
  pi[29] =  10000.000000
  pi[30] = -475699.852051
  pi[31] =  10000.000000
  pi[32] = -142112.632471
  pi[33] =  10000.000000
  pi[34] = -411167.730388
  pi[35] =  10000.000000
  pi[36] = -416035.353711
  pi[37] = -627546.218382
  pi[38] = -555382.943554
  pi[39] =  10000.000000
  pi[40] = -60735.661230
  pi[41] =  10000.000000
  pi[42] = -732169.688727
  pi[43] =  10000.000000
  pi[44] =  10000.000000
  pi[45] = -77010.710698
  pi[46] =  10000.000000
  pi[47] = -743730.795546
  pi[48] =  10000.000000
  pi[49] = -532907.249174
  pi[50] = -15728.773131

SIGMA (veículos):
  sigma[0] =  2112344.978506
  sigma[1] =  2112344.978506
  sigma[2] =  2112344.978506
  sigma[3] =  2112344.978506
  sigma[4] =  2112344.978506

MU (arcos):
  sem duais de arco
=================================================

TESTA ALLBEST

[ALLBEST GEROU CANDIDATA]
k=3
rc=-1430526.633580
custo=188.200000
seq=[0, 3, 20, 32, 44, 45, 14, 12, 22, 21, 51]
Tempo total nessa geracao : 0.3s
Tempo total no NO: 7.6s
TAMANHO NOVAS COL 1

--- Nova Coluna ---
Veículo: 3
Sequência: [0, 3, 20, 32, 44, 45, 14, 12, 22, 21, 51]
Custo: 188.20
Custo Reduzido: -1430526.633580
Clientes atendidos: [3, 12, 14, 20, 21, 22, 32, 44, 45]

[Nó 0] Iter 36 - Obj = 1000387.3000  Colunas = 157 inst= instancias/c108.txt
[Nó 0] inst= instancias/c108.txt Colunas ativas na iteração 36: 
   veic=0 | col=0 | lambda=1.000000 | custo=62.1000 | rota=[0, 43, 42, 41, 40, 44, 46, 48, 45, 50, 49, 47, 51]
   veic=1 | col=0 | lambda=1.000000 | custo=69.8000 | rota=[0, 20, 5, 3, 7, 8, 11, 9, 6, 4, 2, 1, 51]
   veic=2 | col=0 | lambda=1.000000 | custo=54.1000 | rota=[0, 24, 25, 27, 30, 29, 28, 26, 23, 22, 21, 51]
   veic=3 | col=0 | lambda=1.000000 | custo=100.1000 | rota=[0, 33, 32, 31, 35, 38, 37, 39, 36, 34, 51]
   veic=4 | col=0 | lambda=1.000000 | custo=1000101.2000 | rota=[0, 13, 18, 17, 15, 19, 16, 14, 12, 10, 51]
MESMA FO-  Sem melhora 36 Recom 1000387.2999999977 Ultmf 1000387.2999999999  VALOR SUB -2.2118911147117615e-09
   valor recomposto = 1000387.300000

   valor recomposto = 1000387.300000

--- COBERTURA POR CLIENTE ---
cliente 01 | lambda=1.000000 | slack=0.000000 | y_low=0.000000 | y_up=0.000000 | total_real=1.000000
cliente 02 | lambda=1.000000 | slack=0.000000 | y_low=0.000000 | y_up=0.000000 | total_real=1.000000
cliente 03 | lambda=1.000000 | slack=0.000000 | y_low=0.000000 | y_up=0.000000 | total_real=1.000000
cliente 04 | lambda=1.000000 | slack=0.000000 | y_low=0.000000 | y_up=0.000000 | total_real=1.000000
cliente 05 | lambda=1.000000 | slack=0.000000 | y_low=0.000000 | y_up=0.000000 | total_real=1.000000
cliente 06 | lambda=1.000000 | slack=0.000000 | y_low=0.000000 | y_up=0.000000 | total_real=1.000000
cliente 07 | lambda=1.000000 | slack=0.000000 | y_low=0.000000 | y_up=0.000000 | total_real=1.000000
cliente 08 | lambda=1.000000 | slack=0.000000 | y_low=0.000000 | y_up=0.000000 | total_real=1.000000
cliente 09 | lambda=1.000000 | slack=0.000000 | y_low=0.000000 | y_up=0.000000 | total_real=1.000000
cliente 10 | lambda=1.000000 | slack=0.000000 | y_low=0.000000 | y_up=0.000000 | total_real=1.000000
cliente 11 | lambda=1.000000 | slack=0.000000 | y_low=0.000000 | y_up=0.000000 | total_real=1.000000
cliente 12 | lambda=1.000000 | slack=0.000000 | y_low=0.000000 | y_up=0.000000 | total_real=1.000000
cliente 13 | lambda=1.000000 | slack=0.000000 | y_low=0.000000 | y_up=0.000000 | total_real=1.000000
cliente 14 | lambda=1.000000 | slack=0.000000 | y_low=0.000000 | y_up=0.000000 | total_real=1.000000
cliente 15 | lambda=1.000000 | slack=0.000000 | y_low=0.000000 | y_up=0.000000 | total_real=1.000000
cliente 16 | lambda=1.000000 | slack=0.000000 | y_low=0.000000 | y_up=0.000000 | total_real=1.000000
cliente 17 | lambda=1.000000 | slack=0.000000 | y_low=0.000000 | y_up=0.000000 | total_real=1.000000
cliente 18 | lambda=1.000000 | slack=0.000000 | y_low=0.000000 | y_up=0.000000 | total_real=1.000000
cliente 19 | lambda=1.000000 | slack=0.000000 | y_low=0.000000 | y_up=0.000000 | total_real=1.000000
cliente 20 | lambda=1.000000 | slack=0.000000 | y_low=0.000000 | y_up=0.000000 | total_real=1.000000
cliente 21 | lambda=1.000000 | slack=0.000000 | y_low=0.000000 | y_up=0.000000 | total_real=1.000000
cliente 22 | lambda=1.000000 | slack=0.000000 | y_low=0.000000 | y_up=0.000000 | total_real=1.000000
cliente 23 | lambda=1.000000 | slack=0.000000 | y_low=0.000000 | y_up=0.000000 | total_real=1.000000
cliente 24 | lambda=1.000000 | slack=0.000000 | y_low=0.000000 | y_up=0.000000 | total_real=1.000000
cliente 25 | lambda=1.000000 | slack=0.000000 | y_low=0.000000 | y_up=0.000000 | total_real=1.000000
cliente 26 | lambda=1.000000 | slack=0.000000 | y_low=0.000000 | y_up=0.000000 | total_real=1.000000
cliente 27 | lambda=1.000000 | slack=0.000000 | y_low=0.000000 | y_up=0.000000 | total_real=1.000000
cliente 28 | lambda=1.000000 | slack=0.000000 | y_low=0.000000 | y_up=0.000000 | total_real=1.000000
cliente 29 | lambda=1.000000 | slack=0.000000 | y_low=0.000000 | y_up=0.000000 | total_real=1.000000
cliente 30 | lambda=1.000000 | slack=0.000000 | y_low=0.000000 | y_up=0.000000 | total_real=1.000000
cliente 31 | lambda=1.000000 | slack=0.000000 | y_low=0.000000 | y_up=0.000000 | total_real=1.000000
cliente 32 | lambda=1.000000 | slack=0.000000 | y_low=0.000000 | y_up=0.000000 | total_real=1.000000
cliente 33 | lambda=1.000000 | slack=0.000000 | y_low=0.000000 | y_up=0.000000 | total_real=1.000000
cliente 34 | lambda=1.000000 | slack=0.000000 | y_low=0.000000 | y_up=0.000000 | total_real=1.000000
cliente 35 | lambda=1.000000 | slack=0.000000 | y_low=0.000000 | y_up=0.000000 | total_real=1.000000
cliente 36 | lambda=1.000000 | slack=0.000000 | y_low=0.000000 | y_up=0.000000 | total_real=1.000000
cliente 37 | lambda=1.000000 | slack=0.000000 | y_low=0.000000 | y_up=0.000000 | total_real=1.000000
cliente 38 | lambda=1.000000 | slack=0.000000 | y_low=0.000000 | y_up=0.000000 | total_real=1.000000
cliente 39 | lambda=1.000000 | slack=0.000000 | y_low=0.000000 | y_up=0.000000 | total_real=1.000000
cliente 40 | lambda=1.000000 | slack=0.000000 | y_low=0.000000 | y_up=0.000000 | total_real=1.000000
cliente 41 | lambda=1.000000 | slack=0.000000 | y_low=0.000000 | y_up=0.000000 | total_real=1.000000
cliente 42 | lambda=1.000000 | slack=0.000000 | y_low=0.000000 | y_up=0.000000 | total_real=1.000000
cliente 43 | lambda=1.000000 | slack=0.000000 | y_low=0.000000 | y_up=0.000000 | total_real=1.000000
cliente 44 | lambda=1.000000 | slack=0.000000 | y_low=0.000000 | y_up=0.000000 | total_real=1.000000
cliente 45 | lambda=1.000000 | slack=0.000000 | y_low=0.000000 | y_up=0.000000 | total_real=1.000000
cliente 46 | lambda=1.000000 | slack=0.000000 | y_low=0.000000 | y_up=0.000000 | total_real=1.000000
cliente 47 | lambda=1.000000 | slack=0.000000 | y_low=0.000000 | y_up=0.000000 | total_real=1.000000
cliente 48 | lambda=1.000000 | slack=0.000000 | y_low=0.000000 | y_up=0.000000 | total_real=1.000000
cliente 49 | lambda=1.000000 | slack=0.000000 | y_low=0.000000 | y_up=0.000000 | total_real=1.000000
cliente 50 | lambda=1.000000 | slack=0.000000 | y_low=0.000000 | y_up=0.000000 | total_real=1.000000


================ DUAIS DO MESTRE ================

PI (clientes):
  pi[1] = -400127.954131
  pi[2] = -602544.737140
  pi[3] = -173409.023202
  pi[4] = -704393.391306
  pi[5] =  10000.000000
  pi[6] = -583250.667531
  pi[7] =  10000.000000
  pi[8] =  10000.000000
  pi[9] = -829249.785592
  pi[10] =  10000.000000
  pi[11] =  10000.000000
  pi[12] = -597082.014651
  pi[13] = -137745.461783
  pi[14] = -517776.206260
  pi[15] = -314318.395295
  pi[16] = -491935.140423
  pi[17] = -214086.940490
  pi[18] =  10000.000000
  pi[19] =  10000.000000
  pi[20] =  10000.000000
  pi[21] = -577837.874534
  pi[22] = -567508.072018
  pi[23] = -502110.554094
  pi[24] =  10000.000000
  pi[25] = -192437.098815
  pi[26] = -529902.860022
  pi[27] =  10000.000000
  pi[28] = -166987.166438
  pi[29] =  10000.000000
  pi[30] = -736207.632981
  pi[31] =  10000.000000
  pi[32] = -347183.878647
  pi[33] =  10000.000000
  pi[34] = -373250.351535
  pi[35] = -230638.138236
  pi[36] = -746735.725377
  pi[37] = -667482.934392
  pi[38] = -907654.230715
  pi[39] =  10000.000000
  pi[40] = -733640.851413
  pi[41] =  10000.000000
  pi[42] =  10000.000000
  pi[43] =  10000.000000
  pi[44] = -342961.743049
  pi[45] = -542281.693925
  pi[46] =  10000.000000
  pi[47] = -582200.210132
  pi[48] = -378004.643184
  pi[49] = -343910.452299
  pi[50] = -359983.664900

SIGMA (veículos):
  sigma[0] =  3243045.358902
  sigma[1] =  3243045.358902
  sigma[2] =  3243045.358902
  sigma[3] =  3243045.358902
  sigma[4] =  3243045.358902

MU (arcos):
  sem duais de arco
=================================================

TESTA ALLBEST

[ALLBEST GEROU CANDIDATA]
k=0
rc=-1945346.747846
custo=249.700000
seq=[0, 17, 42, 41, 10, 11, 39, 34, 50, 1, 51]
Tempo total nessa geracao : 0.3s
Tempo total no NO: 8.2s
TAMANHO NOVAS COL 1

--- Nova Coluna ---
Veículo: 0
Sequência: [0, 17, 42, 41, 10, 11, 39, 34, 50, 1, 51]
Custo: 249.70
Custo Reduzido: -1945346.747846
Clientes atendidos: [1, 10, 11, 17, 34, 39, 41, 42, 50]

[Nó 0] Iter 37 - Obj = 1000387.3000  Colunas = 160 inst= instancias/c108.txt
[Nó 0] inst= instancias/c108.txt Colunas ativas na iteração 37: 
   veic=0 | col=0 | lambda=1.000000 | custo=62.1000 | rota=[0, 43, 42, 41, 40, 44, 46, 48, 45, 50, 49, 47, 51]
   veic=1 | col=0 | lambda=1.000000 | custo=69.8000 | rota=[0, 20, 5, 3, 7, 8, 11, 9, 6, 4, 2, 1, 51]
   veic=2 | col=0 | lambda=1.000000 | custo=54.1000 | rota=[0, 24, 25, 27, 30, 29, 28, 26, 23, 22, 21, 51]
   veic=3 | col=0 | lambda=1.000000 | custo=100.1000 | rota=[0, 33, 32, 31, 35, 38, 37, 39, 36, 34, 51]
   veic=4 | col=0 | lambda=1.000000 | custo=1000101.2000 | rota=[0, 13, 18, 17, 15, 19, 16, 14, 12, 10, 51]
MESMA FO-  Sem melhora 37 Recom 1000387.2999999999 Ultmf 1000387.2999999999  VALOR SUB 0.0
   valor recomposto = 1000387.300000

   valor recomposto = 1000387.300000

--- COBERTURA POR CLIENTE ---
cliente 01 | lambda=1.000000 | slack=0.000000 | y_low=0.000000 | y_up=0.000000 | total_real=1.000000
cliente 02 | lambda=1.000000 | slack=0.000000 | y_low=0.000000 | y_up=0.000000 | total_real=1.000000
cliente 03 | lambda=1.000000 | slack=0.000000 | y_low=0.000000 | y_up=0.000000 | total_real=1.000000
cliente 04 | lambda=1.000000 | slack=0.000000 | y_low=0.000000 | y_up=0.000000 | total_real=1.000000
cliente 05 | lambda=1.000000 | slack=0.000000 | y_low=0.000000 | y_up=0.000000 | total_real=1.000000
cliente 06 | lambda=1.000000 | slack=0.000000 | y_low=0.000000 | y_up=0.000000 | total_real=1.000000
cliente 07 | lambda=1.000000 | slack=0.000000 | y_low=0.000000 | y_up=0.000000 | total_real=1.000000
cliente 08 | lambda=1.000000 | slack=0.000000 | y_low=0.000000 | y_up=0.000000 | total_real=1.000000
cliente 09 | lambda=1.000000 | slack=0.000000 | y_low=0.000000 | y_up=0.000000 | total_real=1.000000
cliente 10 | lambda=1.000000 | slack=0.000000 | y_low=0.000000 | y_up=0.000000 | total_real=1.000000
cliente 11 | lambda=1.000000 | slack=0.000000 | y_low=0.000000 | y_up=0.000000 | total_real=1.000000
cliente 12 | lambda=1.000000 | slack=0.000000 | y_low=0.000000 | y_up=0.000000 | total_real=1.000000
cliente 13 | lambda=1.000000 | slack=0.000000 | y_low=0.000000 | y_up=0.000000 | total_real=1.000000
cliente 14 | lambda=1.000000 | slack=0.000000 | y_low=0.000000 | y_up=0.000000 | total_real=1.000000
cliente 15 | lambda=1.000000 | slack=0.000000 | y_low=0.000000 | y_up=0.000000 | total_real=1.000000
cliente 16 | lambda=1.000000 | slack=0.000000 | y_low=0.000000 | y_up=0.000000 | total_real=1.000000
cliente 17 | lambda=1.000000 | slack=0.000000 | y_low=0.000000 | y_up=0.000000 | total_real=1.000000
cliente 18 | lambda=1.000000 | slack=0.000000 | y_low=0.000000 | y_up=0.000000 | total_real=1.000000
cliente 19 | lambda=1.000000 | slack=0.000000 | y_low=0.000000 | y_up=0.000000 | total_real=1.000000
cliente 20 | lambda=1.000000 | slack=0.000000 | y_low=0.000000 | y_up=0.000000 | total_real=1.000000
cliente 21 | lambda=1.000000 | slack=0.000000 | y_low=0.000000 | y_up=0.000000 | total_real=1.000000
cliente 22 | lambda=1.000000 | slack=0.000000 | y_low=0.000000 | y_up=0.000000 | total_real=1.000000
cliente 23 | lambda=1.000000 | slack=0.000000 | y_low=0.000000 | y_up=0.000000 | total_real=1.000000
cliente 24 | lambda=1.000000 | slack=0.000000 | y_low=0.000000 | y_up=0.000000 | total_real=1.000000
cliente 25 | lambda=1.000000 | slack=0.000000 | y_low=0.000000 | y_up=0.000000 | total_real=1.000000
cliente 26 | lambda=1.000000 | slack=0.000000 | y_low=0.000000 | y_up=0.000000 | total_real=1.000000
cliente 27 | lambda=1.000000 | slack=0.000000 | y_low=0.000000 | y_up=0.000000 | total_real=1.000000
cliente 28 | lambda=1.000000 | slack=0.000000 | y_low=0.000000 | y_up=0.000000 | total_real=1.000000
cliente 29 | lambda=1.000000 | slack=0.000000 | y_low=0.000000 | y_up=0.000000 | total_real=1.000000
cliente 30 | lambda=1.000000 | slack=0.000000 | y_low=0.000000 | y_up=0.000000 | total_real=1.000000
cliente 31 | lambda=1.000000 | slack=0.000000 | y_low=0.000000 | y_up=0.000000 | total_real=1.000000
cliente 32 | lambda=1.000000 | slack=0.000000 | y_low=0.000000 | y_up=0.000000 | total_real=1.000000
cliente 33 | lambda=1.000000 | slack=0.000000 | y_low=0.000000 | y_up=0.000000 | total_real=1.000000
cliente 34 | lambda=1.000000 | slack=0.000000 | y_low=0.000000 | y_up=0.000000 | total_real=1.000000
cliente 35 | lambda=1.000000 | slack=0.000000 | y_low=0.000000 | y_up=0.000000 | total_real=1.000000
cliente 36 | lambda=1.000000 | slack=0.000000 | y_low=0.000000 | y_up=0.000000 | total_real=1.000000
cliente 37 | lambda=1.000000 | slack=0.000000 | y_low=0.000000 | y_up=0.000000 | total_real=1.000000
cliente 38 | lambda=1.000000 | slack=0.000000 | y_low=0.000000 | y_up=0.000000 | total_real=1.000000
cliente 39 | lambda=1.000000 | slack=0.000000 | y_low=0.000000 | y_up=0.000000 | total_real=1.000000
cliente 40 | lambda=1.000000 | slack=0.000000 | y_low=0.000000 | y_up=0.000000 | total_real=1.000000
cliente 41 | lambda=1.000000 | slack=0.000000 | y_low=0.000000 | y_up=0.000000 | total_real=1.000000
cliente 42 | lambda=1.000000 | slack=0.000000 | y_low=0.000000 | y_up=0.000000 | total_real=1.000000
cliente 43 | lambda=1.000000 | slack=0.000000 | y_low=0.000000 | y_up=0.000000 | total_real=1.000000
cliente 44 | lambda=1.000000 | slack=0.000000 | y_low=0.000000 | y_up=0.000000 | total_real=1.000000
cliente 45 | lambda=1.000000 | slack=0.000000 | y_low=0.000000 | y_up=0.000000 | total_real=1.000000
cliente 46 | lambda=1.000000 | slack=0.000000 | y_low=0.000000 | y_up=0.000000 | total_real=1.000000
cliente 47 | lambda=1.000000 | slack=0.000000 | y_low=0.000000 | y_up=0.000000 | total_real=1.000000
cliente 48 | lambda=1.000000 | slack=0.000000 | y_low=0.000000 | y_up=0.000000 | total_real=1.000000
cliente 49 | lambda=1.000000 | slack=0.000000 | y_low=0.000000 | y_up=0.000000 | total_real=1.000000
cliente 50 | lambda=1.000000 | slack=0.000000 | y_low=0.000000 | y_up=0.000000 | total_real=1.000000


================ DUAIS DO MESTRE ================

PI (clientes):
  pi[1] = -1523344.067485
  pi[2] =  10000.000000
  pi[3] = -322055.891956
  pi[4] = -207705.914656
  pi[5] =  10000.000000
  pi[6] = -244812.604908
  pi[7] =  10000.000000
  pi[8] =  10000.000000
  pi[9] = -343229.894138
  pi[10] =  10000.000000
  pi[11] =  10000.000000
  pi[12] = -538724.212952
  pi[13] = -211728.536673
  pi[14] = -269111.246080
  pi[15] =  10000.000000
  pi[16] = -823906.628494
  pi[17] = -153886.711316
  pi[18] =  10000.000000
  pi[19] =  10000.000000
  pi[20] = -366240.362372
  pi[21] = -364213.920245
  pi[22] = -389306.930607
  pi[23] = -308050.169939
  pi[24] =  10000.000000
  pi[25] =  10000.000000
  pi[26] = -880810.604908
  pi[27] = -550626.338037
  pi[28] =  10000.000000
  pi[29] =  10000.000000
  pi[30] = -504396.471779
  pi[31] =  10000.000000
  pi[32] = -727617.771302
  pi[33] =  10000.000000
  pi[34] = -656337.456919
  pi[35] =  10000.000000
  pi[36] = -140653.412202
  pi[37] = -438213.421472
  pi[38] = -879882.504840
  pi[39] = -144653.868780
  pi[40] = -396267.948534
  pi[41] = -339043.973688
  pi[42] = -392740.519632
  pi[43] =  10000.000000
  pi[44] =  10000.000000
  pi[45] =  10000.000000
  pi[46] =  10000.000000
  pi[47] = -752927.917860
  pi[48] = -329902.208316
  pi[49] = -796513.867485
  pi[50] =  10000.000000

SIGMA (veículos):
  sigma[0] =  2957458.535515
  sigma[1] =  2957458.535515
  sigma[2] =  2957458.535515
  sigma[3] =  2957458.535515
  sigma[4] =  2957458.535515

MU (arcos):
  sem duais de arco
=================================================

TESTA ALLBEST

[ALLBEST GEROU CANDIDATA]
k=0
rc=-297848.797614
custo=218.800000
seq=[0, 43, 13, 7, 8, 11, 30, 14, 4, 22, 21, 47, 51]
Tempo total nessa geracao : 0.5s
Tempo total no NO: 9.1s
TAMANHO NOVAS COL 1

--- Nova Coluna ---
Veículo: 0
Sequência: [0, 43, 13, 7, 8, 11, 30, 14, 4, 22, 21, 47, 51]
Custo: 218.80
Custo Reduzido: -297848.797614
Clientes atendidos: [4, 7, 8, 11, 13, 14, 21, 22, 30, 43, 47]

[Nó 0] Iter 38 - Obj = 1000387.3000  Colunas = 161 inst= instancias/c108.txt
[Nó 0] inst= instancias/c108.txt Colunas ativas na iteração 38: 
   veic=0 | col=0 | lambda=1.000000 | custo=62.1000 | rota=[0, 43, 42, 41, 40, 44, 46, 48, 45, 50, 49, 47, 51]
   veic=1 | col=0 | lambda=1.000000 | custo=69.8000 | rota=[0, 20, 5, 3, 7, 8, 11, 9, 6, 4, 2, 1, 51]
   veic=2 | col=0 | lambda=1.000000 | custo=54.1000 | rota=[0, 24, 25, 27, 30, 29, 28, 26, 23, 22, 21, 51]
   veic=3 | col=0 | lambda=1.000000 | custo=100.1000 | rota=[0, 33, 32, 31, 35, 38, 37, 39, 36, 34, 51]
   veic=4 | col=0 | lambda=1.000000 | custo=1000101.2000 | rota=[0, 13, 18, 17, 15, 19, 16, 14, 12, 10, 51]
MESMA FO-  Sem melhora 38 Recom 1000387.2999999999 Ultmf 1000387.2999999999  VALOR SUB 0.0
   valor recomposto = 1000387.300000

   valor recomposto = 1000387.300000

--- COBERTURA POR CLIENTE ---
cliente 01 | lambda=1.000000 | slack=0.000000 | y_low=0.000000 | y_up=0.000000 | total_real=1.000000
cliente 02 | lambda=1.000000 | slack=0.000000 | y_low=0.000000 | y_up=0.000000 | total_real=1.000000
cliente 03 | lambda=1.000000 | slack=0.000000 | y_low=0.000000 | y_up=0.000000 | total_real=1.000000
cliente 04 | lambda=1.000000 | slack=0.000000 | y_low=0.000000 | y_up=0.000000 | total_real=1.000000
cliente 05 | lambda=1.000000 | slack=0.000000 | y_low=0.000000 | y_up=0.000000 | total_real=1.000000
cliente 06 | lambda=1.000000 | slack=0.000000 | y_low=0.000000 | y_up=0.000000 | total_real=1.000000
cliente 07 | lambda=1.000000 | slack=0.000000 | y_low=0.000000 | y_up=0.000000 | total_real=1.000000
cliente 08 | lambda=1.000000 | slack=0.000000 | y_low=0.000000 | y_up=0.000000 | total_real=1.000000
cliente 09 | lambda=1.000000 | slack=0.000000 | y_low=0.000000 | y_up=0.000000 | total_real=1.000000
cliente 10 | lambda=1.000000 | slack=0.000000 | y_low=0.000000 | y_up=0.000000 | total_real=1.000000
cliente 11 | lambda=1.000000 | slack=0.000000 | y_low=0.000000 | y_up=0.000000 | total_real=1.000000
cliente 12 | lambda=1.000000 | slack=0.000000 | y_low=0.000000 | y_up=0.000000 | total_real=1.000000
cliente 13 | lambda=1.000000 | slack=0.000000 | y_low=0.000000 | y_up=0.000000 | total_real=1.000000
cliente 14 | lambda=1.000000 | slack=0.000000 | y_low=0.000000 | y_up=0.000000 | total_real=1.000000
cliente 15 | lambda=1.000000 | slack=0.000000 | y_low=0.000000 | y_up=0.000000 | total_real=1.000000
cliente 16 | lambda=1.000000 | slack=0.000000 | y_low=0.000000 | y_up=0.000000 | total_real=1.000000
cliente 17 | lambda=1.000000 | slack=0.000000 | y_low=0.000000 | y_up=0.000000 | total_real=1.000000
cliente 18 | lambda=1.000000 | slack=0.000000 | y_low=0.000000 | y_up=0.000000 | total_real=1.000000
cliente 19 | lambda=1.000000 | slack=0.000000 | y_low=0.000000 | y_up=0.000000 | total_real=1.000000
cliente 20 | lambda=1.000000 | slack=0.000000 | y_low=0.000000 | y_up=0.000000 | total_real=1.000000
cliente 21 | lambda=1.000000 | slack=0.000000 | y_low=0.000000 | y_up=0.000000 | total_real=1.000000
cliente 22 | lambda=1.000000 | slack=0.000000 | y_low=0.000000 | y_up=0.000000 | total_real=1.000000
cliente 23 | lambda=1.000000 | slack=0.000000 | y_low=0.000000 | y_up=0.000000 | total_real=1.000000
cliente 24 | lambda=1.000000 | slack=0.000000 | y_low=0.000000 | y_up=0.000000 | total_real=1.000000
cliente 25 | lambda=1.000000 | slack=0.000000 | y_low=0.000000 | y_up=0.000000 | total_real=1.000000
cliente 26 | lambda=1.000000 | slack=0.000000 | y_low=0.000000 | y_up=0.000000 | total_real=1.000000
cliente 27 | lambda=1.000000 | slack=0.000000 | y_low=0.000000 | y_up=0.000000 | total_real=1.000000
cliente 28 | lambda=1.000000 | slack=0.000000 | y_low=0.000000 | y_up=0.000000 | total_real=1.000000
cliente 29 | lambda=1.000000 | slack=0.000000 | y_low=0.000000 | y_up=0.000000 | total_real=1.000000
cliente 30 | lambda=1.000000 | slack=0.000000 | y_low=0.000000 | y_up=0.000000 | total_real=1.000000
cliente 31 | lambda=1.000000 | slack=0.000000 | y_low=0.000000 | y_up=0.000000 | total_real=1.000000
cliente 32 | lambda=1.000000 | slack=0.000000 | y_low=0.000000 | y_up=0.000000 | total_real=1.000000
cliente 33 | lambda=1.000000 | slack=0.000000 | y_low=0.000000 | y_up=0.000000 | total_real=1.000000
cliente 34 | lambda=1.000000 | slack=0.000000 | y_low=0.000000 | y_up=0.000000 | total_real=1.000000
cliente 35 | lambda=1.000000 | slack=0.000000 | y_low=0.000000 | y_up=0.000000 | total_real=1.000000
cliente 36 | lambda=1.000000 | slack=0.000000 | y_low=0.000000 | y_up=0.000000 | total_real=1.000000
cliente 37 | lambda=1.000000 | slack=0.000000 | y_low=0.000000 | y_up=0.000000 | total_real=1.000000
cliente 38 | lambda=1.000000 | slack=0.000000 | y_low=0.000000 | y_up=0.000000 | total_real=1.000000
cliente 39 | lambda=1.000000 | slack=0.000000 | y_low=0.000000 | y_up=0.000000 | total_real=1.000000
cliente 40 | lambda=1.000000 | slack=0.000000 | y_low=0.000000 | y_up=0.000000 | total_real=1.000000
cliente 41 | lambda=1.000000 | slack=0.000000 | y_low=0.000000 | y_up=0.000000 | total_real=1.000000
cliente 42 | lambda=1.000000 | slack=0.000000 | y_low=0.000000 | y_up=0.000000 | total_real=1.000000
cliente 43 | lambda=1.000000 | slack=0.000000 | y_low=0.000000 | y_up=0.000000 | total_real=1.000000
cliente 44 | lambda=1.000000 | slack=0.000000 | y_low=0.000000 | y_up=0.000000 | total_real=1.000000
cliente 45 | lambda=1.000000 | slack=0.000000 | y_low=0.000000 | y_up=0.000000 | total_real=1.000000
cliente 46 | lambda=1.000000 | slack=0.000000 | y_low=0.000000 | y_up=0.000000 | total_real=1.000000
cliente 47 | lambda=1.000000 | slack=0.000000 | y_low=0.000000 | y_up=0.000000 | total_real=1.000000
cliente 48 | lambda=1.000000 | slack=0.000000 | y_low=0.000000 | y_up=0.000000 | total_real=1.000000
cliente 49 | lambda=1.000000 | slack=0.000000 | y_low=0.000000 | y_up=0.000000 | total_real=1.000000
cliente 50 | lambda=1.000000 | slack=0.000000 | y_low=0.000000 | y_up=0.000000 | total_real=1.000000


================ DUAIS DO MESTRE ================

PI (clientes):
  pi[1] = -5310946.180707
  pi[2] =  10000.000000
  pi[3] = -692147.781648
  pi[4] = -435222.813104
  pi[5] =  10000.000000
  pi[6] = -852189.712377
  pi[7] =  10000.000000
  pi[8] =  10000.000000
  pi[9] = -713279.312876
  pi[10] =  10000.000000
  pi[11] =  10000.000000
  pi[12] = -2084412.098360
  pi[13] = -674407.105219
  pi[14] = -852322.380950
  pi[15] =  10000.000000
  pi[16] = -2454961.130643
  pi[17] = -1870944.894510
  pi[18] =  10000.000000
  pi[19] =  10000.000000
  pi[20] = -943293.208969
  pi[21] = -1070590.820562
  pi[22] = -1173363.205062
  pi[23] = -442980.389534
  pi[24] =  10000.000000
  pi[25] =  10000.000000
  pi[26] = -2983505.046813
  pi[27] = -1130100.028989
  pi[28] =  10000.000000
  pi[29] =  10000.000000
  pi[30] = -2136555.218722
  pi[31] = -52304.888935
  pi[32] = -2100831.114131
  pi[33] =  10000.000000
  pi[34] = -2510746.704064
  pi[35] =  10000.000000
  pi[36] = -656378.201797
  pi[37] = -1498925.487694
  pi[38] = -1948706.523200
  pi[39] = -149155.789862
  pi[40] = -1189710.303736
  pi[41] = -577093.668630
  pi[42] = -1700760.948681
  pi[43] =  10000.000000
  pi[44] =  10000.000000
  pi[45] =  10000.000000
  pi[46] =  10000.000000
  pi[47] = -2594468.466063
  pi[48] = -917742.677128
  pi[49] = -1967310.645444
  pi[50] =  10000.000000

SIGMA (veículos):
  sigma[0] =  8897148.809682
  sigma[1] =  8897148.809682
  sigma[2] =  8897148.809682
  sigma[3] =  8897148.809682
  sigma[4] =  8897148.809682

MU (arcos):
  sem duais de arco
=================================================

TESTA ALLBEST

[ALLBEST GEROU CANDIDATA]
k=1
rc=-3012610.400285
custo=203.200000
seq=[0, 24, 3, 13, 15, 39, 48, 50, 23, 21, 49, 51]
Tempo total nessa geracao : 0.5s
Tempo total no NO: 9.9s
TAMANHO NOVAS COL 1

--- Nova Coluna ---
Veículo: 1
Sequência: [0, 24, 3, 13, 15, 39, 48, 50, 23, 21, 49, 51]
Custo: 203.20
Custo Reduzido: -3012610.400285
Clientes atendidos: [3, 13, 15, 21, 23, 24, 39, 48, 49, 50]

[Nó 0] Iter 39 - Obj = 1000387.3000  Colunas = 166 inst= instancias/c108.txt
[Nó 0] inst= instancias/c108.txt Colunas ativas na iteração 39: 
   veic=0 | col=0 | lambda=1.000000 | custo=62.1000 | rota=[0, 43, 42, 41, 40, 44, 46, 48, 45, 50, 49, 47, 51]
   veic=1 | col=0 | lambda=1.000000 | custo=69.8000 | rota=[0, 20, 5, 3, 7, 8, 11, 9, 6, 4, 2, 1, 51]
   veic=2 | col=0 | lambda=1.000000 | custo=54.1000 | rota=[0, 24, 25, 27, 30, 29, 28, 26, 23, 22, 21, 51]
   veic=3 | col=0 | lambda=1.000000 | custo=100.1000 | rota=[0, 33, 32, 31, 35, 38, 37, 39, 36, 34, 51]
   veic=4 | col=0 | lambda=1.000000 | custo=1000101.2000 | rota=[0, 13, 18, 17, 15, 19, 16, 14, 12, 10, 51]
MESMA FO-  Sem melhora 39 Recom 1000387.2999999999 Ultmf 1000387.2999999999  VALOR SUB 0.0
   valor recomposto = 1000387.300000

   valor recomposto = 1000387.300000

--- COBERTURA POR CLIENTE ---
cliente 01 | lambda=1.000000 | slack=0.000000 | y_low=0.000000 | y_up=0.000000 | total_real=1.000000
cliente 02 | lambda=1.000000 | slack=0.000000 | y_low=0.000000 | y_up=0.000000 | total_real=1.000000
cliente 03 | lambda=1.000000 | slack=0.000000 | y_low=0.000000 | y_up=0.000000 | total_real=1.000000
cliente 04 | lambda=1.000000 | slack=0.000000 | y_low=0.000000 | y_up=0.000000 | total_real=1.000000
cliente 05 | lambda=1.000000 | slack=0.000000 | y_low=0.000000 | y_up=0.000000 | total_real=1.000000
cliente 06 | lambda=1.000000 | slack=0.000000 | y_low=0.000000 | y_up=0.000000 | total_real=1.000000
cliente 07 | lambda=1.000000 | slack=0.000000 | y_low=0.000000 | y_up=0.000000 | total_real=1.000000
cliente 08 | lambda=1.000000 | slack=0.000000 | y_low=0.000000 | y_up=0.000000 | total_real=1.000000
cliente 09 | lambda=1.000000 | slack=0.000000 | y_low=0.000000 | y_up=0.000000 | total_real=1.000000
cliente 10 | lambda=1.000000 | slack=0.000000 | y_low=0.000000 | y_up=0.000000 | total_real=1.000000
cliente 11 | lambda=1.000000 | slack=0.000000 | y_low=0.000000 | y_up=0.000000 | total_real=1.000000
cliente 12 | lambda=1.000000 | slack=0.000000 | y_low=0.000000 | y_up=0.000000 | total_real=1.000000
cliente 13 | lambda=1.000000 | slack=0.000000 | y_low=0.000000 | y_up=0.000000 | total_real=1.000000
cliente 14 | lambda=1.000000 | slack=0.000000 | y_low=0.000000 | y_up=0.000000 | total_real=1.000000
cliente 15 | lambda=1.000000 | slack=0.000000 | y_low=0.000000 | y_up=0.000000 | total_real=1.000000
cliente 16 | lambda=1.000000 | slack=0.000000 | y_low=0.000000 | y_up=0.000000 | total_real=1.000000
cliente 17 | lambda=1.000000 | slack=0.000000 | y_low=0.000000 | y_up=0.000000 | total_real=1.000000
cliente 18 | lambda=1.000000 | slack=0.000000 | y_low=0.000000 | y_up=0.000000 | total_real=1.000000
cliente 19 | lambda=1.000000 | slack=0.000000 | y_low=0.000000 | y_up=0.000000 | total_real=1.000000
cliente 20 | lambda=1.000000 | slack=0.000000 | y_low=0.000000 | y_up=0.000000 | total_real=1.000000
cliente 21 | lambda=1.000000 | slack=0.000000 | y_low=0.000000 | y_up=0.000000 | total_real=1.000000
cliente 22 | lambda=1.000000 | slack=0.000000 | y_low=0.000000 | y_up=0.000000 | total_real=1.000000
cliente 23 | lambda=1.000000 | slack=0.000000 | y_low=0.000000 | y_up=0.000000 | total_real=1.000000
cliente 24 | lambda=1.000000 | slack=0.000000 | y_low=0.000000 | y_up=0.000000 | total_real=1.000000
cliente 25 | lambda=1.000000 | slack=0.000000 | y_low=0.000000 | y_up=0.000000 | total_real=1.000000
cliente 26 | lambda=1.000000 | slack=0.000000 | y_low=0.000000 | y_up=0.000000 | total_real=1.000000
cliente 27 | lambda=1.000000 | slack=0.000000 | y_low=0.000000 | y_up=0.000000 | total_real=1.000000
cliente 28 | lambda=1.000000 | slack=0.000000 | y_low=0.000000 | y_up=0.000000 | total_real=1.000000
cliente 29 | lambda=1.000000 | slack=0.000000 | y_low=0.000000 | y_up=0.000000 | total_real=1.000000
cliente 30 | lambda=1.000000 | slack=0.000000 | y_low=0.000000 | y_up=0.000000 | total_real=1.000000
cliente 31 | lambda=1.000000 | slack=0.000000 | y_low=0.000000 | y_up=0.000000 | total_real=1.000000
cliente 32 | lambda=1.000000 | slack=0.000000 | y_low=0.000000 | y_up=0.000000 | total_real=1.000000
cliente 33 | lambda=1.000000 | slack=0.000000 | y_low=0.000000 | y_up=0.000000 | total_real=1.000000
cliente 34 | lambda=1.000000 | slack=0.000000 | y_low=0.000000 | y_up=0.000000 | total_real=1.000000
cliente 35 | lambda=1.000000 | slack=0.000000 | y_low=0.000000 | y_up=0.000000 | total_real=1.000000
cliente 36 | lambda=1.000000 | slack=0.000000 | y_low=0.000000 | y_up=0.000000 | total_real=1.000000
cliente 37 | lambda=1.000000 | slack=0.000000 | y_low=0.000000 | y_up=0.000000 | total_real=1.000000
cliente 38 | lambda=1.000000 | slack=0.000000 | y_low=0.000000 | y_up=0.000000 | total_real=1.000000
cliente 39 | lambda=1.000000 | slack=0.000000 | y_low=0.000000 | y_up=0.000000 | total_real=1.000000
cliente 40 | lambda=1.000000 | slack=0.000000 | y_low=0.000000 | y_up=0.000000 | total_real=1.000000
cliente 41 | lambda=1.000000 | slack=0.000000 | y_low=0.000000 | y_up=0.000000 | total_real=1.000000
cliente 42 | lambda=1.000000 | slack=0.000000 | y_low=0.000000 | y_up=0.000000 | total_real=1.000000
cliente 43 | lambda=1.000000 | slack=0.000000 | y_low=0.000000 | y_up=0.000000 | total_real=1.000000
cliente 44 | lambda=1.000000 | slack=0.000000 | y_low=0.000000 | y_up=0.000000 | total_real=1.000000
cliente 45 | lambda=1.000000 | slack=0.000000 | y_low=0.000000 | y_up=0.000000 | total_real=1.000000
cliente 46 | lambda=1.000000 | slack=0.000000 | y_low=0.000000 | y_up=0.000000 | total_real=1.000000
cliente 47 | lambda=1.000000 | slack=0.000000 | y_low=0.000000 | y_up=0.000000 | total_real=1.000000
cliente 48 | lambda=1.000000 | slack=0.000000 | y_low=0.000000 | y_up=0.000000 | total_real=1.000000
cliente 49 | lambda=1.000000 | slack=0.000000 | y_low=0.000000 | y_up=0.000000 | total_real=1.000000
cliente 50 | lambda=1.000000 | slack=0.000000 | y_low=0.000000 | y_up=0.000000 | total_real=1.000000


================ DUAIS DO MESTRE ================

PI (clientes):
  pi[1] = -2863618.347588
  pi[2] =  10000.000000
  pi[3] = -628475.276980
  pi[4] = -409118.709765
  pi[5] =  10000.000000
  pi[6] = -600120.893134
  pi[7] =  10000.000000
  pi[8] =  10000.000000
  pi[9] = -588740.357691
  pi[10] =  10000.000000
  pi[11] =  10000.000000
  pi[12] = -1150743.094505
  pi[13] = -717069.102621
  pi[14] = -783752.896005
  pi[15] = -138882.467435
  pi[16] = -1438279.196054
  pi[17] = -410645.840895
  pi[18] =  10000.000000
  pi[19] =  10000.000000
  pi[20] = -569330.412356
  pi[21] = -917377.441852
  pi[22] = -591247.170305
  pi[23] = -649577.322278
  pi[24] =  10000.000000
  pi[25] =  10000.000000
  pi[26] = -1757978.268202
  pi[27] = -627275.035809
  pi[28] =  10000.000000
  pi[29] =  10000.000000
  pi[30] = -1105964.459069
  pi[31] =  10000.000000
  pi[32] = -988359.305511
  pi[33] = -180153.070718
  pi[34] = -1318335.457342
  pi[35] =  10000.000000
  pi[36] =  670.349932
  pi[37] = -828145.039494
  pi[38] = -1827103.506460
  pi[39] = -487947.667920
  pi[40] = -559375.133701
  pi[41] = -971304.800184
  pi[42] = -515302.068901
  pi[43] =  10000.000000
  pi[44] =  10000.000000
  pi[45] =  10000.000000
  pi[46] =  10000.000000
  pi[47] = -1124725.217897
  pi[48] = -1072799.486922
  pi[49] = -1415904.989909
  pi[50] =  10000.000000

SIGMA (veículos):
  sigma[0] =  5609473.797514
  sigma[1] =  5609473.797514
  sigma[2] =  5609473.797514
  sigma[3] =  5609473.797514
  sigma[4] =  5609473.797514

MU (arcos):
  sem duais de arco
=================================================

TESTA ALLBEST

[ALLBEST GEROU CANDIDATA]
k=0
rc=-438086.512665
custo=217.800000
seq=[0, 17, 42, 41, 40, 45, 36, 6, 4, 22, 47, 51]
Tempo total nessa geracao : 0.3s
Tempo total no NO: 10.7s
TAMANHO NOVAS COL 1

--- Nova Coluna ---
Veículo: 0
Sequência: [0, 17, 42, 41, 40, 45, 36, 6, 4, 22, 47, 51]
Custo: 217.80
Custo Reduzido: -438086.512665
Clientes atendidos: [4, 6, 17, 22, 36, 40, 41, 42, 45, 47]

[Nó 0] Rodando MIP periódico após 5 colunas...
Set parameter TimeLimit to value 30
Gurobi Optimizer version 13.0.2 build v13.0.2rc1 (win64 - Windows 11+.0 (26200.2))

CPU model: AMD Ryzen 9 9950X3D 16-Core Processor, instruction set [SSE2|AVX|AVX2|AVX512]
Thread count: 16 physical cores, 32 logical processors, using up to 32 threads

Non-default parameters:
TimeLimit  30

Optimize a model with 55 rows, 168 columns and 1886 nonzeros (Min)
Model fingerprint: 0x296de61d
Model has 168 linear objective coefficients
Variable types: 0 continuous, 168 integer (168 binary)
Coefficient statistics:
  Matrix range     [1e+00, 1e+00]
  Objective range  [5e+01, 1e+06]
  Bounds range     [1e+00, 1e+00]
  RHS range        [1e+00, 1e+00]

Presolve removed 55 rows and 168 columns
Presolve time: 0.00s
Presolve: All rows and columns removed

Explored 0 nodes (0 simplex iterations) in 0.01 seconds (0.00 work units)
Thread count was 1 (of 32 available processors)

Solution count 1: 1.00039e+06 

Optimal solution found (tolerance 1.00e-04)
Best objective 1.000387300000e+06, best bound 1.000387300000e+06, gap 0.0000%
[Nó 0] MIP periódico encontrou solução inteira válida. FO=1000387.300000
[Nó 0] Iter 40 - Obj = 1000387.3000  Colunas = 168 inst= instancias/c108.txt
[Nó 0] inst= instancias/c108.txt Colunas ativas na iteração 40: 
   veic=0 | col=0 | lambda=1.000000 | custo=62.1000 | rota=[0, 43, 42, 41, 40, 44, 46, 48, 45, 50, 49, 47, 51]
   veic=1 | col=0 | lambda=1.000000 | custo=69.8000 | rota=[0, 20, 5, 3, 7, 8, 11, 9, 6, 4, 2, 1, 51]
   veic=2 | col=0 | lambda=1.000000 | custo=54.1000 | rota=[0, 24, 25, 27, 30, 29, 28, 26, 23, 22, 21, 51]
   veic=3 | col=0 | lambda=1.000000 | custo=100.1000 | rota=[0, 33, 32, 31, 35, 38, 37, 39, 36, 34, 51]
   veic=4 | col=0 | lambda=1.000000 | custo=1000101.2000 | rota=[0, 13, 18, 17, 15, 19, 16, 14, 12, 10, 51]
MESMA FO-  Sem melhora 40 Recom 1000387.2999999999 Ultmf 1000387.2999999999  VALOR SUB 0.0
   valor recomposto = 1000387.300000

   valor recomposto = 1000387.300000

--- COBERTURA POR CLIENTE ---
cliente 01 | lambda=1.000000 | slack=0.000000 | y_low=0.000000 | y_up=0.000000 | total_real=1.000000
cliente 02 | lambda=1.000000 | slack=0.000000 | y_low=0.000000 | y_up=0.000000 | total_real=1.000000
cliente 03 | lambda=1.000000 | slack=0.000000 | y_low=0.000000 | y_up=0.000000 | total_real=1.000000
cliente 04 | lambda=1.000000 | slack=0.000000 | y_low=0.000000 | y_up=0.000000 | total_real=1.000000
cliente 05 | lambda=1.000000 | slack=0.000000 | y_low=0.000000 | y_up=0.000000 | total_real=1.000000
cliente 06 | lambda=1.000000 | slack=0.000000 | y_low=0.000000 | y_up=0.000000 | total_real=1.000000
cliente 07 | lambda=1.000000 | slack=0.000000 | y_low=0.000000 | y_up=0.000000 | total_real=1.000000
cliente 08 | lambda=1.000000 | slack=0.000000 | y_low=0.000000 | y_up=0.000000 | total_real=1.000000
cliente 09 | lambda=1.000000 | slack=0.000000 | y_low=0.000000 | y_up=0.000000 | total_real=1.000000
cliente 10 | lambda=1.000000 | slack=0.000000 | y_low=0.000000 | y_up=0.000000 | total_real=1.000000
cliente 11 | lambda=1.000000 | slack=0.000000 | y_low=0.000000 | y_up=0.000000 | total_real=1.000000
cliente 12 | lambda=1.000000 | slack=0.000000 | y_low=0.000000 | y_up=0.000000 | total_real=1.000000
cliente 13 | lambda=1.000000 | slack=0.000000 | y_low=0.000000 | y_up=0.000000 | total_real=1.000000
cliente 14 | lambda=1.000000 | slack=0.000000 | y_low=0.000000 | y_up=0.000000 | total_real=1.000000
cliente 15 | lambda=1.000000 | slack=0.000000 | y_low=0.000000 | y_up=0.000000 | total_real=1.000000
cliente 16 | lambda=1.000000 | slack=0.000000 | y_low=0.000000 | y_up=0.000000 | total_real=1.000000
cliente 17 | lambda=1.000000 | slack=0.000000 | y_low=0.000000 | y_up=0.000000 | total_real=1.000000
cliente 18 | lambda=1.000000 | slack=0.000000 | y_low=0.000000 | y_up=0.000000 | total_real=1.000000
cliente 19 | lambda=1.000000 | slack=0.000000 | y_low=0.000000 | y_up=0.000000 | total_real=1.000000
cliente 20 | lambda=1.000000 | slack=0.000000 | y_low=0.000000 | y_up=0.000000 | total_real=1.000000
cliente 21 | lambda=1.000000 | slack=0.000000 | y_low=0.000000 | y_up=0.000000 | total_real=1.000000
cliente 22 | lambda=1.000000 | slack=0.000000 | y_low=0.000000 | y_up=0.000000 | total_real=1.000000
cliente 23 | lambda=1.000000 | slack=0.000000 | y_low=0.000000 | y_up=0.000000 | total_real=1.000000
cliente 24 | lambda=1.000000 | slack=0.000000 | y_low=0.000000 | y_up=0.000000 | total_real=1.000000
cliente 25 | lambda=1.000000 | slack=0.000000 | y_low=0.000000 | y_up=0.000000 | total_real=1.000000
cliente 26 | lambda=1.000000 | slack=0.000000 | y_low=0.000000 | y_up=0.000000 | total_real=1.000000
cliente 27 | lambda=1.000000 | slack=0.000000 | y_low=0.000000 | y_up=0.000000 | total_real=1.000000
cliente 28 | lambda=1.000000 | slack=0.000000 | y_low=0.000000 | y_up=0.000000 | total_real=1.000000
cliente 29 | lambda=1.000000 | slack=0.000000 | y_low=0.000000 | y_up=0.000000 | total_real=1.000000
cliente 30 | lambda=1.000000 | slack=0.000000 | y_low=0.000000 | y_up=0.000000 | total_real=1.000000
cliente 31 | lambda=1.000000 | slack=0.000000 | y_low=0.000000 | y_up=0.000000 | total_real=1.000000
cliente 32 | lambda=1.000000 | slack=0.000000 | y_low=0.000000 | y_up=0.000000 | total_real=1.000000
cliente 33 | lambda=1.000000 | slack=0.000000 | y_low=0.000000 | y_up=0.000000 | total_real=1.000000
cliente 34 | lambda=1.000000 | slack=0.000000 | y_low=0.000000 | y_up=0.000000 | total_real=1.000000
cliente 35 | lambda=1.000000 | slack=0.000000 | y_low=0.000000 | y_up=0.000000 | total_real=1.000000
cliente 36 | lambda=1.000000 | slack=0.000000 | y_low=0.000000 | y_up=0.000000 | total_real=1.000000
cliente 37 | lambda=1.000000 | slack=0.000000 | y_low=0.000000 | y_up=0.000000 | total_real=1.000000
cliente 38 | lambda=1.000000 | slack=0.000000 | y_low=0.000000 | y_up=0.000000 | total_real=1.000000
cliente 39 | lambda=1.000000 | slack=0.000000 | y_low=0.000000 | y_up=0.000000 | total_real=1.000000
cliente 40 | lambda=1.000000 | slack=0.000000 | y_low=0.000000 | y_up=0.000000 | total_real=1.000000
cliente 41 | lambda=1.000000 | slack=0.000000 | y_low=0.000000 | y_up=0.000000 | total_real=1.000000
cliente 42 | lambda=1.000000 | slack=0.000000 | y_low=0.000000 | y_up=0.000000 | total_real=1.000000
cliente 43 | lambda=1.000000 | slack=0.000000 | y_low=0.000000 | y_up=0.000000 | total_real=1.000000
cliente 44 | lambda=1.000000 | slack=0.000000 | y_low=0.000000 | y_up=0.000000 | total_real=1.000000
cliente 45 | lambda=1.000000 | slack=0.000000 | y_low=0.000000 | y_up=0.000000 | total_real=1.000000
cliente 46 | lambda=1.000000 | slack=0.000000 | y_low=0.000000 | y_up=0.000000 | total_real=1.000000
cliente 47 | lambda=1.000000 | slack=0.000000 | y_low=0.000000 | y_up=0.000000 | total_real=1.000000
cliente 48 | lambda=1.000000 | slack=0.000000 | y_low=0.000000 | y_up=0.000000 | total_real=1.000000
cliente 49 | lambda=1.000000 | slack=0.000000 | y_low=0.000000 | y_up=0.000000 | total_real=1.000000
cliente 50 | lambda=1.000000 | slack=0.000000 | y_low=0.000000 | y_up=0.000000 | total_real=1.000000


================ DUAIS DO MESTRE ================

PI (clientes):
  pi[1] = -1972703.100887
  pi[2] =  10000.000000
  pi[3] = -455931.359499
  pi[4] = -493120.559659
  pi[5] =  10000.000000
  pi[6] = -477294.080359
  pi[7] =  10000.000000
  pi[8] =  10000.000000
  pi[9] = -527946.498584
  pi[10] =  10000.000000
  pi[11] =  10000.000000
  pi[12] = -781289.528888
  pi[13] = -441398.724258
  pi[14] = -561172.713096
  pi[15] = -161076.653582
  pi[16] = -1098911.221838
  pi[17] = -343600.186507
  pi[18] =  10000.000000
  pi[19] =  10000.000000
  pi[20] = -480484.829182
  pi[21] = -643343.544437
  pi[22] = -498709.335664
  pi[23] = -547993.471543
  pi[24] =  10000.000000
  pi[25] =  10000.000000
  pi[26] = -1370351.315705
  pi[27] = -478640.011088
  pi[28] =  10000.000000
  pi[29] =  10000.000000
  pi[30] = -858458.449733
  pi[31] =  10000.000000
  pi[32] = -777700.714203
  pi[33] = -47976.726263
  pi[34] = -957740.166219
  pi[35] =  10000.000000
  pi[36] = -136672.017549
  pi[37] = -753089.076840
  pi[38] = -1334563.418856
  pi[39] = -369708.008239
  pi[40] = -606905.048768
  pi[41] = -578033.083581
  pi[42] = -384796.624686
  pi[43] =  10000.000000
  pi[44] =  10000.000000
  pi[45] = -168730.003202
  pi[46] =  10000.000000
  pi[47] = -901128.101322
  pi[48] = -709801.103319
  pi[49] = -1048094.163293
  pi[50] =  10000.000000

SIGMA (veículos):
  sigma[0] =  4357550.228170
  sigma[1] =  4357550.228170
  sigma[2] =  4357550.228170
  sigma[3] =  4357550.228170
  sigma[4] =  4357550.228170

MU (arcos):
  sem duais de arco
=================================================

TESTA ALLBEST

[ALLBEST GEROU CANDIDATA]
k=0
rc=-1611147.569907
custo=253.300000
seq=[0, 3, 43, 42, 35, 46, 14, 4, 2, 50, 47, 51]
Tempo total nessa geracao : 0.3s
Tempo total no NO: 11.4s
TAMANHO NOVAS COL 1

--- Nova Coluna ---
Veículo: 0
Sequência: [0, 3, 43, 42, 35, 46, 14, 4, 2, 50, 47, 51]
Custo: 253.30
Custo Reduzido: -1611147.569907
Clientes atendidos: [2, 3, 4, 14, 35, 42, 43, 46, 47, 50]
MELHORA SEM MELHORA 40
[Nó 0] PAROU POR ESTAGNAÇÃO DA FO
[Nó 0] Melhor solução fracionada final (LP com slack):
   veic=0 | col=0 | lambda=1.000000 | custo=62.1000 | rota=[0, 43, 42, 41, 40, 44, 46, 48, 45, 50, 49, 47, 51]
   veic=1 | col=0 | lambda=1.000000 | custo=69.8000 | rota=[0, 20, 5, 3, 7, 8, 11, 9, 6, 4, 2, 1, 51]
   veic=2 | col=0 | lambda=1.000000 | custo=54.1000 | rota=[0, 24, 25, 27, 30, 29, 28, 26, 23, 22, 21, 51]
   veic=3 | col=0 | lambda=1.000000 | custo=100.1000 | rota=[0, 33, 32, 31, 35, 38, 37, 39, 36, 34, 51]
   veic=4 | col=0 | lambda=1.000000 | custo=1000101.2000 | rota=[0, 13, 18, 17, 15, 19, 16, 14, 12, 10, 51]
   valor LP recomposto = 1000387.300000
   slack_final = 0.000000

[Nó 0] Lambdas da melhor solução inteira:
   lambda_int[0,0] = 1
   lambda_int[1,0] = 1
   lambda_int[2,0] = 1
   lambda_int[3,0] = 1
   lambda_int[4,0] = 1
[Nó 0] Melhor solução inteira final (MIP no pool):
   veic=0 | col=0 | z=1 | custo=62.1000 | rota=[0, 43, 42, 41, 40, 44, 46, 48, 45, 50, 49, 47, 51]
   veic=1 | col=0 | z=1 | custo=69.8000 | rota=[0, 20, 5, 3, 7, 8, 11, 9, 6, 4, 2, 1, 51]
   veic=2 | col=0 | z=1 | custo=54.1000 | rota=[0, 24, 25, 27, 30, 29, 28, 26, 23, 22, 21, 51]
   veic=3 | col=0 | z=1 | custo=100.1000 | rota=[0, 33, 32, 31, 35, 38, 37, 39, 36, 34, 51]
   veic=4 | col=0 | z=1 | custo=1000101.2000 | rota=[0, 13, 18, 17, 15, 19, 16, 14, 12, 10, 51]
   valor inteiro recomposto = 1000387.300000

[Nó 0] Exportando solução inteira do MIP para JS...
   colunas ativas no MIP: [(0, 0), (1, 0), (2, 0), (3, 0), (4, 0)]
JS exportado: rotas_plot_data.js | rotas=5
Nó 0 finalizado: LP=1000387.3000, MIP_pool=1000387.2999999999, tem_inteira=True, cg_convergiu=False, max_iter=False, slack_final=0.000000, lb_confiavel=False
Melhor LP com slack = 1000387.2999999999 iter=0
Melhor LP válido    = 1000387.2999999999 iter=0
Melhor inteiro      = 1000387.2999999999 iter=4
Achou LP target     = False iter=None tempo=None
Achou INT target    = False iter=None tempo=None
SALDOS
[0, 45, 0, 0, 0, 0, 0]
PRIMEIRO NO
Tempo total: 11.7s
SOL INTEIRA
[Nó 0] LP=1000387.3000 inteira=True lb_confiavel=False slack_final=0.000000 cg_convergiu=False max_iter=False
Nó 0 tem inteiro com custo 1000387.3000
ATUALIZOU MELHOR INTEIRO Nó 0 Valor INTEIRO com custo 1000387.3000
Novo incumbente: z_inc=1000387.3000
PODOU por ser inteiro- fim da linha

==== FIM B&P ====
Melhor solução inteira: nó 0 com custo 1000387.3000

=== LAMBDAS DO NÓ 0 ===
Veículo 0, rota 0: lambda = 1.0000
   Sequência: [0, 43, 42, 41, 40, 44, 46, 48, 45, 50, 49, 47, 51]
   Custo:     62.10
Veículo 1, rota 0: lambda = 1.0000
   Sequência: [0, 20, 5, 3, 7, 8, 11, 9, 6, 4, 2, 1, 51]
   Custo:     69.80
Veículo 2, rota 0: lambda = 1.0000
   Sequência: [0, 24, 25, 27, 30, 29, 28, 26, 23, 22, 21, 51]
   Custo:     54.10
Veículo 3, rota 0: lambda = 1.0000
   Sequência: [0, 33, 32, 31, 35, 38, 37, 39, 36, 34, 51]
   Custo:     100.10
Veículo 4, rota 0: lambda = 1.0000
   Sequência: [0, 13, 18, 17, 15, 19, 16, 14, 12, 10, 51]
   Custo:     1000101.20
=== FIM LAMBDAS NÓ 0 ===

Nenhuma solução fracionária registrada (ou todos nós foram inteiros/podados).
FO_TARGET = 362.4
Melhor LP com slack = 1000387.2999999999 | iter = 0 | no = 0
Melhor LP válido = 1000387.2999999999 | iter = 0 | no = 0
Melhor inteiro = 1000387.2999999999 | iter = 4 | no = 0
Achou LP target = False | iter =  | tempo =  | no = 
Achou INT target = False | iter =  | tempo =  | no = 
Iterações            = 41
Nós BP               = 1
Colunas BP           = 168
[LOG] convergencia registrada: 40 iteracoes
Tempo total BP: 11.8319
[FIM] pid=17816 | instancias/c108.txt | duracao=12026.75s
[INICIO] pid=17816 | instancias/r103.txt | t=1781876035.72

############################################
TESTANDO GAMMA_MAX=0 | GAMMA_INI=0 | SM=30
############################################

==============================
NOVA - tam=50 cap=200 VEIC=9 gamma_max=0 gamma_ini=0 SM=30 ninst=11 INSTANCIA=instancias/r103.txt
==============================
