==================== Iniciando a resolução do modelo exato
Set parameter TimeLimit to value 12000
Gurobi Optimizer version 13.0.2 build v13.0.2rc1 (win64 - Windows 11+.0 (26200.2))

CPU model: AMD Ryzen 9 9950X3D 16-Core Processor, instruction set [SSE2|AVX|AVX2|AVX512]
Thread count: 16 physical cores, 32 logical processors, using up to 32 threads

Non-default parameters:
TimeLimit  12000

Optimize a model with 27400 rows, 14290 columns and 143820 nonzeros (Min)
Model fingerprint: 0x46a2cb06
Model has 13250 linear objective coefficients
Variable types: 520 continuous, 13770 integer (13770 binary)
Coefficient statistics:
  Matrix range     [1e+00, 1e+05]
  Objective range  [1e+00, 6e+01]
  Bounds range     [1e+00, 1e+00]
  RHS range        [1e+00, 1e+05]

Presolve removed 840 rows and 530 columns
Presolve time: 0.21s
Presolved: 26560 rows, 13760 columns, 103760 nonzeros
Variable types: 505 continuous, 13255 integer (13255 binary)
Deterministic concurrent LP optimizer: primal and dual simplex
Showing primal log only...

Concurrent spin time: 0.00s

Solved with dual simplex

Use crossover to convert LP symmetric solution to basic solution...
Crossover time: 0.24 seconds (0.03 work units)

Root relaxation: objective 1.446000e+02, 645 iterations, 0.47 seconds (0.08 work units)

    Nodes    |    Current Node    |     Objective Bounds      |     Work
 Expl Unexpl |  Obj  Depth IntInf | Incumbent    BestBd   Gap | It/Node Time

     0     0  144.60000    0  224          -  144.60000      -     -    1s
     0     0  144.60000    0  244          -  144.60000      -     -    1s
     0     0  145.63000    0  247          -  145.63000      -     -    1s
     0     0  146.00000    0  251          -  146.00000      -     -    1s
     0     0  149.64000    0  261          -  149.64000      -     -    2s
     0     0  160.76982    0  205          -  160.76982      -     -    6s
     0     0  184.80000    0  171          -  184.80000      -     -    7s
     0     0  184.80000    0  171          -  184.80000      -     -    7s
     0     0  186.16775    0  197          -  186.16775      -     -    7s
     0     0  187.41608    0  193          -  187.41608      -     -    8s
     0     0  191.81633    0  210          -  191.81633      -     -    8s
     0     0  191.94973    0  210          -  191.94973      -     -    8s
     0     0  192.75000    0  194          -  192.75000      -     -    9s
     0     0  192.90000    0  202          -  192.90000      -     -    9s
     0     0  192.90000    0  202          -  192.90000      -     -    9s
     0     0  192.90200    0  221          -  192.90200      -     -    9s
     0     0  193.08333    0  213          -  193.08333      -     -    9s
     0     0  193.08333    0  213          -  193.08333      -     -   10s
     0     0  193.22500    0  197          -  193.22500      -     -   10s
     0     0  193.42500    0  197          -  193.42500      -     -   10s
     0     0  193.93333    0  217          -  193.93333      -     -   11s
     0     0  193.93333    0  228          -  193.93333      -     -   11s
     0     0  194.17200    0  221          -  194.17200      -     -   11s
     0     0  194.51200    0  220          -  194.51200      -     -   12s
     0     0  194.51400    0  226          -  194.51400      -     -   12s
     0     0  194.52900    0  222          -  194.52900      -     -   12s
     0     0  195.86667    0  205          -  195.86667      -     -   12s
     0     0  196.13333    0  219          -  196.13333      -     -   13s
     0     0  196.48333    0  202          -  196.48333      -     -   13s
     0     0  196.48333    0  203          -  196.48333      -     -   13s
     0     0  197.06522    0  225          -  197.06522      -     -   13s
     0     0  197.06667    0  239          -  197.06667      -     -   13s
     0     0  197.11905    0  212          -  197.11905      -     -   13s
     0     0  197.47222    0  223          -  197.47222      -     -   15s
     0     0  197.57857    0  239          -  197.57857      -     -   15s
     0     0  197.57857    0  239          -  197.57857      -     -   16s
     0     0  197.57857    0  240          -  197.57857      -     -   16s
     0     0  197.75000    0  229          -  197.75000      -     -   16s
     0     0  197.77857    0  255          -  197.77857      -     -   17s
     0     0  197.77857    0  247          -  197.77857      -     -   17s
     0     0  197.82143    0  255          -  197.82143      -     -   17s
     0     0  197.99286    0  255          -  197.99286      -     -   18s
     0     0  198.02143    0  246          -  198.02143      -     -   18s
     0     0  198.02143    0  246          -  198.02143      -     -   18s
     0     0  198.02143    0  246          -  198.02143      -     -   20s
     0     0  198.02143    0  222          -  198.02143      -     -   20s
     0     2  198.49286    0  222          -  198.49286      -     -   22s
    87   113  200.75000    8  180          -  200.75000      -  84.6   25s
   701   696  257.22434   34  232          -  200.75000      -  66.2   30s
  1415  1448  340.78658   93  208          -  200.75000      -  61.8   35s
  2457  2428  360.48232  157  172          -  200.75000      -  60.1   40s
  3234  3094 infeasible  208               -  200.75000      -  64.9   45s
  3918  3511  259.86931   44  199          -  201.05000      -  66.6   50s
  4011  3586  260.51269   45  215          -  201.07500      -  67.1   55s
  4137  3724  260.50158   46  204          -  201.07500      -  67.4   60s
  4411  4037  289.52192   48  189          -  201.07500      -  68.2   67s
  4683  4217  289.55311   49  190          -  201.07500      -  68.3   72s
  4767  4218  276.67240   32  261          -  201.07500      -  69.5  102s
  4769  4219  336.45707   60  210          -  201.07500      -  69.5  115s
  4773  4222  472.30256  145  193          -  201.07500      -  69.4  120s
  4780  4227  379.61869  107  227          -  201.07500      -  69.3  128s
  4781  4227  406.22674  176  259          -  201.07500      -  69.3  130s
  4783  4229  281.16430  128  276          -  205.02672      -  69.3  137s
  4784  4229  320.83046  105  213          -  225.84444      -  69.2  142s
  4785  4230  418.67068  142  230          -  225.84444      -  69.2  150s
  4786  4231  344.23280   79  273          -  231.01918      -  69.2  155s
  4789  4233  255.53972   11  289          -  232.63460      -  69.2  167s
  4790  4233  381.13827  241  238          -  248.33061      -  69.2  174s
  4791  4234  297.87097   78  249          -  249.84244      -  69.1  176s
  4793  4235  379.76006  106  260          -  249.86702      -  69.1  184s
  4794  4236  497.52060  173  320          -  257.71212      -  69.1  190s
  4798  4239  263.00056   22  187          -  263.00056      -  69.0  200s
  4800  4240  275.78595   81  341          -  266.16448      -  69.0  205s
  4804  4243  298.26430   76  359          -  268.38171      -  69.0  210s
  4805  4243  273.49463   87  355          -  268.38711      -  68.9  221s
  4806  4244  276.46337   10  347          -  276.46337      -  68.9  229s
  4807  4245  384.76789  203  360          -  276.62471      -  68.9  231s
  4810  4247  689.14608  166  390          -  276.76839      -  68.9  241s
  4811  4247  607.79885  159  437          -  278.34391      -  68.9  247s
  4814  4249  278.34391   19  422          -  278.34391      -  68.8  250s
  4816  4251  288.62279   50  438          -  278.34391      -  68.8  260s
  4817  4251  397.03239  112  323          -  285.91301      -  68.8  266s
  4819  4253  286.96320   37  433          -  286.96320      -  68.7  270s
  4821  4254  582.59333  147  436          -  287.01401      -  68.7  282s
  4822  4255  289.94287   29  418          -  289.94287      -  68.7  289s
  4823  4255  290.10015   20  432          -  290.10015      -  68.7  292s
  4826  4257  297.08380  101  418          -  290.13838      -  68.6  306s
  4827  4258  310.67701  168  365          -  292.09225      -  68.6  325s
  4830  4260  357.92065  153  388          -  292.16838      -  68.6  338s
  4831  4261  292.93533   70  340          -  292.93533      -  68.6  346s
  4833  4262  351.97741  121  413          -  293.36025      -  68.5  360s
  4834  4263  468.60794  163  348          -  293.64695      -  68.5  366s
  4836  4264  539.22844  228  339          -  293.64695      -  68.5  378s
  4837  4265  293.81844   47  336          -  293.81844      -  68.5  386s
  4840  4267  555.67034  258  396          -  294.08245      -  68.4  392s
  4841  4267  295.15435  108  396          -  295.15435      -  68.4  397s
  4843  4269  336.36739  109  362          -  295.51285      -  68.4  400s
  4845  4270  295.75320   47  443          -  295.75320      -  68.4  405s
  4846  4271  296.80089   27  379          -  296.80089      -  68.4  413s
  4847  4271  394.48245  107  408          -  296.81833      -  68.3  415s
  4850  4273  296.86815   20  431          -  296.86815      -  68.3  423s
  4851  4274  296.96760   26  437          -  296.96760      -  68.3  425s
  4853  4275  297.00300    8  421          -  297.00300      -  68.3  430s
  4854  4276  304.45747  167  482          -  297.38751      -  68.2  448s
  4855  4277  550.57743  147  476          -  297.41677      -  68.2  451s
  4857  4278  298.12978   88  513          -  297.44229      -  68.2  456s
  4858  4279  333.41759   45  420          -  297.98298      -  68.2  462s
  4860  4280  297.98298    9  483          -  297.98298      -  68.2  466s
  4861  4281  297.98298   75  483          -  297.98298      -  68.1  470s
  4862  4281  298.27565    8  514          -  298.27565      -  68.1  507s
  4863  4282  465.69491  148  522          -  298.27565      -  68.1  511s
  4864  4283  298.58831   60  450          -  298.58831      -  68.1  517s
  4865  4283  477.08257  142  493          -  298.64532      -  68.1  520s
  4867  4285  298.66576   32  496          -  298.66576      -  68.1  525s
  4868  4285  412.56242  124  516          -  298.91133      -  68.0  530s
  4870  4287  315.36474  118  558          -  298.92866      -  68.0  535s
  4872  4288  521.73285  182  549          -  299.15549      -  68.0  543s
  4873  4289  472.30256  145  554          -  299.27788      -  68.0  546s
  4875  4290  299.29363   44  569          -  299.29363      -  67.9  551s
  4877  4291  299.32065   35  550          -  299.32065      -  67.9  555s
  4879  4293  299.33882   53  550          -  299.33882      -  67.9  599s
  4880  4293  379.61869  107  541          -  299.34576      -  67.9  603s
  4881  4294  406.22674  176  558          -  299.39748      -  67.9  606s
  4884  4297  320.83046  105  261          -  299.39748      -  72.3  639s
  4885  4298  418.67068  142  261          -  299.39748      -  72.3  643s
  4886  4298  344.23280   79  203          -  299.39748      -  72.3  665s
  4887  4299  299.39748   17  227          -  299.39748      -  72.3  673s
  4888  4300  338.52348   79  299          -  299.39830      -  72.3  678s
  4889  4300  299.39830   11  293          -  299.39830      -  72.3  685s
  4890  4301  381.13827  241  334          -  299.39830      -  72.3  691s
  4891  4302  299.39830   78  356          -  299.39830      -  72.2  698s
  4892  4302  299.39830   42  510          -  299.39830      -  72.2  704s
  4893  4303  379.76006  106  500          -  299.39830      -  72.2  709s
  4894  4304  497.52060  173  541          -  299.39830      -  72.2  712s
  4896  4305  299.40545   53  550          -  299.40545      -  72.2  716s
  4897  4306  299.40725   63  552          -  299.40725      -  72.2  731s
  4898  4306  299.74895   22  496          -  299.74895      -  72.1  739s
  4899  4307  299.78842   71  474          -  299.78842      -  72.1  741s
  4900  4308  299.79675   81  498          -  299.79675      -  72.1  755s
  4901  4308  300.36840  133  539          -  300.36840      -  72.1  763s
  4902  4309  830.22494  185  524          -  300.47034      -  72.1  767s
  4904  4310  300.51656   76  550          -  300.51656      -  72.1  770s
  4905  4311  300.51684   87  550          -  300.51684      -  72.0  785s
  4906  4312  300.96301   10  519          -  300.96301      -  72.0  799s
  4907  4312  384.76789  203  513          -  300.96301      -  72.0  801s
  4909  4314  361.09649   77  541          -  301.09309      -  72.0  805s
  4910  4314  689.14608  166  503          -  301.10011      -  72.0  819s
  4911  4315  607.79885  159  523          -  301.39119      -  72.0  828s
  4912  4316  301.40792   97  510          -  301.40792      -  71.9  832s
  4913  4316  301.46448   65  534          -  301.46448      -  71.9  835s
  4915  4318  302.14689  155  540          -  301.48293      -  71.9  854s
  4916  4318  301.85172   50  582          -  301.85172      -  71.9  866s
  4919  4320  301.90220   37  607          -  301.90220      -  71.8  873s
  4920  4321  351.14267   98  603          -  302.19622      -  71.8  881s
  4922  4322  302.22834   29  612          -  302.22834      -  71.8  886s
  4923  4323  302.25461   20  620          -  302.25461      -  71.8  898s
  4924  4324  347.90726   87  617          -  302.25461      -  71.8  902s
  4925  4324  362.09702   87  603          -  302.28885      -  71.7  909s
  4926  4325  302.28885  101  602          -  302.28885      -  71.7  912s
  4927  4326  310.67701  168  596          -  302.28885      -  71.7  915s
  4929  4327  391.37261  154  569          -  302.28902      -  71.7  978s
  4930  4331  302.29259   26  548          -  302.28902      -  73.9  990s
  4944  4354  305.85193   29  398          -  302.94976      -  74.3  995s
  5017  4403  309.02664   32  364          -  303.08152      -  76.5 1002s
  5033  4413  307.96748   32  374          -  303.08152      -  77.4 1020s
  5068  4429  309.02882   33  356          -  303.08152      -  78.6 1028s
  5086  4437  313.37381   34  348          -  303.08152      -  79.5 1035s
  5102  4448  312.89350   34  349          -  303.08152      -  80.4 1042s
  5119  4460  314.25926   35  307          -  303.08152      -  80.9 1049s
  5136  4473  313.09416   35  307          -  303.08152      -  81.2 1054s
  5155  4483  314.56421   36  299          -  303.08152      -  81.6 1059s
  5161  4481  314.89853   37  358          -  303.08152      -  82.0 1060s
  5189  4501 infeasible   37               -  303.08152      -  82.6 1076s
  5207  4511 infeasible   37               -  303.08152      -  83.5 1085s
  5227  4521  352.58470   36  338          -  303.08152      -  84.4 1098s
  5243  4531  325.97632   36  277          -  303.08152      -  84.8 1102s
  5261  4544  342.50233   37  322          -  303.08152      -  85.9 1111s
  5280  4555 infeasible   37               -  303.08152      -  86.5 1115s
  5299  4565  342.50233   38  327          -  303.08152      -  86.6 1121s
  5315  4575  344.37221   38  301          -  303.08152      -  87.1 1126s
  5331  4586  343.52138   39  308          -  303.08152      -  87.5 1132s
  5347  4595 infeasible   39               -  303.08152      -  88.3 1136s
  5365  4605  361.28626   40  288          -  303.08152      -  89.2 1142s
  5382  4615 infeasible   41               -  303.08152      -  89.9 1150s
  5400  4631  412.49897   41  254          -  303.08152      -  90.4 1155s
  5422  4648 infeasible   42               -  303.08152      -  91.0 1165s
  5450  4671  454.62489   42  195          -  303.08152      -  92.0 1170s
  5485  4690  420.34780   43  300          -  303.08152      -  93.1 1177s
  5515  4696  415.77503   43  268          -  303.08152      -  93.8 1183s
  5531  4716  415.79617   44  267          -  303.08152      -  94.3 1191s
  5557  4739 infeasible   44               -  303.08152      -  95.0 1199s
  5590  4765 infeasible   45               -  303.08152      -  95.3 1212s
  5631  4784  422.59902   46  282          -  303.08152      -  96.1 1221s
  5667  4802  421.26945   47  299          -  303.08152      -  96.8 1267s
  5704  4829 infeasible   47               -  303.08152      -  97.6 1277s
  5755  4877  425.13011   48  308          -  303.08152      -  97.9 1297s
  5826  4894  428.30891   48  275          -  303.08152      -  98.5 1306s
  5877  4940  426.61780   49  294          -  303.08152      -  99.0 1316s
  5948  4926 infeasible   49               -  303.08152      -   100 1336s
  5973  4935 infeasible   49               -  303.08152      -   100 1351s
  6002  4967  322.59839   32  177          -  303.89573      -   102 1362s
  6044  4999  322.76937   33  298          -  303.89573      -   103 1386s
  6090  5041  323.59303   34  288          -  303.89573      -   104 1396s
  6147  5133  324.19300   35  296          -  303.89573      -   105 1405s
  6258  5215  323.19380   33  145          -  303.89573      -   106 1419s
  6389  5306  323.59295   34  179          -  303.89573      -   108 1434s
  6576  5388  323.59316   35  185          -  303.89573      -   110 1447s
  6790  5483  325.34694   41  162          -  304.13420      -   112 1463s
  7006  5508  333.83587   45   99          -  304.27004      -   114 1476s
  7156  5725  337.62754   51  219          -  304.45803      -   116 1500s
  7461  5919  370.59523   64  238          -  304.45803      -   119 1517s
  7803  6052  362.18302   78  226          -  304.45803      -   120 1533s
  8099  6085  455.59567  103  177          -  304.45803      -   123 1544s
  8277  6162 infeasible  107               -  304.45803      -   125 1564s
  8451  6436  343.30523   40  249          -  304.78696      -   126 1588s
  8812  6626  326.50116   57  174          -  304.78696      -   128 1616s
H 8962  5845                     401.4000000  304.78696  24.1%   128 1616s
  9229  5824     cutoff   70       401.40000  304.94424  24.0%   128 1644s
  9557  5979  383.70700   49  256  401.40000  305.12072  24.0%   130 1681s
  9916  6114  339.76858   50  369  401.40000  305.12072  24.0%   131 1700s
 10248  6307  384.58855   62  212  401.40000  305.12072  24.0%   133 1732s
 10635  6406  322.87596   51  193  401.40000  305.74903  23.8%   134 1752s
 10972  6582  349.64619   74  192  401.40000  305.74903  23.8%   135 1788s
 11329  6760  401.02010   97  112  401.40000  305.74903  23.8%   137 1811s
 11725  6877  346.65238   56  237  401.40000  305.74903  23.8%   139 1837s
 12075  7076  356.04257   45  391  401.40000  305.92443  23.8%   140 1851s
 12558  7296 infeasible   59       401.40000  305.95086  23.8%   141 1891s
 13036  7456  341.86422   60  271  401.40000  306.19451  23.7%   142 1933s
 13510  7789  323.48955   44  331  401.40000  306.94223  23.5%   144 1966s
 14141  7967  310.20251   42  315  401.40000  306.94223  23.5%   145 2006s
 14721  8144  322.33651   45  292  401.40000  307.45104  23.4%   146 2020s
 15163  8324  320.24388   55  222  401.40000  307.45104  23.4%   148 2051s
 15669  8518  382.45020   68  216  401.40000  307.75153  23.3%   150 2077s
 16186  8716  386.77077   60  213  401.40000  307.75153  23.3%   153 2115s
 16795  8839  400.12564   65  298  401.40000  307.99725  23.3%   155 2172s
 17434  9108  314.12913   34  242  401.40000  307.99725  23.3%   156 2207s
 18015  9575  321.46576   34  320  401.40000  308.28790  23.2%   157 2249s
 18212  9575  343.32443   45  241  401.40000  308.28790  23.2%   158 2250s
H18686  6894                     367.3000000  308.36808  16.0%   159 2291s
 18814  7198  327.56616   51  226  367.30000  308.36808  16.0%   160 2332s
 19462  7532  329.29948   45  289  367.30000  308.60000  16.0%   162 2378s
 20200  7955  314.24907   51  349  367.30000  308.94781  15.9%   164 2409s
 20973  8427  357.96806   48  268  367.30000  309.25656  15.8%   165 2492s
 21947  8824  353.09884   45  391  367.30000  309.39484  15.8%   167 2520s
 22684  9242  317.88940   44  254  367.30000  309.60417  15.7%   168 2571s
 23492  9613  317.79012   38  302  367.30000  309.91899  15.6%   169 2631s
 24331 10014  336.40388   49  223  367.30000  310.05292  15.6%   169 2686s
 25058 10490  343.50021   47  220  367.30000  310.20151  15.5%   171 2757s
 26020 10886  325.24306   54  311  367.30000  310.31908  15.5%   171 2801s
 26876 11233  340.56331   66  297  367.30000  310.63110  15.4%   171 2856s
 27715 11751  354.82986   64  238  367.30000  310.78364  15.4%   173 2931s
 28662 12203  328.27860   56  285  367.30000  310.97747  15.3%   173 2994s
 29424 12203  329.13568   55  135  367.30000  311.13597  15.3%   174 2995s
 29628 12668  316.79915   44  366  367.30000  311.35139  15.2%   174 3058s
 30538 13277  316.29348   52  303  367.30000  311.54798  15.2%   175 3128s
 31570 13852  323.56979   55  219  367.30000  311.72703  15.1%   176 3192s
 32621 13928  344.71147   46  323  367.30000  312.07626  15.0%   176 3284s
H32632 13510                     364.0000000  312.07626  14.3%   176 3284s
 32729 14164  359.71720   53  249  364.00000  312.07626  14.3%   176 3370s
H33998 14519                     362.4000000  312.25700  13.8%   177 3463s
 35086 15085  351.05281   67  350  362.40000  312.57183  13.7%   177 3544s
 36218 15755  349.20176   56  194  362.40000  312.75846  13.7%   178 3605s
 37563 16306  354.83890   51  219  362.40000  312.98018  13.6%   179 3701s
 38825 16878 infeasible   47       362.40000  313.32943  13.5%   180 3794s
 40075 17542  333.85283   40  272  362.40000  313.60746  13.5%   181 3918s
 41411 17543  356.38700   70  261  362.40000  313.80565  13.4%   183 5023s
 41413 17544  330.04233   52  210  362.40000  313.80565  13.4%   183 5048s
 41414 17545  347.99480   47  300  362.40000  313.80565  13.4%   183 5068s
 41415 17546  318.03064   47  299  362.40000  313.80565  13.4%   183 5080s
 41416 17546  329.78346   51  371  362.40000  313.80565  13.4%   183 5095s
 41417 17547  343.54221   63  417  362.40000  313.80565  13.4%   183 5109s
 41418 17548  317.15645   48  351  362.40000  313.80565  13.4%   183 5115s
 41419 17548  347.76225   62  398  362.40000  313.80565  13.4%   183 5123s
 41420 17549  320.13287   55  347  362.40000  313.80565  13.4%   183 5132s
 41421 17550  333.10000   57  404  362.40000  313.80565  13.4%   183 5138s
 41422 17550  348.27158   46  449  362.40000  313.80565  13.4%   183 5144s
 41423 17551  353.37665   59  357  362.40000  313.80565  13.4%   183 5148s
 41424 17552  336.71644   41  361  362.40000  313.80565  13.4%   183 5151s
 41425 17552  339.80386   47  359  362.40000  313.80565  13.4%   183 5156s
 41427 17554  343.37835   39  361  362.40000  313.80565  13.4%   183 5161s
 41428 17554  348.87104   51  450  362.40000  313.80565  13.4%   183 5181s
 41429 17555  335.74162   46  441  362.40000  313.80565  13.4%   183 5197s
 41430 17556  345.14562   67  497  362.40000  313.80565  13.4%   183 5202s
 41431 17556  341.34521   55  528  362.40000  313.80565  13.4%   183 5206s
 41433 17558  358.30016   43  474  362.40000  313.80565  13.4%   183 5211s
 41435 17559  349.83650   48  478  362.40000  313.80565  13.4%   183 5295s
 41436 17560  325.57926   63  541  362.40000  313.80565  13.4%   183 5311s
 41437 17560  353.30204   47  501  362.40000  313.80565  13.4%   183 5316s
 41438 17561  362.29085   52  536  362.40000  313.80565  13.4%   183 5324s
 41439 17562  343.47601   56  512  362.40000  313.80565  13.4%   183 5327s
 41440 17562  342.30566   58  516  362.40000  313.80565  13.4%   183 5330s
 41441 17563  329.57509   51  514  362.40000  313.80565  13.4%   183 5405s
 41442 17564  332.84043   51  474  362.40000  313.80565  13.4%   183 5439s
 41443 17564  323.35531   44  464  362.40000  313.80565  13.4%   183 5444s
 41444 17565  321.93591   49  493  362.40000  313.80565  13.4%   183 5449s
 41445 17566  349.58367   59  490  362.40000  313.80565  13.4%   183 5451s
 41446 17566  340.12338   67  506  362.40000  313.80565  13.4%   183 5524s
 41447 17567  340.10042   58  396  362.40000  313.80565  13.4%   183 5550s
 41449 17568  343.66921   71  429  362.40000  313.80565  13.4%   183 5620s
 41450 17569  356.12166   58  536  362.40000  313.80565  13.4%   183 5646s
 41451 17570  329.13447   39  497  362.40000  313.80565  13.4%   183 5651s
 41453 17571  327.68656   47  539  362.40000  313.80565  13.4%   183 5658s
 41454 17572  327.07492   43  513  362.40000  313.80565  13.4%   183 5660s
 41456 17573  321.37422   46  513  362.40000  313.80565  13.4%   183 5723s
 41457 17574  349.08611   80  608  362.40000  314.75857  13.1%   183 5741s
 41458 17574  358.07220   55  580  362.40000  314.75857  13.1%   183 5745s
 41460 17576  336.85703   53  589  362.40000  314.75857  13.1%   183 5751s
 41461 17576  349.01317   77  610  362.40000  314.75857  13.1%   183 5808s
 41462 17577  349.90460   60  555  362.40000  315.18191  13.0%   183 5826s
 41463 17578  334.99502   56  603  362.40000  315.43208  13.0%   183 5832s
 41464 17578  326.06521   45  539  362.40000  315.48123  12.9%   183 5835s
 41466 17580  341.20227   50  574  362.40000  315.52212  12.9%   183 5840s
 41468 17581  318.66144   40  582  362.40000  315.52409  12.9%   183 5912s
 41469 17582  347.45974   40  555  362.40000  316.14773  12.8%   183 5929s
 41470 17582  343.17481   53  571  362.40000  316.14773  12.8%   183 5931s
 41471 17583  352.67252   50  589  362.40000  316.14773  12.8%   183 5985s
 41472 17584  340.25262   51  614  362.40000  316.18959  12.8%   183 6012s
 41473 17584  354.90924   53  566  362.40000  316.18959  12.8%   183 6015s
 41475 17586  320.43137   53  595  362.40000  316.18959  12.8%   183 6091s
 41476 17586  362.04502   56  537  362.40000  316.88559  12.6%   183 6108s
 41477 17587  328.62685   53  597  362.40000  316.88559  12.6%   183 6112s
 41478 17588  326.25305   62  584  362.40000  316.88559  12.6%   183 6115s
 41479 17588  334.98904   47  598  362.40000  316.88559  12.6%   183 6179s
 41480 17589  341.32038   51  613  362.40000  317.40629  12.4%   183 6208s
 41481 17590  325.96582   57  559  362.40000  317.40629  12.4%   183 6211s
 41483 17591  321.72399   41  590  362.40000  317.40629  12.4%   182 6281s
 41484 17592  323.92839   48  571  362.40000  317.53212  12.4%   182 6297s
 41485 17592  320.34016   38  584  362.40000  317.53212  12.4%   182 6300s
 41487 17594  337.36945   48  582  362.40000  317.53212  12.4%   182 6372s
 41488 17594  340.66302   63  553  362.40000  317.55840  12.4%   182 6381s
 41490 17596  354.22997   62  590  362.40000  317.55840  12.4%   182 6447s
 41491 17596  337.42081   40  534  362.40000  317.56710  12.4%   182 6463s
 41492 17597  348.71441   44  554  362.40000  317.56710  12.4%   182 6467s
 41493 17598  317.56710   49  562  362.40000  317.56710  12.4%   182 6470s
 41494 17598  349.45544   64  566  362.40000  317.56710  12.4%   182 6533s
 41495 17599  323.48151   59  514  362.40000  318.47941  12.1%   182 6543s
 41496 17600  349.52660   51  518  362.40000  318.47941  12.1%   182 6546s
 41498 17601  350.70594   43  539  362.40000  318.47941  12.1%   182 6622s
 41499 17602  348.81358   69  415  362.40000  318.48447  12.1%   182 6642s
 41501 17603  327.80022   56  437  362.40000  318.50140  12.1%   182 6647s
 41503 17604  318.50346   36  438  362.40000  318.50346  12.1%   182 6710s
 41504 17605  318.59279   52  464  362.40000  318.59279  12.1%   182 6743s
 41506 17606  353.63615   47  466  362.40000  318.59279  12.1%   182 6746s
 41508 17608  318.59279   49  468  362.40000  318.59279  12.1%   182 6804s
 41509 17608  318.70076   45  459  362.40000  318.70076  12.1%   182 6826s
 41510 17609  346.64234   53  460  362.40000  318.70076  12.1%   182 6899s
 41511 17610  356.38700   70  465  362.40000  318.70076  12.1%   182 6939s
 41512 17610  324.35000   44  451  362.40000  318.70076  12.1%   182 7008s
 41513 17611  330.04233   52  501  362.40000  318.89714  12.0%   182 7038s
 41514 17612  347.99480   47  510  362.40000  318.89714  12.0%   182 7043s
 41515 17612  318.89714   47  521  362.40000  318.89714  12.0%   182 7047s
 41516 17613  329.78346   51  512  362.40000  318.89714  12.0%   182 7114s
 41517 17614  343.54221   63  504  362.40000  318.89714  12.0%   182 7124s
 41518 17614  318.89714   48  469  362.40000  318.89714  12.0%   182 7126s
 41519 17615  347.76225   62  451  362.40000  318.89714  12.0%   182 7195s
 41520 17616  320.13287   55  453  362.40000  318.92873  12.0%   182 7230s
 41522 17617  348.27158   46  488  362.40000  318.98609  12.0%   182 7237s
 41524 17618  336.71644   41  501  362.40000  318.99090  12.0%   182 7242s
 41525 17619  339.80386   47  511  362.40000  318.99105  12.0%   182 7302s
 41526 17620  333.12557   52  496  362.40000  319.07228  12.0%   182 7416s
 41527 17620  343.37835   39  502  362.40000  319.07228  12.0%   182 7479s
 41528 17621  348.87104   51  384  362.40000  319.07487  12.0%   182 7514s
 41529 17622  335.74162   46  388  362.40000  319.07487  12.0%   182 7516s
 41530 17622  345.14562   67  454  362.40000  319.07487  12.0%   182 7579s
 41531 17623  341.34521   55  451  362.40000  319.39139  11.9%   182 7592s
 41532 17624  319.39139   43  523  362.40000  319.39139  11.9%   182 7595s
 41534 17625  359.87192   74  505  362.40000  319.39139  11.9%   182 7600s
 41535 17626  349.83650   48  505  362.40000  319.39139  11.9%   182 7665s
 41536 17626  325.57926   63  527  362.40000  319.39139  11.9%   182 7701s
 41538 17628  362.29085   52  537  362.40000  319.39139  11.9%   182 7707s
 41540 17629  342.30566   58  522  362.40000  319.39139  11.9%   182 7779s
 41541 17630  329.57509   51  516  362.40000  319.39139  11.9%   182 7793s
 41542 17630  332.84043   51  445  362.40000  319.39139  11.9%   182 7796s
 41544 17632  321.93591   49  452  362.40000  319.39139  11.9%   182 7800s
 41546 17633  340.12338   67  453  362.40000  319.39139  11.9%   182 7860s
 41547 17634  340.10042   58  519  362.40000  319.54930  11.8%   182 7900s
 41548 17634  319.60770   41  515  362.40000  319.60770  11.8%   182 7905s
 41550 17636  356.12166   58  548  362.40000  319.62473  11.8%   182 7911s
 41552 17637  354.35444   38  557  362.40000  319.63227  11.8%   182 7993s
 41553 17638  327.68656   47  556  362.40000  319.63795  11.8%   182 8003s
 41554 17638  327.07492   43  564  362.40000  319.63795  11.8%   182 8071s
 41555 17639  347.02905   62  600  362.40000  319.81370  11.8%   182 8114s
 41556 17640  321.37422   46  561  362.40000  319.81370  11.8%   182 8118s
 41557 17640  349.08611   80  570  362.40000  319.81370  11.8%   182 8122s
 41558 17641  358.07220   55  571  362.40000  319.81370  11.8%   182 8191s
 41559 17642  346.65059   49  588  362.40000  319.81370  11.8%   182 8200s
 41562 17644  349.90460   60  627  362.40000  319.81370  11.8%   182 8276s
 41563 17644  334.99502   56  609  362.40000  319.89166  11.7%   182 8310s
 41566 17646  341.20227   50  657  362.40000  319.89166  11.7%   182 8317s
 41567 17647  336.10875   49  660  362.40000  319.89166  11.7%   182 8377s
 41568 17648  319.96923   40  661  362.40000  319.96923  11.7%   182 8384s
 41569 17648  347.45974   40  661  362.40000  319.96923  11.7%   182 8448s
 41570 17649  343.17481   53  631  362.40000  319.99511  11.7%   182 8468s
 41571 17650  352.67252   50  639  362.40000  319.99511  11.7%   182 8524s
 41572 17650  340.25262   51  600  362.40000  319.99511  11.7%   182 8603s
 41573 17651  354.90924   53  614  362.40000  319.99511  11.7%   182 8683s
 41574 17652  360.23052   77  579  362.40000  319.99511  11.7%   182 8807s
 41575 17652  320.43137   53  582  362.40000  319.99511  11.7%   182 8811s
 41577 17654  328.62685   53  601  362.40000  319.99511  11.7%   182 8884s
 41578 17654  326.25305   62  592  362.40000  319.99511  11.7%   182 8891s
 41580 17656  341.32038   51  590  362.40000  319.99511  11.7%   182 8896s
 41581 17656  325.96582   57  593  362.40000  319.99511  11.7%   182 8973s
 41582 17657  319.99511   50  600  362.40000  319.99511  11.7%   182 9003s
 41583 17658  321.72399   41  560  362.40000  320.00643  11.7%   182 9009s
 41584 17658  323.92839   48  566  362.40000  320.00658  11.7%   182 9101s
 41585 17659  320.38088   38  612  362.40000  320.38088  11.6%   182 9112s
 41586 17660  346.20891   65  575  362.40000  320.38088  11.6%   182 9115s
 41588 17661  340.66302   63  593  362.40000  320.38088  11.6%   182 9197s
 41589 17662  326.22004   47  575  362.40000  320.56845  11.5%   182 9247s
 41590 17662  354.22997   62  617  362.40000  320.56845  11.5%   182 9250s
 41592 17664  348.71441   44  618  362.40000  320.56845  11.5%   182 9257s
 41593 17664  320.56845   49  626  362.40000  320.56845  11.5%   182 9346s
 41594 17665  349.45544   64  626  362.40000  320.56845  11.5%   182 9355s
 41595 17666  323.48151   59  626  362.40000  320.56845  11.5%   182 9446s
 41596 17666  349.52660   51  658  362.40000  320.56845  11.5%   182 9489s
 41597 17667  327.68030   50  592  362.40000  320.56845  11.5%   182 9492s
 41598 17668  350.70594   43  592  362.40000  320.56845  11.5%   182 9571s
 41599 17668  348.81358   69  527  362.40000  320.56845  11.5%   182 9579s
 41600 17669  320.56845   62  550  362.40000  320.56845  11.5%   182 9583s
 41601 17670  327.80022   56  561  362.40000  320.56845  11.5%   182 9585s
 41602 17670  362.13160   51  559  362.40000  320.56845  11.5%   182 9665s
 41603 17671  320.56845   36  559  362.40000  320.56845  11.5%   182 9707s
 41604 17672  320.56845   52  559  362.40000  320.56845  11.5%   182 9783s
 41605 17672  344.81722   66  556  362.40000  320.65332  11.5%   182 9788s
 41606 17673  353.63615   47  545  362.40000  320.65332  11.5%   182 9793s
 41607 17674  339.48147   44  556  362.40000  320.65332  11.5%   182 9797s
 41608 17674  320.65332   49  561  362.40000  320.65332  11.5%   182 9800s
 41609 17675  320.65332   45  571  362.40000  320.65332  11.5%   182 9882s
 41610 17676  346.64234   53  582  362.40000  320.65332  11.5%   182 9924s
 41611 17676  356.38700   70  583  362.40000  320.65332  11.5%   182 10010s
 41612 17677  324.35000   44  593  362.40000  320.71753  11.5%   182 10021s
 41613 17678  330.04233   52  592  362.40000  320.71753  11.5%   182 10108s
 41614 17678  347.99480   47  602  362.40000  320.71753  11.5%   182 10144s
 41615 17679  320.71753   47  609  362.40000  320.71753  11.5%   182 10231s
 41616 17680  329.78346   51  607  362.40000  320.71753  11.5%   182 10241s
 41617 17680  343.54221   63  606  362.40000  320.71753  11.5%   182 10335s
 41618 17681  320.71753   48  606  362.40000  320.71753  11.5%   182 10395s
 41619 17682  347.76225   62  601  362.40000  320.71753  11.5%   182 10492s
 41620 17682  320.71753   55  607  362.40000  320.71753  11.5%   182 10504s
 41621 17683  333.10000   57  594  362.40000  320.71753  11.5%   182 10508s
 41622 17684  348.27158   46  597  362.40000  320.71753  11.5%   182 10593s
 41623 17684  353.37665   59  599  362.40000  320.71753  11.5%   182 10641s
 41624 17685  336.71644   41  597  362.40000  320.71753  11.5%   182 10726s
 41625 17686  339.80386   47  533  362.40000  320.71753  11.5%   182 10736s
 41626 17686  333.12557   52  634  362.40000  320.71753  11.5%   182 10740s
 41628 17688  348.87104   51  617  362.40000  320.71753  11.5%   182 10747s
 41629 17688  335.74162   46  618  362.40000  320.71753  11.5%   182 10841s
 41630 17689  345.14562   67  636  362.40000  320.80224  11.5%   182 10892s
 41631 17690  341.34521   55  641  362.40000  320.80224  11.5%   182 10896s
 41632 17690  320.80224   43  679  362.40000  320.80224  11.5%   182 10900s
 41634 17692  359.87192   74  649  362.40000  320.80224  11.5%   182 10906s
 41635 17692  349.83650   48  651  362.40000  320.80224  11.5%   182 11005s
 41636 17693  325.57926   63  683  362.40000  320.94722  11.4%   182 11057s
 41637 17694  353.30204   47  690  362.40000  320.94722  11.4%   182 11060s
 41638 17694  362.29085   52  687  362.40000  320.94722  11.4%   182 11161s
 41639 17695  343.47601   56  672  362.40000  320.94722  11.4%   182 11216s
 41640 17696  342.30566   58  672  362.40000  320.94722  11.4%   182 11325s
 41641 17696  329.57509   51  673  362.40000  320.94722  11.4%   182 11331s
 41642 17697  332.84043   51  647  362.40000  320.94722  11.4%   182 11451s
 41643 17698  323.35531   44  647  362.40000  320.94722  11.4%   182 11502s
 41644 17698  321.93591   49  647  362.40000  320.94722  11.4%   182 11610s
 41645 17699  349.58367   59  647  362.40000  320.94722  11.4%   182 11724s
 41646 17700  340.12338   67  643  362.40000  320.94722  11.4%   182 11905s

Cutting planes:
  Gomory: 28
  Cover: 78
  Implied bound: 5
  Projected implied bound: 1
  Clique: 91
  MIR: 99
  Flow cover: 317
  Inf proof: 5
  Zero half: 136
  RLT: 20
  Relax-and-lift: 27

Explored 41646 nodes (7608117 simplex iterations) in 12014.27 seconds (1227.31 work units)
Thread count was 32 (of 32 available processors)

Solution count 4: 362.4 364 367.3 401.4 

Time limit reached
Best objective 3.624000000000e+02, best bound 3.210000000000e+02, gap 11.4238%

== Veículo 0 ==
Rota: 0 -> 5 -> 3 -> 7 -> 8 -> 10 -> 11 -> 9 -> 6 -> 4 -> 2 -> 1 -> 51
  Nó |  Chegada |    Saída |  Carga_in | Carga_out
   0 |     0.00 |     0.00 |      0.00 |      10.0
   5 |    15.10 |   105.10 |     10.00 |      20.0
   3 |   106.10 |   196.10 |     20.00 |      40.0
   7 |   198.10 |   288.10 |     40.00 |      60.0
   8 |   290.90 |   380.90 |     60.00 |      70.0
  10 |   384.50 |   474.50 |     70.00 |      80.0
  11 |   477.50 |   567.50 |     80.00 |      90.0
   9 |   570.60 |   660.60 |     90.00 |     110.0
   6 |   662.80 |   752.80 |    110.00 |     120.0
   4 |   755.00 |   845.00 |    120.00 |     150.0
   2 |   848.60 |   938.60 |    150.00 |     160.0
   1 |   940.60 |  1030.60 |    160.00 |       0.0
  51 |  1049.20 |  1049.20 |      0.00 |         -

== Veículo 1 ==
Rota: 0 -> 13 -> 17 -> 18 -> 19 -> 15 -> 16 -> 14 -> 12 -> 51
  Nó |  Chegada |    Saída |  Carga_in | Carga_out
   0 |     0.00 |     0.00 |      0.00 |      30.0
  13 |    30.80 |   120.80 |     30.00 |      50.0
  17 |   124.80 |   214.80 |     50.00 |      70.0
  18 |   217.80 |   307.80 |     70.00 |      80.0
  19 |   312.80 |   402.80 |     80.00 |     120.0
  15 |   407.80 |   497.80 |    120.00 |     160.0
  16 |   502.80 |   592.80 |    160.00 |     170.0
  14 |   594.80 |   684.80 |    170.00 |     190.0
  12 |   687.80 |   777.80 |    190.00 |       0.0
  51 |   815.80 |   815.80 |      0.00 |         -

== Veículo 2 ==
Rota: 0 -> 32 -> 33 -> 31 -> 35 -> 37 -> 38 -> 39 -> 36 -> 34 -> 51
  Nó |  Chegada |    Saída |  Carga_in | Carga_out
   0 |     0.00 |     0.00 |      0.00 |      30.0
  32 |    31.60 |   121.60 |     30.00 |      70.0
  33 |   197.70 |   287.70 |     70.00 |      90.0
  31 |   293.00 |   383.00 |     90.00 |     100.0
  35 |   388.00 |   478.00 |    100.00 |     120.0
  37 |   483.80 |   573.80 |    120.00 |     150.0
  38 |   575.80 |   665.80 |    150.00 |     170.0
  39 |   670.80 |   760.80 |    170.00 |     180.0
  36 |   765.80 |   855.80 |    180.00 |     200.0
  34 |   858.80 |   948.80 |    200.00 |       0.0
  51 |   981.10 |   981.10 |      0.00 |         -

== Veículo 3 ==
Rota: 0 -> 43 -> 42 -> 41 -> 40 -> 44 -> 45 -> 46 -> 48 -> 50 -> 49 -> 47 -> 51
  Nó |  Chegada |    Saída |  Carga_in | Carga_out
   0 |     0.00 |     0.00 |      0.00 |      10.0
  43 |    16.50 |   106.50 |     10.00 |      40.0
  42 |   109.50 |   199.50 |     40.00 |      50.0
  41 |   201.50 |   291.50 |     50.00 |      60.0
  40 |   293.50 |   383.50 |     60.00 |      70.0
  44 |   386.50 |   476.50 |     70.00 |      80.0
  45 |   478.50 |   568.50 |     80.00 |     110.0
  46 |   570.50 |   660.50 |    110.00 |     120.0
  48 |   786.00 |   876.00 |    120.00 |     130.0
  50 |   941.40 |  1031.40 |    130.00 |     140.0
  49 |  1035.00 |  1125.00 |    140.00 |     150.0
  47 |  1127.00 |  1217.00 |    150.00 |       0.0
  51 |  1235.00 |  1235.00 |      0.00 |         -

== Veículo 4 ==
Rota: 0 -> 20 -> 24 -> 25 -> 27 -> 29 -> 30 -> 28 -> 26 -> 23 -> 22 -> 21 -> 51
  Nó |  Chegada |    Saída |  Carga_in | Carga_out
   0 |     0.00 |     0.00 |      0.00 |      10.0
  20 |    10.00 |   100.00 |     10.00 |      20.0
  24 |   105.00 |   195.00 |     20.00 |      60.0
  25 |   197.00 |   287.00 |     60.00 |      70.0
  27 |   289.00 |   379.00 |     70.00 |      80.0
  29 |   382.60 |   472.60 |     80.00 |      90.0
  30 |   477.60 |   567.60 |     90.00 |     110.0
  28 |   570.60 |   660.60 |    110.00 |     120.0
  26 |   662.60 |   752.60 |    120.00 |     130.0
  23 |   755.60 |   845.60 |    130.00 |     150.0
  22 |   848.60 |   938.60 |    150.00 |     170.0
  21 |   940.60 |  1030.60 |    170.00 |       0.0
  51 |  1040.70 |  1040.70 |      0.00 |         -
Solução encontrada com sucesso!
tempo total exato: 12017.552094221115
 $$$$$$$$$$$$$$$$$ USOU ESTABILIZACAO False

--------------------------------------------------
Heurística retirada = 10
--------------------------------------------------
ATENÇÃO: clientes não couberam em rotas reais.
Criando rota artificial para garantir solução inteira inicial.
Clientes artificiais: [31, 35, 38]

=== ROTAS INICIAIS INTEIRAS ===
Veículo 0: [0, 20, 24, 27, 25, 30, 28, 26, 22, 23, 21, 49, 47, 51]
  custo = 78.5000 | artificial = False
Veículo 1: [0, 3, 5, 7, 8, 11, 10, 9, 6, 4, 2, 1, 51]
  custo = 61.8000 | artificial = False
Veículo 2: [0, 41, 42, 43, 44, 45, 46, 48, 50, 34, 51]
  custo = 92.7000 | artificial = False
Veículo 3: [0, 33, 40, 32, 29, 37, 39, 36, 31, 35, 38, 51]
  custo = 1000198.3000 | artificial = True
Veículo 4: [0, 18, 17, 13, 15, 19, 16, 14, 12, 51]
  custo = 102.6000 | artificial = False
Custo inicial inteiro = 1000533.9000
[CW] Após savings: 6 rotas, 5 veículos
[CW] Phase A.5: 2 clientes excedentes → rota combinada viável (custo=43.40), rotas=6
[CW] Phase B: rota combinada viável mas slot indisponível — tentando reinserção individual
[CW] Clientes não inseríveis após Phase B — tentando reinserção:
  cliente 10: ready=279 due=488 demand=10 service=90
  [FAIL] cliente 10 sem posição viável em nenhuma rota
[CW] 1 clientes sem inserção viável → rota artificial

=== ROTAS INICIAIS CW ===
Veículo 0: [0, 43, 42, 41, 40, 44, 46, 48, 45, 50, 49, 47, 51]
  custo = 62.1000 | artificial = False
Veículo 1: [0, 20, 5, 3, 7, 8, 11, 9, 6, 4, 2, 1, 51]
  custo = 69.8000 | artificial = False
Veículo 2: [0, 24, 25, 27, 30, 29, 28, 26, 23, 22, 21, 51]
  custo = 54.1000 | artificial = False
Veículo 3: [0, 33, 32, 31, 35, 38, 37, 39, 36, 34, 51]
  custo = 100.1000 | artificial = False
Veículo 4: [0, 13, 18, 17, 15, 19, 16, 14, 12, 10, 51]
  custo = 1000101.2000 | artificial = True
Custo inicial CW = 1000387.3000
[CONSTRUTIVA] VENCEDOR: Clarke-Wright (1 art, custo_art=1000101.20) vs Inteligente (1 art, custo_art=1000198.30)
veic 0 rotas iniciais = 1
veic 1 rotas iniciais = 1
veic 2 rotas iniciais = 1
veic 3 rotas iniciais = 1
veic 4 rotas iniciais = 1

=========== PROCESSANDO NÓ 0 (prof=0, pai=None) ===========

--- Resolve nó 0 com POOL GLOBAL NORMALZITO ---
[Nó 0] Iter 0 - Obj = 1000387.3000  Colunas = 5 inst= instancias/c108.txt
[Nó 0] inst= instancias/c108.txt Colunas ativas na iteração 0: 
   veic=0 | col=0 | lambda=1.000000 | custo=62.1000 | rota=[0, 43, 42, 41, 40, 44, 46, 48, 45, 50, 49, 47, 51]
   veic=1 | col=0 | lambda=1.000000 | custo=69.8000 | rota=[0, 20, 5, 3, 7, 8, 11, 9, 6, 4, 2, 1, 51]
   veic=2 | col=0 | lambda=1.000000 | custo=54.1000 | rota=[0, 24, 25, 27, 30, 29, 28, 26, 23, 22, 21, 51]
   veic=3 | col=0 | lambda=1.000000 | custo=100.1000 | rota=[0, 33, 32, 31, 35, 38, 37, 39, 36, 34, 51]
   veic=4 | col=0 | lambda=1.000000 | custo=1000101.2000 | rota=[0, 13, 18, 17, 15, 19, 16, 14, 12, 10, 51]
Diff FO-  Sem melhora 0 
   valor recomposto = 1000387.300000

   valor recomposto = 1000387.300000

--- COBERTURA POR CLIENTE ---
cliente 01 | lambda=1.000000 | slack=0.000000 | y_low=0.000000 | y_up=0.000000 | total_real=1.000000
cliente 02 | lambda=1.000000 | slack=0.000000 | y_low=0.000000 | y_up=0.000000 | total_real=1.000000
cliente 03 | lambda=1.000000 | slack=0.000000 | y_low=0.000000 | y_up=0.000000 | total_real=1.000000
cliente 04 | lambda=1.000000 | slack=0.000000 | y_low=0.000000 | y_up=0.000000 | total_real=1.000000
cliente 05 | lambda=1.000000 | slack=0.000000 | y_low=0.000000 | y_up=0.000000 | total_real=1.000000
cliente 06 | lambda=1.000000 | slack=0.000000 | y_low=0.000000 | y_up=0.000000 | total_real=1.000000
cliente 07 | lambda=1.000000 | slack=0.000000 | y_low=0.000000 | y_up=0.000000 | total_real=1.000000
cliente 08 | lambda=1.000000 | slack=0.000000 | y_low=0.000000 | y_up=0.000000 | total_real=1.000000
cliente 09 | lambda=1.000000 | slack=0.000000 | y_low=0.000000 | y_up=0.000000 | total_real=1.000000
cliente 10 | lambda=1.000000 | slack=0.000000 | y_low=0.000000 | y_up=0.000000 | total_real=1.000000
cliente 11 | lambda=1.000000 | slack=0.000000 | y_low=0.000000 | y_up=0.000000 | total_real=1.000000
cliente 12 | lambda=1.000000 | slack=0.000000 | y_low=0.000000 | y_up=0.000000 | total_real=1.000000
cliente 13 | lambda=1.000000 | slack=0.000000 | y_low=0.000000 | y_up=0.000000 | total_real=1.000000
cliente 14 | lambda=1.000000 | slack=0.000000 | y_low=0.000000 | y_up=0.000000 | total_real=1.000000
cliente 15 | lambda=1.000000 | slack=0.000000 | y_low=0.000000 | y_up=0.000000 | total_real=1.000000
cliente 16 | lambda=1.000000 | slack=0.000000 | y_low=0.000000 | y_up=0.000000 | total_real=1.000000
cliente 17 | lambda=1.000000 | slack=0.000000 | y_low=0.000000 | y_up=0.000000 | total_real=1.000000
cliente 18 | lambda=1.000000 | slack=0.000000 | y_low=0.000000 | y_up=0.000000 | total_real=1.000000
cliente 19 | lambda=1.000000 | slack=0.000000 | y_low=0.000000 | y_up=0.000000 | total_real=1.000000
cliente 20 | lambda=1.000000 | slack=0.000000 | y_low=0.000000 | y_up=0.000000 | total_real=1.000000
cliente 21 | lambda=1.000000 | slack=0.000000 | y_low=0.000000 | y_up=0.000000 | total_real=1.000000
cliente 22 | lambda=1.000000 | slack=0.000000 | y_low=0.000000 | y_up=0.000000 | total_real=1.000000
cliente 23 | lambda=1.000000 | slack=0.000000 | y_low=0.000000 | y_up=0.000000 | total_real=1.000000
cliente 24 | lambda=1.000000 | slack=0.000000 | y_low=0.000000 | y_up=0.000000 | total_real=1.000000
cliente 25 | lambda=1.000000 | slack=0.000000 | y_low=0.000000 | y_up=0.000000 | total_real=1.000000
cliente 26 | lambda=1.000000 | slack=0.000000 | y_low=0.000000 | y_up=0.000000 | total_real=1.000000
cliente 27 | lambda=1.000000 | slack=0.000000 | y_low=0.000000 | y_up=0.000000 | total_real=1.000000
cliente 28 | lambda=1.000000 | slack=0.000000 | y_low=0.000000 | y_up=0.000000 | total_real=1.000000
cliente 29 | lambda=1.000000 | slack=0.000000 | y_low=0.000000 | y_up=0.000000 | total_real=1.000000
cliente 30 | lambda=1.000000 | slack=0.000000 | y_low=0.000000 | y_up=0.000000 | total_real=1.000000
cliente 31 | lambda=1.000000 | slack=0.000000 | y_low=0.000000 | y_up=0.000000 | total_real=1.000000
cliente 32 | lambda=1.000000 | slack=0.000000 | y_low=0.000000 | y_up=0.000000 | total_real=1.000000
cliente 33 | lambda=1.000000 | slack=0.000000 | y_low=0.000000 | y_up=0.000000 | total_real=1.000000
cliente 34 | lambda=1.000000 | slack=0.000000 | y_low=0.000000 | y_up=0.000000 | total_real=1.000000
cliente 35 | lambda=1.000000 | slack=0.000000 | y_low=0.000000 | y_up=0.000000 | total_real=1.000000
cliente 36 | lambda=1.000000 | slack=0.000000 | y_low=0.000000 | y_up=0.000000 | total_real=1.000000
cliente 37 | lambda=1.000000 | slack=0.000000 | y_low=0.000000 | y_up=0.000000 | total_real=1.000000
cliente 38 | lambda=1.000000 | slack=0.000000 | y_low=0.000000 | y_up=0.000000 | total_real=1.000000
cliente 39 | lambda=1.000000 | slack=0.000000 | y_low=0.000000 | y_up=0.000000 | total_real=1.000000
cliente 40 | lambda=1.000000 | slack=0.000000 | y_low=0.000000 | y_up=0.000000 | total_real=1.000000
cliente 41 | lambda=1.000000 | slack=0.000000 | y_low=0.000000 | y_up=0.000000 | total_real=1.000000
cliente 42 | lambda=1.000000 | slack=0.000000 | y_low=0.000000 | y_up=0.000000 | total_real=1.000000
cliente 43 | lambda=1.000000 | slack=0.000000 | y_low=0.000000 | y_up=0.000000 | total_real=1.000000
cliente 44 | lambda=1.000000 | slack=0.000000 | y_low=0.000000 | y_up=0.000000 | total_real=1.000000
cliente 45 | lambda=1.000000 | slack=0.000000 | y_low=0.000000 | y_up=0.000000 | total_real=1.000000
cliente 46 | lambda=1.000000 | slack=0.000000 | y_low=0.000000 | y_up=0.000000 | total_real=1.000000
cliente 47 | lambda=1.000000 | slack=0.000000 | y_low=0.000000 | y_up=0.000000 | total_real=1.000000
cliente 48 | lambda=1.000000 | slack=0.000000 | y_low=0.000000 | y_up=0.000000 | total_real=1.000000
cliente 49 | lambda=1.000000 | slack=0.000000 | y_low=0.000000 | y_up=0.000000 | total_real=1.000000
cliente 50 | lambda=1.000000 | slack=0.000000 | y_low=0.000000 | y_up=0.000000 | total_real=1.000000


================ DUAIS DO MESTRE ================

PI (clientes):
  pi[1] =  10000.000000
  pi[2] =  10000.000000
  pi[3] =  10000.000000
  pi[4] =  10000.000000
  pi[5] =  10000.000000
  pi[6] =  10000.000000
  pi[7] =  10000.000000
  pi[8] =  10000.000000
  pi[9] =  10000.000000
  pi[10] =  10000.000000
  pi[11] =  10000.000000
  pi[12] =  10000.000000
  pi[13] =  10000.000000
  pi[14] =  10000.000000
  pi[15] =  10000.000000
  pi[16] =  10000.000000
  pi[17] =  10000.000000
  pi[18] =  10000.000000
  pi[19] =  10000.000000
  pi[20] =  10000.000000
  pi[21] =  10000.000000
  pi[22] =  10000.000000
  pi[23] =  10000.000000
  pi[24] =  10000.000000
  pi[25] =  10000.000000
  pi[26] =  10000.000000
  pi[27] =  10000.000000
  pi[28] =  10000.000000
  pi[29] =  10000.000000
  pi[30] =  10000.000000
  pi[31] =  10000.000000
  pi[32] =  10000.000000
  pi[33] =  10000.000000
  pi[34] =  10000.000000
  pi[35] =  10000.000000
  pi[36] =  10000.000000
  pi[37] =  10000.000000
  pi[38] =  10000.000000
  pi[39] =  10000.000000
  pi[40] =  10000.000000
  pi[41] =  10000.000000
  pi[42] =  10000.000000
  pi[43] =  10000.000000
  pi[44] =  10000.000000
  pi[45] =  10000.000000
  pi[46] =  10000.000000
  pi[47] =  10000.000000
  pi[48] =  10000.000000
  pi[49] =  10000.000000
  pi[50] =  10000.000000

SIGMA (veículos):
  sigma[0] = -109937.900000
  sigma[1] = -109930.200000
  sigma[2] = -99945.900000
  sigma[3] = -89899.900000
  sigma[4] =  910101.200000

MU (arcos):
  sem duais de arco
=================================================

TESTA ALLBEST

[ALLBEST GEROU CANDIDATA]
k=4
rc=-1030025.600000
custo=75.600000
seq=[0, 20, 24, 25, 27, 29, 30, 28, 26, 23, 22, 21, 47, 51]
TESTA ALLBEST

[ALLBEST GEROU CANDIDATA]
k=3
rc=-20024.500000
custo=75.600000
seq=[0, 24, 25, 27, 29, 30, 28, 26, 23, 22, 21, 47, 51]
TESTA ALLBEST

[ALLBEST GEROU CANDIDATA]
k=2
rc=-9959.100000
custo=95.000000
seq=[0, 43, 20, 24, 29, 30, 28, 26, 22, 21, 49, 47, 51]
TESTA ALLBEST

[ALLBEST GEROU CANDIDATA]
k=1
rc=-9973.900000
custo=95.900000
seq=[0, 43, 20, 25, 27, 29, 30, 28, 26, 22, 21, 49, 47, 51]
TESTA ALLBEST

[ALLBEST GEROU CANDIDATA]
k=0
rc=-9969.000000
custo=93.100000
seq=[0, 5, 3, 7, 8, 11, 10, 26, 23, 22, 21, 50, 47, 51]
Tempo total nessa geracao : 0.9s
Tempo total no NO: 0.9s
TAMANHO NOVAS COL 5

--- Nova Coluna ---
Veículo: 4
Sequência: [0, 20, 24, 25, 27, 29, 30, 28, 26, 23, 22, 21, 47, 51]
Custo: 75.60
Custo Reduzido: -1030025.600000
Clientes atendidos: [20, 21, 22, 23, 24, 25, 26, 27, 28, 29, 30, 47]
TAMANHO NOVAS COL 5

--- Nova Coluna ---
Veículo: 3
Sequência: [0, 24, 25, 27, 29, 30, 28, 26, 23, 22, 21, 47, 51]
Custo: 75.60
Custo Reduzido: -20024.500000
Clientes atendidos: [21, 22, 23, 24, 25, 26, 27, 28, 29, 30, 47]
TAMANHO NOVAS COL 5

--- Nova Coluna ---
Veículo: 2
Sequência: [0, 43, 20, 24, 29, 30, 28, 26, 22, 21, 49, 47, 51]
Custo: 95.00
Custo Reduzido: -9959.100000
Clientes atendidos: [20, 21, 22, 24, 26, 28, 29, 30, 43, 47, 49]
TAMANHO NOVAS COL 5

--- Nova Coluna ---
Veículo: 1
Sequência: [0, 43, 20, 25, 27, 29, 30, 28, 26, 22, 21, 49, 47, 51]
Custo: 95.90
Custo Reduzido: -9973.900000
Clientes atendidos: [20, 21, 22, 25, 26, 27, 28, 29, 30, 43, 47, 49]
TAMANHO NOVAS COL 5

--- Nova Coluna ---
Veículo: 0
Sequência: [0, 5, 3, 7, 8, 11, 10, 26, 23, 22, 21, 50, 47, 51]
Custo: 93.10
Custo Reduzido: -9969.000000
Clientes atendidos: [3, 5, 7, 8, 10, 11, 21, 22, 23, 26, 47, 50]

Nao adicionou no k 0
Nao adicionou no k 1
Nao adicionou no k 0
Nao adicionou no k 1
[Nó 0] Iter 1 - Obj = 1000387.3000  Colunas = 26 inst= instancias/c108.txt
[Nó 0] inst= instancias/c108.txt Colunas ativas na iteração 1: 
   veic=0 | col=0 | lambda=1.000000 | custo=62.1000 | rota=[0, 43, 42, 41, 40, 44, 46, 48, 45, 50, 49, 47, 51]
   veic=1 | col=0 | lambda=1.000000 | custo=69.8000 | rota=[0, 20, 5, 3, 7, 8, 11, 9, 6, 4, 2, 1, 51]
   veic=2 | col=0 | lambda=1.000000 | custo=54.1000 | rota=[0, 24, 25, 27, 30, 29, 28, 26, 23, 22, 21, 51]
   veic=3 | col=0 | lambda=1.000000 | custo=100.1000 | rota=[0, 33, 32, 31, 35, 38, 37, 39, 36, 34, 51]
   veic=4 | col=0 | lambda=1.000000 | custo=1000101.2000 | rota=[0, 13, 18, 17, 15, 19, 16, 14, 12, 10, 51]
MESMA FO-  Sem melhora 1 Recom 1000387.2999999999 Ultmf 1000387.2999999999  VALOR SUB 0.0
   valor recomposto = 1000387.300000

   valor recomposto = 1000387.300000

--- COBERTURA POR CLIENTE ---
cliente 01 | lambda=1.000000 | slack=0.000000 | y_low=0.000000 | y_up=0.000000 | total_real=1.000000
cliente 02 | lambda=1.000000 | slack=0.000000 | y_low=0.000000 | y_up=0.000000 | total_real=1.000000
cliente 03 | lambda=1.000000 | slack=0.000000 | y_low=0.000000 | y_up=0.000000 | total_real=1.000000
cliente 04 | lambda=1.000000 | slack=0.000000 | y_low=0.000000 | y_up=0.000000 | total_real=1.000000
cliente 05 | lambda=1.000000 | slack=0.000000 | y_low=0.000000 | y_up=0.000000 | total_real=1.000000
cliente 06 | lambda=1.000000 | slack=0.000000 | y_low=0.000000 | y_up=0.000000 | total_real=1.000000
cliente 07 | lambda=1.000000 | slack=0.000000 | y_low=0.000000 | y_up=0.000000 | total_real=1.000000
cliente 08 | lambda=1.000000 | slack=0.000000 | y_low=0.000000 | y_up=0.000000 | total_real=1.000000
cliente 09 | lambda=1.000000 | slack=0.000000 | y_low=0.000000 | y_up=0.000000 | total_real=1.000000
cliente 10 | lambda=1.000000 | slack=0.000000 | y_low=0.000000 | y_up=0.000000 | total_real=1.000000
cliente 11 | lambda=1.000000 | slack=0.000000 | y_low=0.000000 | y_up=0.000000 | total_real=1.000000
cliente 12 | lambda=1.000000 | slack=0.000000 | y_low=0.000000 | y_up=0.000000 | total_real=1.000000
cliente 13 | lambda=1.000000 | slack=0.000000 | y_low=0.000000 | y_up=0.000000 | total_real=1.000000
cliente 14 | lambda=1.000000 | slack=0.000000 | y_low=0.000000 | y_up=0.000000 | total_real=1.000000
cliente 15 | lambda=1.000000 | slack=0.000000 | y_low=0.000000 | y_up=0.000000 | total_real=1.000000
cliente 16 | lambda=1.000000 | slack=0.000000 | y_low=0.000000 | y_up=0.000000 | total_real=1.000000
cliente 17 | lambda=1.000000 | slack=0.000000 | y_low=0.000000 | y_up=0.000000 | total_real=1.000000
cliente 18 | lambda=1.000000 | slack=0.000000 | y_low=0.000000 | y_up=0.000000 | total_real=1.000000
cliente 19 | lambda=1.000000 | slack=0.000000 | y_low=0.000000 | y_up=0.000000 | total_real=1.000000
cliente 20 | lambda=1.000000 | slack=0.000000 | y_low=0.000000 | y_up=0.000000 | total_real=1.000000
cliente 21 | lambda=1.000000 | slack=0.000000 | y_low=0.000000 | y_up=0.000000 | total_real=1.000000
cliente 22 | lambda=1.000000 | slack=0.000000 | y_low=0.000000 | y_up=0.000000 | total_real=1.000000
cliente 23 | lambda=1.000000 | slack=0.000000 | y_low=0.000000 | y_up=0.000000 | total_real=1.000000
cliente 24 | lambda=1.000000 | slack=0.000000 | y_low=0.000000 | y_up=0.000000 | total_real=1.000000
cliente 25 | lambda=1.000000 | slack=0.000000 | y_low=0.000000 | y_up=0.000000 | total_real=1.000000
cliente 26 | lambda=1.000000 | slack=0.000000 | y_low=0.000000 | y_up=0.000000 | total_real=1.000000
cliente 27 | lambda=1.000000 | slack=0.000000 | y_low=0.000000 | y_up=0.000000 | total_real=1.000000
cliente 28 | lambda=1.000000 | slack=0.000000 | y_low=0.000000 | y_up=0.000000 | total_real=1.000000
cliente 29 | lambda=1.000000 | slack=0.000000 | y_low=0.000000 | y_up=0.000000 | total_real=1.000000
cliente 30 | lambda=1.000000 | slack=0.000000 | y_low=0.000000 | y_up=0.000000 | total_real=1.000000
cliente 31 | lambda=1.000000 | slack=0.000000 | y_low=0.000000 | y_up=0.000000 | total_real=1.000000
cliente 32 | lambda=1.000000 | slack=0.000000 | y_low=0.000000 | y_up=0.000000 | total_real=1.000000
cliente 33 | lambda=1.000000 | slack=0.000000 | y_low=0.000000 | y_up=0.000000 | total_real=1.000000
cliente 34 | lambda=1.000000 | slack=0.000000 | y_low=0.000000 | y_up=0.000000 | total_real=1.000000
cliente 35 | lambda=1.000000 | slack=0.000000 | y_low=0.000000 | y_up=0.000000 | total_real=1.000000
cliente 36 | lambda=1.000000 | slack=0.000000 | y_low=0.000000 | y_up=0.000000 | total_real=1.000000
cliente 37 | lambda=1.000000 | slack=0.000000 | y_low=0.000000 | y_up=0.000000 | total_real=1.000000
cliente 38 | lambda=1.000000 | slack=0.000000 | y_low=0.000000 | y_up=0.000000 | total_real=1.000000
cliente 39 | lambda=1.000000 | slack=0.000000 | y_low=0.000000 | y_up=0.000000 | total_real=1.000000
cliente 40 | lambda=1.000000 | slack=0.000000 | y_low=0.000000 | y_up=0.000000 | total_real=1.000000
cliente 41 | lambda=1.000000 | slack=0.000000 | y_low=0.000000 | y_up=0.000000 | total_real=1.000000
cliente 42 | lambda=1.000000 | slack=0.000000 | y_low=0.000000 | y_up=0.000000 | total_real=1.000000
cliente 43 | lambda=1.000000 | slack=0.000000 | y_low=0.000000 | y_up=0.000000 | total_real=1.000000
cliente 44 | lambda=1.000000 | slack=0.000000 | y_low=0.000000 | y_up=0.000000 | total_real=1.000000
cliente 45 | lambda=1.000000 | slack=0.000000 | y_low=0.000000 | y_up=0.000000 | total_real=1.000000
cliente 46 | lambda=1.000000 | slack=0.000000 | y_low=0.000000 | y_up=0.000000 | total_real=1.000000
cliente 47 | lambda=1.000000 | slack=0.000000 | y_low=0.000000 | y_up=0.000000 | total_real=1.000000
cliente 48 | lambda=1.000000 | slack=0.000000 | y_low=0.000000 | y_up=0.000000 | total_real=1.000000
cliente 49 | lambda=1.000000 | slack=0.000000 | y_low=0.000000 | y_up=0.000000 | total_real=1.000000
cliente 50 | lambda=1.000000 | slack=0.000000 | y_low=0.000000 | y_up=0.000000 | total_real=1.000000


================ DUAIS DO MESTRE ================

PI (clientes):
  pi[1] =  10000.000000
  pi[2] =  10000.000000
  pi[3] =  10000.000000
  pi[4] =  10000.000000
  pi[5] =  10000.000000
  pi[6] =  10000.000000
  pi[7] =  10000.000000
  pi[8] =  10000.000000
  pi[9] =  10000.000000
  pi[10] =  10000.000000
  pi[11] =  10000.000000
  pi[12] =  10000.000000
  pi[13] =  10000.000000
  pi[14] =  10000.000000
  pi[15] =  10000.000000
  pi[16] =  10000.000000
  pi[17] =  10000.000000
  pi[18] =  10000.000000
  pi[19] =  10000.000000
  pi[20] =  10000.000000
  pi[21] =  10000.000000
  pi[22] =  10000.000000
  pi[23] =  10000.000000
  pi[24] =  10000.000000
  pi[25] =  10000.000000
  pi[26] =  13.500000
  pi[27] =  10000.000000
  pi[28] =  10000.000000
  pi[29] =  10000.000000
  pi[30] =  10000.000000
  pi[31] =  10000.000000
  pi[32] =  10000.000000
  pi[33] =  10000.000000
  pi[34] =  10000.000000
  pi[35] =  10000.000000
  pi[36] =  10000.000000
  pi[37] =  10000.000000
  pi[38] =  10000.000000
  pi[39] =  10000.000000
  pi[40] =  10000.000000
  pi[41] =  10000.000000
  pi[42] =  10000.000000
  pi[43] =  10000.000000
  pi[44] =  10000.000000
  pi[45] =  10000.000000
  pi[46] =  10000.000000
  pi[47] = -1010039.100000
  pi[48] =  10000.000000
  pi[49] =  10000.000000
  pi[50] =  10000.000000

SIGMA (veículos):
  sigma[0] =  910101.200000
  sigma[1] = -109930.200000
  sigma[2] = -89959.400000
  sigma[3] = -89899.900000
  sigma[4] =  910101.200000

MU (arcos):
  sem duais de arco
=================================================

TESTA ALLBEST

[ALLBEST GEROU CANDIDATA]
k=0
rc=-1009844.200000
custo=257.000000
seq=[0, 32, 7, 44, 8, 11, 6, 4, 34, 21, 49, 51]
Tempo total nessa geracao : 0.0s
Tempo total no NO: 1.0s
TAMANHO NOVAS COL 1

--- Nova Coluna ---
Veículo: 0
Sequência: [0, 32, 7, 44, 8, 11, 6, 4, 34, 21, 49, 51]
Custo: 257.00
Custo Reduzido: -1009844.200000
Clientes atendidos: [4, 6, 7, 8, 11, 21, 32, 34, 44, 49]

Nao adicionou no k 1
[Nó 0] Iter 2 - Obj = 1000387.3000  Colunas = 29 inst= instancias/c108.txt
[Nó 0] inst= instancias/c108.txt Colunas ativas na iteração 2: 
   veic=0 | col=0 | lambda=1.000000 | custo=62.1000 | rota=[0, 43, 42, 41, 40, 44, 46, 48, 45, 50, 49, 47, 51]
   veic=1 | col=0 | lambda=1.000000 | custo=69.8000 | rota=[0, 20, 5, 3, 7, 8, 11, 9, 6, 4, 2, 1, 51]
   veic=2 | col=0 | lambda=1.000000 | custo=54.1000 | rota=[0, 24, 25, 27, 30, 29, 28, 26, 23, 22, 21, 51]
   veic=3 | col=0 | lambda=1.000000 | custo=100.1000 | rota=[0, 33, 32, 31, 35, 38, 37, 39, 36, 34, 51]
   veic=4 | col=0 | lambda=1.000000 | custo=1000101.2000 | rota=[0, 13, 18, 17, 15, 19, 16, 14, 12, 10, 51]
MESMA FO-  Sem melhora 2 Recom 1000387.2999999999 Ultmf 1000387.2999999999  VALOR SUB 0.0
   valor recomposto = 1000387.300000

   valor recomposto = 1000387.300000

--- COBERTURA POR CLIENTE ---
cliente 01 | lambda=1.000000 | slack=0.000000 | y_low=0.000000 | y_up=0.000000 | total_real=1.000000
cliente 02 | lambda=1.000000 | slack=0.000000 | y_low=0.000000 | y_up=0.000000 | total_real=1.000000
cliente 03 | lambda=1.000000 | slack=0.000000 | y_low=0.000000 | y_up=0.000000 | total_real=1.000000
cliente 04 | lambda=1.000000 | slack=0.000000 | y_low=0.000000 | y_up=0.000000 | total_real=1.000000
cliente 05 | lambda=1.000000 | slack=0.000000 | y_low=0.000000 | y_up=0.000000 | total_real=1.000000
cliente 06 | lambda=1.000000 | slack=0.000000 | y_low=0.000000 | y_up=0.000000 | total_real=1.000000
cliente 07 | lambda=1.000000 | slack=0.000000 | y_low=0.000000 | y_up=0.000000 | total_real=1.000000
cliente 08 | lambda=1.000000 | slack=0.000000 | y_low=0.000000 | y_up=0.000000 | total_real=1.000000
cliente 09 | lambda=1.000000 | slack=0.000000 | y_low=0.000000 | y_up=0.000000 | total_real=1.000000
cliente 10 | lambda=1.000000 | slack=0.000000 | y_low=0.000000 | y_up=0.000000 | total_real=1.000000
cliente 11 | lambda=1.000000 | slack=0.000000 | y_low=0.000000 | y_up=0.000000 | total_real=1.000000
cliente 12 | lambda=1.000000 | slack=0.000000 | y_low=0.000000 | y_up=0.000000 | total_real=1.000000
cliente 13 | lambda=1.000000 | slack=0.000000 | y_low=0.000000 | y_up=0.000000 | total_real=1.000000
cliente 14 | lambda=1.000000 | slack=0.000000 | y_low=0.000000 | y_up=0.000000 | total_real=1.000000
cliente 15 | lambda=1.000000 | slack=0.000000 | y_low=0.000000 | y_up=0.000000 | total_real=1.000000
cliente 16 | lambda=1.000000 | slack=0.000000 | y_low=0.000000 | y_up=0.000000 | total_real=1.000000
cliente 17 | lambda=1.000000 | slack=0.000000 | y_low=0.000000 | y_up=0.000000 | total_real=1.000000
cliente 18 | lambda=1.000000 | slack=0.000000 | y_low=0.000000 | y_up=0.000000 | total_real=1.000000
cliente 19 | lambda=1.000000 | slack=0.000000 | y_low=0.000000 | y_up=0.000000 | total_real=1.000000
cliente 20 | lambda=1.000000 | slack=0.000000 | y_low=0.000000 | y_up=0.000000 | total_real=1.000000
cliente 21 | lambda=1.000000 | slack=0.000000 | y_low=0.000000 | y_up=0.000000 | total_real=1.000000
cliente 22 | lambda=1.000000 | slack=0.000000 | y_low=0.000000 | y_up=0.000000 | total_real=1.000000
cliente 23 | lambda=1.000000 | slack=0.000000 | y_low=0.000000 | y_up=0.000000 | total_real=1.000000
cliente 24 | lambda=1.000000 | slack=0.000000 | y_low=0.000000 | y_up=0.000000 | total_real=1.000000
cliente 25 | lambda=1.000000 | slack=0.000000 | y_low=0.000000 | y_up=0.000000 | total_real=1.000000
cliente 26 | lambda=1.000000 | slack=0.000000 | y_low=0.000000 | y_up=0.000000 | total_real=1.000000
cliente 27 | lambda=1.000000 | slack=0.000000 | y_low=0.000000 | y_up=0.000000 | total_real=1.000000
cliente 28 | lambda=1.000000 | slack=0.000000 | y_low=0.000000 | y_up=0.000000 | total_real=1.000000
cliente 29 | lambda=1.000000 | slack=0.000000 | y_low=0.000000 | y_up=0.000000 | total_real=1.000000
cliente 30 | lambda=1.000000 | slack=0.000000 | y_low=0.000000 | y_up=0.000000 | total_real=1.000000
cliente 31 | lambda=1.000000 | slack=0.000000 | y_low=0.000000 | y_up=0.000000 | total_real=1.000000
cliente 32 | lambda=1.000000 | slack=0.000000 | y_low=0.000000 | y_up=0.000000 | total_real=1.000000
cliente 33 | lambda=1.000000 | slack=0.000000 | y_low=0.000000 | y_up=0.000000 | total_real=1.000000
cliente 34 | lambda=1.000000 | slack=0.000000 | y_low=0.000000 | y_up=0.000000 | total_real=1.000000
cliente 35 | lambda=1.000000 | slack=0.000000 | y_low=0.000000 | y_up=0.000000 | total_real=1.000000
cliente 36 | lambda=1.000000 | slack=0.000000 | y_low=0.000000 | y_up=0.000000 | total_real=1.000000
cliente 37 | lambda=1.000000 | slack=0.000000 | y_low=0.000000 | y_up=0.000000 | total_real=1.000000
cliente 38 | lambda=1.000000 | slack=0.000000 | y_low=0.000000 | y_up=0.000000 | total_real=1.000000
cliente 39 | lambda=1.000000 | slack=0.000000 | y_low=0.000000 | y_up=0.000000 | total_real=1.000000
cliente 40 | lambda=1.000000 | slack=0.000000 | y_low=0.000000 | y_up=0.000000 | total_real=1.000000
cliente 41 | lambda=1.000000 | slack=0.000000 | y_low=0.000000 | y_up=0.000000 | total_real=1.000000
cliente 42 | lambda=1.000000 | slack=0.000000 | y_low=0.000000 | y_up=0.000000 | total_real=1.000000
cliente 43 | lambda=1.000000 | slack=0.000000 | y_low=0.000000 | y_up=0.000000 | total_real=1.000000
cliente 44 | lambda=1.000000 | slack=0.000000 | y_low=0.000000 | y_up=0.000000 | total_real=1.000000
cliente 45 | lambda=1.000000 | slack=0.000000 | y_low=0.000000 | y_up=0.000000 | total_real=1.000000
cliente 46 | lambda=1.000000 | slack=0.000000 | y_low=0.000000 | y_up=0.000000 | total_real=1.000000
cliente 47 | lambda=1.000000 | slack=0.000000 | y_low=0.000000 | y_up=0.000000 | total_real=1.000000
cliente 48 | lambda=1.000000 | slack=0.000000 | y_low=0.000000 | y_up=0.000000 | total_real=1.000000
cliente 49 | lambda=1.000000 | slack=0.000000 | y_low=0.000000 | y_up=0.000000 | total_real=1.000000
cliente 50 | lambda=1.000000 | slack=0.000000 | y_low=0.000000 | y_up=0.000000 | total_real=1.000000


================ DUAIS DO MESTRE ================

PI (clientes):
  pi[1] =  10000.000000
  pi[2] =  10000.000000
  pi[3] =  10000.000000
  pi[4] =  10000.000000
  pi[5] =  10000.000000
  pi[6] =  10000.000000
  pi[7] =  10000.000000
  pi[8] =  10000.000000
  pi[9] =  10000.000000
  pi[10] =  10000.000000
  pi[11] = -999844.200000
  pi[12] =  10000.000000
  pi[13] =  10000.000000
  pi[14] =  10000.000000
  pi[15] =  10000.000000
  pi[16] =  10000.000000
  pi[17] =  10000.000000
  pi[18] =  10000.000000
  pi[19] =  10000.000000
  pi[20] =  10000.000000
  pi[21] =  10000.000000
  pi[22] =  10000.000000
  pi[23] =  10000.000000
  pi[24] =  10000.000000
  pi[25] =  10000.000000
  pi[26] =  13.500000
  pi[27] =  10000.000000
  pi[28] =  10000.000000
  pi[29] =  10000.000000
  pi[30] =  10000.000000
  pi[31] =  10000.000000
  pi[32] =  10000.000000
  pi[33] =  10000.000000
  pi[34] =  10000.000000
  pi[35] =  10000.000000
  pi[36] =  10000.000000
  pi[37] =  10000.000000
  pi[38] =  10000.000000
  pi[39] =  10000.000000
  pi[40] =  10000.000000
  pi[41] =  10000.000000
  pi[42] =  10000.000000
  pi[43] =  10000.000000
  pi[44] =  10000.000000
  pi[45] =  10000.000000
  pi[46] =  10000.000000
  pi[47] = -1010039.100000
  pi[48] =  10000.000000
  pi[49] =  10000.000000
  pi[50] =  10000.000000

SIGMA (veículos):
  sigma[0] =  910101.200000
  sigma[1] =  899914.000000
  sigma[2] = -89959.400000
  sigma[3] = -89899.900000
  sigma[4] =  910101.200000

MU (arcos):
  sem duais de arco
=================================================

TESTA ALLBEST

[ALLBEST GEROU CANDIDATA]
k=0
rc=-1019884.600000
custo=216.600000
seq=[0, 24, 5, 8, 15, 16, 12, 9, 36, 50, 21, 49, 51]
Tempo total nessa geracao : 0.0s
Tempo total no NO: 1.0s
TAMANHO NOVAS COL 1

--- Nova Coluna ---
Veículo: 0
Sequência: [0, 24, 5, 8, 15, 16, 12, 9, 36, 50, 21, 49, 51]
Custo: 216.60
Custo Reduzido: -1019884.600000
Clientes atendidos: [5, 8, 9, 12, 15, 16, 21, 24, 36, 49, 50]

[Nó 0] Iter 3 - Obj = 1000387.3000  Colunas = 33 inst= instancias/c108.txt
[Nó 0] inst= instancias/c108.txt Colunas ativas na iteração 3: 
   veic=0 | col=0 | lambda=1.000000 | custo=62.1000 | rota=[0, 43, 42, 41, 40, 44, 46, 48, 45, 50, 49, 47, 51]
   veic=1 | col=0 | lambda=1.000000 | custo=69.8000 | rota=[0, 20, 5, 3, 7, 8, 11, 9, 6, 4, 2, 1, 51]
   veic=2 | col=0 | lambda=1.000000 | custo=54.1000 | rota=[0, 24, 25, 27, 30, 29, 28, 26, 23, 22, 21, 51]
   veic=3 | col=0 | lambda=1.000000 | custo=100.1000 | rota=[0, 33, 32, 31, 35, 38, 37, 39, 36, 34, 51]
   veic=4 | col=0 | lambda=1.000000 | custo=1000101.2000 | rota=[0, 13, 18, 17, 15, 19, 16, 14, 12, 10, 51]
MESMA FO-  Sem melhora 3 Recom 1000387.2999999999 Ultmf 1000387.2999999999  VALOR SUB 0.0
   valor recomposto = 1000387.300000

   valor recomposto = 1000387.300000

--- COBERTURA POR CLIENTE ---
cliente 01 | lambda=1.000000 | slack=0.000000 | y_low=0.000000 | y_up=0.000000 | total_real=1.000000
cliente 02 | lambda=1.000000 | slack=0.000000 | y_low=0.000000 | y_up=0.000000 | total_real=1.000000
cliente 03 | lambda=1.000000 | slack=0.000000 | y_low=0.000000 | y_up=0.000000 | total_real=1.000000
cliente 04 | lambda=1.000000 | slack=0.000000 | y_low=0.000000 | y_up=0.000000 | total_real=1.000000
cliente 05 | lambda=1.000000 | slack=0.000000 | y_low=0.000000 | y_up=0.000000 | total_real=1.000000
cliente 06 | lambda=1.000000 | slack=0.000000 | y_low=0.000000 | y_up=0.000000 | total_real=1.000000
cliente 07 | lambda=1.000000 | slack=0.000000 | y_low=0.000000 | y_up=0.000000 | total_real=1.000000
cliente 08 | lambda=1.000000 | slack=0.000000 | y_low=0.000000 | y_up=0.000000 | total_real=1.000000
cliente 09 | lambda=1.000000 | slack=0.000000 | y_low=0.000000 | y_up=0.000000 | total_real=1.000000
cliente 10 | lambda=1.000000 | slack=0.000000 | y_low=0.000000 | y_up=0.000000 | total_real=1.000000
cliente 11 | lambda=1.000000 | slack=0.000000 | y_low=0.000000 | y_up=0.000000 | total_real=1.000000
cliente 12 | lambda=1.000000 | slack=0.000000 | y_low=0.000000 | y_up=0.000000 | total_real=1.000000
cliente 13 | lambda=1.000000 | slack=0.000000 | y_low=0.000000 | y_up=0.000000 | total_real=1.000000
cliente 14 | lambda=1.000000 | slack=0.000000 | y_low=0.000000 | y_up=0.000000 | total_real=1.000000
cliente 15 | lambda=1.000000 | slack=0.000000 | y_low=0.000000 | y_up=0.000000 | total_real=1.000000
cliente 16 | lambda=1.000000 | slack=0.000000 | y_low=0.000000 | y_up=0.000000 | total_real=1.000000
cliente 17 | lambda=1.000000 | slack=0.000000 | y_low=0.000000 | y_up=0.000000 | total_real=1.000000
cliente 18 | lambda=1.000000 | slack=0.000000 | y_low=0.000000 | y_up=0.000000 | total_real=1.000000
cliente 19 | lambda=1.000000 | slack=0.000000 | y_low=0.000000 | y_up=0.000000 | total_real=1.000000
cliente 20 | lambda=1.000000 | slack=0.000000 | y_low=0.000000 | y_up=0.000000 | total_real=1.000000
cliente 21 | lambda=1.000000 | slack=0.000000 | y_low=0.000000 | y_up=0.000000 | total_real=1.000000
cliente 22 | lambda=1.000000 | slack=0.000000 | y_low=0.000000 | y_up=0.000000 | total_real=1.000000
cliente 23 | lambda=1.000000 | slack=0.000000 | y_low=0.000000 | y_up=0.000000 | total_real=1.000000
cliente 24 | lambda=1.000000 | slack=0.000000 | y_low=0.000000 | y_up=0.000000 | total_real=1.000000
cliente 25 | lambda=1.000000 | slack=0.000000 | y_low=0.000000 | y_up=0.000000 | total_real=1.000000
cliente 26 | lambda=1.000000 | slack=0.000000 | y_low=0.000000 | y_up=0.000000 | total_real=1.000000
cliente 27 | lambda=1.000000 | slack=0.000000 | y_low=0.000000 | y_up=0.000000 | total_real=1.000000
cliente 28 | lambda=1.000000 | slack=0.000000 | y_low=0.000000 | y_up=0.000000 | total_real=1.000000
cliente 29 | lambda=1.000000 | slack=0.000000 | y_low=0.000000 | y_up=0.000000 | total_real=1.000000
cliente 30 | lambda=1.000000 | slack=0.000000 | y_low=0.000000 | y_up=0.000000 | total_real=1.000000
cliente 31 | lambda=1.000000 | slack=0.000000 | y_low=0.000000 | y_up=0.000000 | total_real=1.000000
cliente 32 | lambda=1.000000 | slack=0.000000 | y_low=0.000000 | y_up=0.000000 | total_real=1.000000
cliente 33 | lambda=1.000000 | slack=0.000000 | y_low=0.000000 | y_up=0.000000 | total_real=1.000000
cliente 34 | lambda=1.000000 | slack=0.000000 | y_low=0.000000 | y_up=0.000000 | total_real=1.000000
cliente 35 | lambda=1.000000 | slack=0.000000 | y_low=0.000000 | y_up=0.000000 | total_real=1.000000
cliente 36 | lambda=1.000000 | slack=0.000000 | y_low=0.000000 | y_up=0.000000 | total_real=1.000000
cliente 37 | lambda=1.000000 | slack=0.000000 | y_low=0.000000 | y_up=0.000000 | total_real=1.000000
cliente 38 | lambda=1.000000 | slack=0.000000 | y_low=0.000000 | y_up=0.000000 | total_real=1.000000
cliente 39 | lambda=1.000000 | slack=0.000000 | y_low=0.000000 | y_up=0.000000 | total_real=1.000000
cliente 40 | lambda=1.000000 | slack=0.000000 | y_low=0.000000 | y_up=0.000000 | total_real=1.000000
cliente 41 | lambda=1.000000 | slack=0.000000 | y_low=0.000000 | y_up=0.000000 | total_real=1.000000
cliente 42 | lambda=1.000000 | slack=0.000000 | y_low=0.000000 | y_up=0.000000 | total_real=1.000000
cliente 43 | lambda=1.000000 | slack=0.000000 | y_low=0.000000 | y_up=0.000000 | total_real=1.000000
cliente 44 | lambda=1.000000 | slack=0.000000 | y_low=0.000000 | y_up=0.000000 | total_real=1.000000
cliente 45 | lambda=1.000000 | slack=0.000000 | y_low=0.000000 | y_up=0.000000 | total_real=1.000000
cliente 46 | lambda=1.000000 | slack=0.000000 | y_low=0.000000 | y_up=0.000000 | total_real=1.000000
cliente 47 | lambda=1.000000 | slack=0.000000 | y_low=0.000000 | y_up=0.000000 | total_real=1.000000
cliente 48 | lambda=1.000000 | slack=0.000000 | y_low=0.000000 | y_up=0.000000 | total_real=1.000000
cliente 49 | lambda=1.000000 | slack=0.000000 | y_low=0.000000 | y_up=0.000000 | total_real=1.000000
cliente 50 | lambda=1.000000 | slack=0.000000 | y_low=0.000000 | y_up=0.000000 | total_real=1.000000


================ DUAIS DO MESTRE ================

PI (clientes):
  pi[1] =  10000.000000
  pi[2] =  10000.000000
  pi[3] =  10000.000000
  pi[4] =  10000.000000
  pi[5] =  10000.000000
  pi[6] =  10000.000000
  pi[7] =  10000.000000
  pi[8] =  10000.000000
  pi[9] =  10000.000000
  pi[10] =  10000.000000
  pi[11] =  10000.000000
  pi[12] =  10000.000000
  pi[13] =  10000.000000
  pi[14] =  10000.000000
  pi[15] =  10000.000000
  pi[16] =  10000.000000
  pi[17] =  10000.000000
  pi[18] =  10000.000000
  pi[19] =  10000.000000
  pi[20] =  10000.000000
  pi[21] = -499915.350000
  pi[22] =  10000.000000
  pi[23] =  10000.000000
  pi[24] =  10000.000000
  pi[25] =  10000.000000
  pi[26] =  10000.000000
  pi[27] =  10000.000000
  pi[28] =  10000.000000
  pi[29] =  10000.000000
  pi[30] =  10000.000000
  pi[31] =  10000.000000
  pi[32] =  10000.000000
  pi[33] =  10000.000000
  pi[34] =  10000.000000
  pi[35] =  10000.000000
  pi[36] = -40.400000
  pi[37] =  10000.000000
  pi[38] =  10000.000000
  pi[39] =  10000.000000
  pi[40] =  10000.000000
  pi[41] =  10000.000000
  pi[42] =  10000.000000
  pi[43] =  10000.000000
  pi[44] =  10000.000000
  pi[45] =  10000.000000
  pi[46] =  10000.000000
  pi[47] = -510110.250000
  pi[48] =  10000.000000
  pi[49] = -489928.850000
  pi[50] =  10000.000000

SIGMA (veículos):
  sigma[0] =  910101.200000
  sigma[1] = -109930.200000
  sigma[2] =  409969.450000
  sigma[3] = -79859.500000
  sigma[4] =  910101.200000

MU (arcos):
  sem duais de arco
=================================================

TESTA ALLBEST

[ALLBEST GEROU CANDIDATA]
k=0
rc=-999858.800000
custo=242.400000
seq=[0, 18, 13, 8, 30, 37, 48, 6, 1, 50, 51]
Tempo total nessa geracao : 0.0s
Tempo total no NO: 1.1s
TAMANHO NOVAS COL 1

--- Nova Coluna ---
Veículo: 0
Sequência: [0, 18, 13, 8, 30, 37, 48, 6, 1, 50, 51]
Custo: 242.40
Custo Reduzido: -999858.800000
Clientes atendidos: [1, 6, 8, 13, 18, 30, 37, 48, 50]

Nao adicionou no k 1
[Nó 0] Iter 4 - Obj = 1000387.3000  Colunas = 36 inst= instancias/c108.txt
[Nó 0] inst= instancias/c108.txt Colunas ativas na iteração 4: 
   veic=0 | col=0 | lambda=1.000000 | custo=62.1000 | rota=[0, 43, 42, 41, 40, 44, 46, 48, 45, 50, 49, 47, 51]
   veic=1 | col=0 | lambda=1.000000 | custo=69.8000 | rota=[0, 20, 5, 3, 7, 8, 11, 9, 6, 4, 2, 1, 51]
   veic=2 | col=0 | lambda=1.000000 | custo=54.1000 | rota=[0, 24, 25, 27, 30, 29, 28, 26, 23, 22, 21, 51]
   veic=3 | col=0 | lambda=1.000000 | custo=100.1000 | rota=[0, 33, 32, 31, 35, 38, 37, 39, 36, 34, 51]
   veic=4 | col=0 | lambda=1.000000 | custo=1000101.2000 | rota=[0, 13, 18, 17, 15, 19, 16, 14, 12, 10, 51]
MESMA FO-  Sem melhora 4 Recom 1000387.2999999999 Ultmf 1000387.2999999999  VALOR SUB 0.0
   valor recomposto = 1000387.300000

   valor recomposto = 1000387.300000

--- COBERTURA POR CLIENTE ---
cliente 01 | lambda=1.000000 | slack=0.000000 | y_low=0.000000 | y_up=0.000000 | total_real=1.000000
cliente 02 | lambda=1.000000 | slack=0.000000 | y_low=0.000000 | y_up=0.000000 | total_real=1.000000
cliente 03 | lambda=1.000000 | slack=0.000000 | y_low=0.000000 | y_up=0.000000 | total_real=1.000000
cliente 04 | lambda=1.000000 | slack=0.000000 | y_low=0.000000 | y_up=0.000000 | total_real=1.000000
cliente 05 | lambda=1.000000 | slack=0.000000 | y_low=0.000000 | y_up=0.000000 | total_real=1.000000
cliente 06 | lambda=1.000000 | slack=0.000000 | y_low=0.000000 | y_up=0.000000 | total_real=1.000000
cliente 07 | lambda=1.000000 | slack=0.000000 | y_low=0.000000 | y_up=0.000000 | total_real=1.000000
cliente 08 | lambda=1.000000 | slack=0.000000 | y_low=0.000000 | y_up=0.000000 | total_real=1.000000
cliente 09 | lambda=1.000000 | slack=0.000000 | y_low=0.000000 | y_up=0.000000 | total_real=1.000000
cliente 10 | lambda=1.000000 | slack=0.000000 | y_low=0.000000 | y_up=0.000000 | total_real=1.000000
cliente 11 | lambda=1.000000 | slack=0.000000 | y_low=0.000000 | y_up=0.000000 | total_real=1.000000
cliente 12 | lambda=1.000000 | slack=0.000000 | y_low=0.000000 | y_up=0.000000 | total_real=1.000000
cliente 13 | lambda=1.000000 | slack=0.000000 | y_low=0.000000 | y_up=0.000000 | total_real=1.000000
cliente 14 | lambda=1.000000 | slack=0.000000 | y_low=0.000000 | y_up=0.000000 | total_real=1.000000
cliente 15 | lambda=1.000000 | slack=0.000000 | y_low=0.000000 | y_up=0.000000 | total_real=1.000000
cliente 16 | lambda=1.000000 | slack=0.000000 | y_low=0.000000 | y_up=0.000000 | total_real=1.000000
cliente 17 | lambda=1.000000 | slack=0.000000 | y_low=0.000000 | y_up=0.000000 | total_real=1.000000
cliente 18 | lambda=1.000000 | slack=0.000000 | y_low=0.000000 | y_up=0.000000 | total_real=1.000000
cliente 19 | lambda=1.000000 | slack=0.000000 | y_low=0.000000 | y_up=0.000000 | total_real=1.000000
cliente 20 | lambda=1.000000 | slack=0.000000 | y_low=0.000000 | y_up=0.000000 | total_real=1.000000
cliente 21 | lambda=1.000000 | slack=0.000000 | y_low=0.000000 | y_up=0.000000 | total_real=1.000000
cliente 22 | lambda=1.000000 | slack=0.000000 | y_low=0.000000 | y_up=0.000000 | total_real=1.000000
cliente 23 | lambda=1.000000 | slack=0.000000 | y_low=0.000000 | y_up=0.000000 | total_real=1.000000
cliente 24 | lambda=1.000000 | slack=0.000000 | y_low=0.000000 | y_up=0.000000 | total_real=1.000000
cliente 25 | lambda=1.000000 | slack=0.000000 | y_low=0.000000 | y_up=0.000000 | total_real=1.000000
cliente 26 | lambda=1.000000 | slack=0.000000 | y_low=0.000000 | y_up=0.000000 | total_real=1.000000
cliente 27 | lambda=1.000000 | slack=0.000000 | y_low=0.000000 | y_up=0.000000 | total_real=1.000000
cliente 28 | lambda=1.000000 | slack=0.000000 | y_low=0.000000 | y_up=0.000000 | total_real=1.000000
cliente 29 | lambda=1.000000 | slack=0.000000 | y_low=0.000000 | y_up=0.000000 | total_real=1.000000
cliente 30 | lambda=1.000000 | slack=0.000000 | y_low=0.000000 | y_up=0.000000 | total_real=1.000000
cliente 31 | lambda=1.000000 | slack=0.000000 | y_low=0.000000 | y_up=0.000000 | total_real=1.000000
cliente 32 | lambda=1.000000 | slack=0.000000 | y_low=0.000000 | y_up=0.000000 | total_real=1.000000
cliente 33 | lambda=1.000000 | slack=0.000000 | y_low=0.000000 | y_up=0.000000 | total_real=1.000000
cliente 34 | lambda=1.000000 | slack=0.000000 | y_low=0.000000 | y_up=0.000000 | total_real=1.000000
cliente 35 | lambda=1.000000 | slack=0.000000 | y_low=0.000000 | y_up=0.000000 | total_real=1.000000
cliente 36 | lambda=1.000000 | slack=0.000000 | y_low=0.000000 | y_up=0.000000 | total_real=1.000000
cliente 37 | lambda=1.000000 | slack=0.000000 | y_low=0.000000 | y_up=0.000000 | total_real=1.000000
cliente 38 | lambda=1.000000 | slack=0.000000 | y_low=0.000000 | y_up=0.000000 | total_real=1.000000
cliente 39 | lambda=1.000000 | slack=0.000000 | y_low=0.000000 | y_up=0.000000 | total_real=1.000000
cliente 40 | lambda=1.000000 | slack=0.000000 | y_low=0.000000 | y_up=0.000000 | total_real=1.000000
cliente 41 | lambda=1.000000 | slack=0.000000 | y_low=0.000000 | y_up=0.000000 | total_real=1.000000
cliente 42 | lambda=1.000000 | slack=0.000000 | y_low=0.000000 | y_up=0.000000 | total_real=1.000000
cliente 43 | lambda=1.000000 | slack=0.000000 | y_low=0.000000 | y_up=0.000000 | total_real=1.000000
cliente 44 | lambda=1.000000 | slack=0.000000 | y_low=0.000000 | y_up=0.000000 | total_real=1.000000
cliente 45 | lambda=1.000000 | slack=0.000000 | y_low=0.000000 | y_up=0.000000 | total_real=1.000000
cliente 46 | lambda=1.000000 | slack=0.000000 | y_low=0.000000 | y_up=0.000000 | total_real=1.000000
cliente 47 | lambda=1.000000 | slack=0.000000 | y_low=0.000000 | y_up=0.000000 | total_real=1.000000
cliente 48 | lambda=1.000000 | slack=0.000000 | y_low=0.000000 | y_up=0.000000 | total_real=1.000000
cliente 49 | lambda=1.000000 | slack=0.000000 | y_low=0.000000 | y_up=0.000000 | total_real=1.000000
cliente 50 | lambda=1.000000 | slack=0.000000 | y_low=0.000000 | y_up=0.000000 | total_real=1.000000


================ DUAIS DO MESTRE ================

PI (clientes):
  pi[1] =  10000.000000
  pi[2] =  10000.000000
  pi[3] =  10000.000000
  pi[4] =  10000.000000
  pi[5] =  10000.000000
  pi[6] =  10000.000000
  pi[7] =  10000.000000
  pi[8] = -989858.250000
  pi[9] =  10000.000000
  pi[10] =  10000.000000
  pi[11] =  10000.000000
  pi[12] =  10000.000000
  pi[13] =  10000.000000
  pi[14] =  10000.000000
  pi[15] =  10000.000000
  pi[16] =  10000.000000
  pi[17] =  10000.000000
  pi[18] =  10000.000000
  pi[19] =  10000.000000
  pi[20] =  10000.000000
  pi[21] =  14.050000
  pi[22] =  10000.000000
  pi[23] =  10000.000000
  pi[24] =  10000.000000
  pi[25] =  10000.000000
  pi[26] =  10000.000000
  pi[27] =  10000.000000
  pi[28] =  10000.000000
  pi[29] =  10000.000000
  pi[30] =  9999.450000
  pi[31] =  10000.000000
  pi[32] =  10000.000000
  pi[33] =  10000.000000
  pi[34] =  10000.000000
  pi[35] =  10000.000000
  pi[36] = -40.400000
  pi[37] =  10000.000000
  pi[38] =  10000.000000
  pi[39] =  10000.000000
  pi[40] =  10000.000000
  pi[41] =  10000.000000
  pi[42] =  10000.000000
  pi[43] =  10000.000000
  pi[44] =  10000.000000
  pi[45] =  10000.000000
  pi[46] =  10000.000000
  pi[47] = -1010039.100000
  pi[48] =  10000.000000
  pi[49] =  10000.000000
  pi[50] =  10000.000000

SIGMA (veículos):
  sigma[0] =  910101.200000
  sigma[1] =  889928.050000
  sigma[2] = -89959.400000
  sigma[3] = -79859.500000
  sigma[4] =  910101.200000

MU (arcos):
  sem duais de arco
=================================================

TESTA ALLBEST

[ALLBEST GEROU CANDIDATA]
k=0
rc=-999837.100000
custo=223.700000
seq=[0, 7, 24, 41, 40, 11, 14, 36, 34, 22, 49, 51]
Tempo total nessa geracao : 0.0s
Tempo total no NO: 1.1s
TAMANHO NOVAS COL 1

--- Nova Coluna ---
Veículo: 0
Sequência: [0, 7, 24, 41, 40, 11, 14, 36, 34, 22, 49, 51]
Custo: 223.70
Custo Reduzido: -999837.100000
Clientes atendidos: [7, 11, 14, 22, 24, 34, 36, 40, 41, 49]

Nao adicionou no k 2
[Nó 0] Rodando MIP periódico após 5 colunas...
Set parameter TimeLimit to value 30
Gurobi Optimizer version 13.0.2 build v13.0.2rc1 (win64 - Windows 11+.0 (26200.2))

CPU model: AMD Ryzen 9 9950X3D 16-Core Processor, instruction set [SSE2|AVX|AVX2|AVX512]
Thread count: 16 physical cores, 32 logical processors, using up to 32 threads

Non-default parameters:
TimeLimit  30

Optimize a model with 55 rows, 39 columns and 466 nonzeros (Min)
Model fingerprint: 0xe214cbef
Model has 39 linear objective coefficients
Variable types: 0 continuous, 39 integer (39 binary)
Coefficient statistics:
  Matrix range     [1e+00, 1e+00]
  Objective range  [5e+01, 1e+06]
  Bounds range     [1e+00, 1e+00]
  RHS range        [1e+00, 1e+00]

Found heuristic solution: objective 1000387.3000
Presolve removed 55 rows and 39 columns
Presolve time: 0.00s
Presolve: All rows and columns removed

Explored 0 nodes (0 simplex iterations) in 0.00 seconds (0.00 work units)
Thread count was 1 (of 32 available processors)

Solution count 1: 1.00039e+06 

Optimal solution found (tolerance 1.00e-04)
Best objective 1.000387300000e+06, best bound 1.000387300000e+06, gap 0.0000%
[Nó 0] MIP periódico encontrou solução inteira válida. FO=1000387.300000
[Nó 0] Iter 5 - Obj = 1000387.3000  Colunas = 39 inst= instancias/c108.txt
[Nó 0] inst= instancias/c108.txt Colunas ativas na iteração 5: 
   veic=0 | col=0 | lambda=1.000000 | custo=62.1000 | rota=[0, 43, 42, 41, 40, 44, 46, 48, 45, 50, 49, 47, 51]
   veic=1 | col=0 | lambda=1.000000 | custo=69.8000 | rota=[0, 20, 5, 3, 7, 8, 11, 9, 6, 4, 2, 1, 51]
   veic=2 | col=0 | lambda=1.000000 | custo=54.1000 | rota=[0, 24, 25, 27, 30, 29, 28, 26, 23, 22, 21, 51]
   veic=3 | col=0 | lambda=1.000000 | custo=100.1000 | rota=[0, 33, 32, 31, 35, 38, 37, 39, 36, 34, 51]
   veic=4 | col=0 | lambda=1.000000 | custo=1000101.2000 | rota=[0, 13, 18, 17, 15, 19, 16, 14, 12, 10, 51]
MESMA FO-  Sem melhora 5 Recom 1000387.2999999999 Ultmf 1000387.2999999999  VALOR SUB 0.0
   valor recomposto = 1000387.300000

   valor recomposto = 1000387.300000

--- COBERTURA POR CLIENTE ---
cliente 01 | lambda=1.000000 | slack=0.000000 | y_low=0.000000 | y_up=0.000000 | total_real=1.000000
cliente 02 | lambda=1.000000 | slack=0.000000 | y_low=0.000000 | y_up=0.000000 | total_real=1.000000
cliente 03 | lambda=1.000000 | slack=0.000000 | y_low=0.000000 | y_up=0.000000 | total_real=1.000000
cliente 04 | lambda=1.000000 | slack=0.000000 | y_low=0.000000 | y_up=0.000000 | total_real=1.000000
cliente 05 | lambda=1.000000 | slack=0.000000 | y_low=0.000000 | y_up=0.000000 | total_real=1.000000
cliente 06 | lambda=1.000000 | slack=0.000000 | y_low=0.000000 | y_up=0.000000 | total_real=1.000000
cliente 07 | lambda=1.000000 | slack=0.000000 | y_low=0.000000 | y_up=0.000000 | total_real=1.000000
cliente 08 | lambda=1.000000 | slack=0.000000 | y_low=0.000000 | y_up=0.000000 | total_real=1.000000
cliente 09 | lambda=1.000000 | slack=0.000000 | y_low=0.000000 | y_up=0.000000 | total_real=1.000000
cliente 10 | lambda=1.000000 | slack=0.000000 | y_low=0.000000 | y_up=0.000000 | total_real=1.000000
cliente 11 | lambda=1.000000 | slack=0.000000 | y_low=0.000000 | y_up=0.000000 | total_real=1.000000
cliente 12 | lambda=1.000000 | slack=0.000000 | y_low=0.000000 | y_up=0.000000 | total_real=1.000000
cliente 13 | lambda=1.000000 | slack=0.000000 | y_low=0.000000 | y_up=0.000000 | total_real=1.000000
cliente 14 | lambda=1.000000 | slack=0.000000 | y_low=0.000000 | y_up=0.000000 | total_real=1.000000
cliente 15 | lambda=1.000000 | slack=0.000000 | y_low=0.000000 | y_up=0.000000 | total_real=1.000000
cliente 16 | lambda=1.000000 | slack=0.000000 | y_low=0.000000 | y_up=0.000000 | total_real=1.000000
cliente 17 | lambda=1.000000 | slack=0.000000 | y_low=0.000000 | y_up=0.000000 | total_real=1.000000
cliente 18 | lambda=1.000000 | slack=0.000000 | y_low=0.000000 | y_up=0.000000 | total_real=1.000000
cliente 19 | lambda=1.000000 | slack=0.000000 | y_low=0.000000 | y_up=0.000000 | total_real=1.000000
cliente 20 | lambda=1.000000 | slack=0.000000 | y_low=0.000000 | y_up=0.000000 | total_real=1.000000
cliente 21 | lambda=1.000000 | slack=0.000000 | y_low=0.000000 | y_up=0.000000 | total_real=1.000000
cliente 22 | lambda=1.000000 | slack=0.000000 | y_low=0.000000 | y_up=0.000000 | total_real=1.000000
cliente 23 | lambda=1.000000 | slack=0.000000 | y_low=0.000000 | y_up=0.000000 | total_real=1.000000
cliente 24 | lambda=1.000000 | slack=0.000000 | y_low=0.000000 | y_up=0.000000 | total_real=1.000000
cliente 25 | lambda=1.000000 | slack=0.000000 | y_low=0.000000 | y_up=0.000000 | total_real=1.000000
cliente 26 | lambda=1.000000 | slack=0.000000 | y_low=0.000000 | y_up=0.000000 | total_real=1.000000
cliente 27 | lambda=1.000000 | slack=0.000000 | y_low=0.000000 | y_up=0.000000 | total_real=1.000000
cliente 28 | lambda=1.000000 | slack=0.000000 | y_low=0.000000 | y_up=0.000000 | total_real=1.000000
cliente 29 | lambda=1.000000 | slack=0.000000 | y_low=0.000000 | y_up=0.000000 | total_real=1.000000
cliente 30 | lambda=1.000000 | slack=0.000000 | y_low=0.000000 | y_up=0.000000 | total_real=1.000000
cliente 31 | lambda=1.000000 | slack=0.000000 | y_low=0.000000 | y_up=0.000000 | total_real=1.000000
cliente 32 | lambda=1.000000 | slack=0.000000 | y_low=0.000000 | y_up=0.000000 | total_real=1.000000
cliente 33 | lambda=1.000000 | slack=0.000000 | y_low=0.000000 | y_up=0.000000 | total_real=1.000000
cliente 34 | lambda=1.000000 | slack=0.000000 | y_low=0.000000 | y_up=0.000000 | total_real=1.000000
cliente 35 | lambda=1.000000 | slack=0.000000 | y_low=0.000000 | y_up=0.000000 | total_real=1.000000
cliente 36 | lambda=1.000000 | slack=0.000000 | y_low=0.000000 | y_up=0.000000 | total_real=1.000000
cliente 37 | lambda=1.000000 | slack=0.000000 | y_low=0.000000 | y_up=0.000000 | total_real=1.000000
cliente 38 | lambda=1.000000 | slack=0.000000 | y_low=0.000000 | y_up=0.000000 | total_real=1.000000
cliente 39 | lambda=1.000000 | slack=0.000000 | y_low=0.000000 | y_up=0.000000 | total_real=1.000000
cliente 40 | lambda=1.000000 | slack=0.000000 | y_low=0.000000 | y_up=0.000000 | total_real=1.000000
cliente 41 | lambda=1.000000 | slack=0.000000 | y_low=0.000000 | y_up=0.000000 | total_real=1.000000
cliente 42 | lambda=1.000000 | slack=0.000000 | y_low=0.000000 | y_up=0.000000 | total_real=1.000000
cliente 43 | lambda=1.000000 | slack=0.000000 | y_low=0.000000 | y_up=0.000000 | total_real=1.000000
cliente 44 | lambda=1.000000 | slack=0.000000 | y_low=0.000000 | y_up=0.000000 | total_real=1.000000
cliente 45 | lambda=1.000000 | slack=0.000000 | y_low=0.000000 | y_up=0.000000 | total_real=1.000000
cliente 46 | lambda=1.000000 | slack=0.000000 | y_low=0.000000 | y_up=0.000000 | total_real=1.000000
cliente 47 | lambda=1.000000 | slack=0.000000 | y_low=0.000000 | y_up=0.000000 | total_real=1.000000
cliente 48 | lambda=1.000000 | slack=0.000000 | y_low=0.000000 | y_up=0.000000 | total_real=1.000000
cliente 49 | lambda=1.000000 | slack=0.000000 | y_low=0.000000 | y_up=0.000000 | total_real=1.000000
cliente 50 | lambda=1.000000 | slack=0.000000 | y_low=0.000000 | y_up=0.000000 | total_real=1.000000


================ DUAIS DO MESTRE ================

PI (clientes):
  pi[1] =  10000.000000
  pi[2] =  10000.000000
  pi[3] =  10000.000000
  pi[4] =  10000.000000
  pi[5] =  10000.000000
  pi[6] =  10000.000000
  pi[7] = -329936.333333
  pi[8] = -659907.866667
  pi[9] =  10000.000000
  pi[10] =  10000.000000
  pi[11] =  10000.000000
  pi[12] =  10000.000000
  pi[13] =  10000.000000
  pi[14] =  10000.000000
  pi[15] =  10000.000000
  pi[16] =  10000.000000
  pi[17] =  10000.000000
  pi[18] =  10000.000000
  pi[19] =  10000.000000
  pi[20] =  10000.000000
  pi[21] =  10000.000000
  pi[22] =  10000.000000
  pi[23] =  10000.000000
  pi[24] =  10000.000000
  pi[25] =  10000.000000
  pi[26] =  10000.000000
  pi[27] =  10000.000000
  pi[28] =  10000.000000
  pi[29] =  10000.000000
  pi[30] = -319950.933333
  pi[31] =  10000.000000
  pi[32] =  10000.000000
  pi[33] =  10000.000000
  pi[34] =  10000.000000
  pi[35] =  10000.000000
  pi[36] = -339976.733333
  pi[37] =  10000.000000
  pi[38] =  10000.000000
  pi[39] =  10000.000000
  pi[40] = -309964.433333
  pi[41] =  10000.000000
  pi[42] =  10000.000000
  pi[43] =  10000.000000
  pi[44] =  10000.000000
  pi[45] =  10000.000000
  pi[46] =  10000.000000
  pi[47] = -690074.666667
  pi[48] =  10000.000000
  pi[49] =  10000.000000
  pi[50] =  10000.000000

SIGMA (veículos):
  sigma[0] =  910101.200000
  sigma[1] =  899914.000000
  sigma[2] =  230005.033333
  sigma[3] =  260076.833333
  sigma[4] =  910101.200000

MU (arcos):
  sem duais de arco
=================================================

TESTA ALLBEST

[ALLBEST GEROU CANDIDATA]
k=0
rc=-1009857.700000
custo=243.500000
seq=[0, 24, 31, 18, 15, 45, 23, 2, 1, 22, 49, 51]
Tempo total nessa geracao : 0.0s
Tempo total no NO: 1.2s
TAMANHO NOVAS COL 1

--- Nova Coluna ---
Veículo: 0
Sequência: [0, 24, 31, 18, 15, 45, 23, 2, 1, 22, 49, 51]
Custo: 243.50
Custo Reduzido: -1009857.700000
Clientes atendidos: [1, 2, 15, 18, 22, 23, 24, 31, 45, 49]

[Nó 0] Iter 6 - Obj = 1000387.3000  Colunas = 43 inst= instancias/c108.txt
[Nó 0] inst= instancias/c108.txt Colunas ativas na iteração 6: 
   veic=0 | col=0 | lambda=1.000000 | custo=62.1000 | rota=[0, 43, 42, 41, 40, 44, 46, 48, 45, 50, 49, 47, 51]
   veic=1 | col=0 | lambda=1.000000 | custo=69.8000 | rota=[0, 20, 5, 3, 7, 8, 11, 9, 6, 4, 2, 1, 51]
   veic=2 | col=0 | lambda=1.000000 | custo=54.1000 | rota=[0, 24, 25, 27, 30, 29, 28, 26, 23, 22, 21, 51]
   veic=3 | col=0 | lambda=1.000000 | custo=100.1000 | rota=[0, 33, 32, 31, 35, 38, 37, 39, 36, 34, 51]
   veic=4 | col=0 | lambda=1.000000 | custo=1000101.2000 | rota=[0, 13, 18, 17, 15, 19, 16, 14, 12, 10, 51]
MESMA FO-  Sem melhora 6 Recom 1000387.2999999999 Ultmf 1000387.2999999999  VALOR SUB 0.0
   valor recomposto = 1000387.300000

   valor recomposto = 1000387.300000

--- COBERTURA POR CLIENTE ---
cliente 01 | lambda=1.000000 | slack=0.000000 | y_low=0.000000 | y_up=0.000000 | total_real=1.000000
cliente 02 | lambda=1.000000 | slack=0.000000 | y_low=0.000000 | y_up=0.000000 | total_real=1.000000
cliente 03 | lambda=1.000000 | slack=0.000000 | y_low=0.000000 | y_up=0.000000 | total_real=1.000000
cliente 04 | lambda=1.000000 | slack=0.000000 | y_low=0.000000 | y_up=0.000000 | total_real=1.000000
cliente 05 | lambda=1.000000 | slack=0.000000 | y_low=0.000000 | y_up=0.000000 | total_real=1.000000
cliente 06 | lambda=1.000000 | slack=0.000000 | y_low=0.000000 | y_up=0.000000 | total_real=1.000000
cliente 07 | lambda=1.000000 | slack=0.000000 | y_low=0.000000 | y_up=0.000000 | total_real=1.000000
cliente 08 | lambda=1.000000 | slack=0.000000 | y_low=0.000000 | y_up=0.000000 | total_real=1.000000
cliente 09 | lambda=1.000000 | slack=0.000000 | y_low=0.000000 | y_up=0.000000 | total_real=1.000000
cliente 10 | lambda=1.000000 | slack=0.000000 | y_low=0.000000 | y_up=0.000000 | total_real=1.000000
cliente 11 | lambda=1.000000 | slack=0.000000 | y_low=0.000000 | y_up=0.000000 | total_real=1.000000
cliente 12 | lambda=1.000000 | slack=0.000000 | y_low=0.000000 | y_up=0.000000 | total_real=1.000000
cliente 13 | lambda=1.000000 | slack=0.000000 | y_low=0.000000 | y_up=0.000000 | total_real=1.000000
cliente 14 | lambda=1.000000 | slack=0.000000 | y_low=0.000000 | y_up=0.000000 | total_real=1.000000
cliente 15 | lambda=1.000000 | slack=0.000000 | y_low=0.000000 | y_up=0.000000 | total_real=1.000000
cliente 16 | lambda=1.000000 | slack=0.000000 | y_low=0.000000 | y_up=0.000000 | total_real=1.000000
cliente 17 | lambda=1.000000 | slack=0.000000 | y_low=0.000000 | y_up=0.000000 | total_real=1.000000
cliente 18 | lambda=1.000000 | slack=0.000000 | y_low=0.000000 | y_up=0.000000 | total_real=1.000000
cliente 19 | lambda=1.000000 | slack=0.000000 | y_low=0.000000 | y_up=0.000000 | total_real=1.000000
cliente 20 | lambda=1.000000 | slack=0.000000 | y_low=0.000000 | y_up=0.000000 | total_real=1.000000
cliente 21 | lambda=1.000000 | slack=0.000000 | y_low=0.000000 | y_up=0.000000 | total_real=1.000000
cliente 22 | lambda=1.000000 | slack=0.000000 | y_low=0.000000 | y_up=0.000000 | total_real=1.000000
cliente 23 | lambda=1.000000 | slack=0.000000 | y_low=0.000000 | y_up=0.000000 | total_real=1.000000
cliente 24 | lambda=1.000000 | slack=0.000000 | y_low=0.000000 | y_up=0.000000 | total_real=1.000000
cliente 25 | lambda=1.000000 | slack=0.000000 | y_low=0.000000 | y_up=0.000000 | total_real=1.000000
cliente 26 | lambda=1.000000 | slack=0.000000 | y_low=0.000000 | y_up=0.000000 | total_real=1.000000
cliente 27 | lambda=1.000000 | slack=0.000000 | y_low=0.000000 | y_up=0.000000 | total_real=1.000000
cliente 28 | lambda=1.000000 | slack=0.000000 | y_low=0.000000 | y_up=0.000000 | total_real=1.000000
cliente 29 | lambda=1.000000 | slack=0.000000 | y_low=0.000000 | y_up=0.000000 | total_real=1.000000
cliente 30 | lambda=1.000000 | slack=0.000000 | y_low=0.000000 | y_up=0.000000 | total_real=1.000000
cliente 31 | lambda=1.000000 | slack=0.000000 | y_low=0.000000 | y_up=0.000000 | total_real=1.000000
cliente 32 | lambda=1.000000 | slack=0.000000 | y_low=0.000000 | y_up=0.000000 | total_real=1.000000
cliente 33 | lambda=1.000000 | slack=0.000000 | y_low=0.000000 | y_up=0.000000 | total_real=1.000000
cliente 34 | lambda=1.000000 | slack=0.000000 | y_low=0.000000 | y_up=0.000000 | total_real=1.000000
cliente 35 | lambda=1.000000 | slack=0.000000 | y_low=0.000000 | y_up=0.000000 | total_real=1.000000
cliente 36 | lambda=1.000000 | slack=0.000000 | y_low=0.000000 | y_up=0.000000 | total_real=1.000000
cliente 37 | lambda=1.000000 | slack=0.000000 | y_low=0.000000 | y_up=0.000000 | total_real=1.000000
cliente 38 | lambda=1.000000 | slack=0.000000 | y_low=0.000000 | y_up=0.000000 | total_real=1.000000
cliente 39 | lambda=1.000000 | slack=0.000000 | y_low=0.000000 | y_up=0.000000 | total_real=1.000000
cliente 40 | lambda=1.000000 | slack=0.000000 | y_low=0.000000 | y_up=0.000000 | total_real=1.000000
cliente 41 | lambda=1.000000 | slack=0.000000 | y_low=0.000000 | y_up=0.000000 | total_real=1.000000
cliente 42 | lambda=1.000000 | slack=0.000000 | y_low=0.000000 | y_up=0.000000 | total_real=1.000000
cliente 43 | lambda=1.000000 | slack=0.000000 | y_low=0.000000 | y_up=0.000000 | total_real=1.000000
cliente 44 | lambda=1.000000 | slack=0.000000 | y_low=0.000000 | y_up=0.000000 | total_real=1.000000
cliente 45 | lambda=1.000000 | slack=0.000000 | y_low=0.000000 | y_up=0.000000 | total_real=1.000000
cliente 46 | lambda=1.000000 | slack=0.000000 | y_low=0.000000 | y_up=0.000000 | total_real=1.000000
cliente 47 | lambda=1.000000 | slack=0.000000 | y_low=0.000000 | y_up=0.000000 | total_real=1.000000
cliente 48 | lambda=1.000000 | slack=0.000000 | y_low=0.000000 | y_up=0.000000 | total_real=1.000000
cliente 49 | lambda=1.000000 | slack=0.000000 | y_low=0.000000 | y_up=0.000000 | total_real=1.000000
cliente 50 | lambda=1.000000 | slack=0.000000 | y_low=0.000000 | y_up=0.000000 | total_real=1.000000


================ DUAIS DO MESTRE ================

PI (clientes):
  pi[1] = -313291.933333
  pi[2] =  10000.000000
  pi[3] =  10000.000000
  pi[4] =  10000.000000
  pi[5] =  10000.000000
  pi[6] =  10000.000000
  pi[7] = -208845.055556
  pi[8] = -218852.155556
  pi[9] =  10000.000000
  pi[10] =  10000.000000
  pi[11] =  10000.000000
  pi[12] =  10000.000000
  pi[13] =  10000.000000
  pi[14] =  10000.000000
  pi[15] =  10000.000000
  pi[16] =  10000.000000
  pi[17] =  10000.000000
  pi[18] =  10000.000000
  pi[19] =  10000.000000
  pi[20] =  10000.000000
  pi[21] =  10000.000000
  pi[22] =  10000.000000
  pi[23] = -114418.777778
  pi[24] =  10000.000000
  pi[25] =  10000.000000
  pi[26] =  10000.000000
  pi[27] =  10000.000000
  pi[28] =  10000.000000
  pi[29] =  10000.000000
  pi[30] = -437714.711111
  pi[31] =  10000.000000
  pi[32] =  10000.000000
  pi[33] =  10000.000000
  pi[34] =  10000.000000
  pi[35] =  10000.000000
  pi[36] = -218885.455556
  pi[37] =  10000.000000
  pi[38] =  10000.000000
  pi[39] =  10000.000000
  pi[40] =  10000.000000
  pi[41] =  10000.000000
  pi[42] =  10000.000000
  pi[43] =  10000.000000
  pi[44] =  10000.000000
  pi[45] =  10000.000000
  pi[46] =  10000.000000
  pi[47] = -447892.111111
  pi[48] =  10000.000000
  pi[49] = -552146.988889
  pi[50] =  10000.000000

SIGMA (veículos):
  sigma[0] =  910101.200000
  sigma[1] =  661058.944444
  sigma[2] =  472187.588889
  sigma[3] =  138985.555556
  sigma[4] =  910101.200000

MU (arcos):
  sem duais de arco
=================================================

TESTA ALLBEST

[ALLBEST GEROU CANDIDATA]
k=0
rc=-552092.088889
custo=117.000000
seq=[0, 20, 27, 32, 35, 38, 39, 50, 47, 22, 21, 51]
Tempo total nessa geracao : 0.1s
Tempo total no NO: 1.3s
TAMANHO NOVAS COL 1

--- Nova Coluna ---
Veículo: 0
Sequência: [0, 20, 27, 32, 35, 38, 39, 50, 47, 22, 21, 51]
Custo: 117.00
Custo Reduzido: -552092.088889
Clientes atendidos: [20, 21, 22, 27, 32, 35, 38, 39, 47, 50]

Nao adicionou no k 3
[Nó 0] Iter 7 - Obj = 1000387.3000  Colunas = 46 inst= instancias/c108.txt
[Nó 0] inst= instancias/c108.txt Colunas ativas na iteração 7: 
   veic=0 | col=0 | lambda=1.000000 | custo=62.1000 | rota=[0, 43, 42, 41, 40, 44, 46, 48, 45, 50, 49, 47, 51]
   veic=1 | col=0 | lambda=1.000000 | custo=69.8000 | rota=[0, 20, 5, 3, 7, 8, 11, 9, 6, 4, 2, 1, 51]
   veic=2 | col=0 | lambda=1.000000 | custo=54.1000 | rota=[0, 24, 25, 27, 30, 29, 28, 26, 23, 22, 21, 51]
   veic=3 | col=0 | lambda=1.000000 | custo=100.1000 | rota=[0, 33, 32, 31, 35, 38, 37, 39, 36, 34, 51]
   veic=4 | col=0 | lambda=1.000000 | custo=1000101.2000 | rota=[0, 13, 18, 17, 15, 19, 16, 14, 12, 10, 51]
MESMA FO-  Sem melhora 7 Recom 1000387.2999999999 Ultmf 1000387.2999999999  VALOR SUB 0.0
   valor recomposto = 1000387.300000

   valor recomposto = 1000387.300000

--- COBERTURA POR CLIENTE ---
cliente 01 | lambda=1.000000 | slack=0.000000 | y_low=0.000000 | y_up=0.000000 | total_real=1.000000
cliente 02 | lambda=1.000000 | slack=0.000000 | y_low=0.000000 | y_up=0.000000 | total_real=1.000000
cliente 03 | lambda=1.000000 | slack=0.000000 | y_low=0.000000 | y_up=0.000000 | total_real=1.000000
cliente 04 | lambda=1.000000 | slack=0.000000 | y_low=0.000000 | y_up=0.000000 | total_real=1.000000
cliente 05 | lambda=1.000000 | slack=0.000000 | y_low=0.000000 | y_up=0.000000 | total_real=1.000000
cliente 06 | lambda=1.000000 | slack=0.000000 | y_low=0.000000 | y_up=0.000000 | total_real=1.000000
cliente 07 | lambda=1.000000 | slack=0.000000 | y_low=0.000000 | y_up=0.000000 | total_real=1.000000
cliente 08 | lambda=1.000000 | slack=0.000000 | y_low=0.000000 | y_up=0.000000 | total_real=1.000000
cliente 09 | lambda=1.000000 | slack=0.000000 | y_low=0.000000 | y_up=0.000000 | total_real=1.000000
cliente 10 | lambda=1.000000 | slack=0.000000 | y_low=0.000000 | y_up=0.000000 | total_real=1.000000
cliente 11 | lambda=1.000000 | slack=0.000000 | y_low=0.000000 | y_up=0.000000 | total_real=1.000000
cliente 12 | lambda=1.000000 | slack=0.000000 | y_low=0.000000 | y_up=0.000000 | total_real=1.000000
cliente 13 | lambda=1.000000 | slack=0.000000 | y_low=0.000000 | y_up=0.000000 | total_real=1.000000
cliente 14 | lambda=1.000000 | slack=0.000000 | y_low=0.000000 | y_up=0.000000 | total_real=1.000000
cliente 15 | lambda=1.000000 | slack=0.000000 | y_low=0.000000 | y_up=0.000000 | total_real=1.000000
cliente 16 | lambda=1.000000 | slack=0.000000 | y_low=0.000000 | y_up=0.000000 | total_real=1.000000
cliente 17 | lambda=1.000000 | slack=0.000000 | y_low=0.000000 | y_up=0.000000 | total_real=1.000000
cliente 18 | lambda=1.000000 | slack=0.000000 | y_low=0.000000 | y_up=0.000000 | total_real=1.000000
cliente 19 | lambda=1.000000 | slack=0.000000 | y_low=0.000000 | y_up=0.000000 | total_real=1.000000
cliente 20 | lambda=1.000000 | slack=0.000000 | y_low=0.000000 | y_up=0.000000 | total_real=1.000000
cliente 21 | lambda=1.000000 | slack=0.000000 | y_low=0.000000 | y_up=0.000000 | total_real=1.000000
cliente 22 | lambda=1.000000 | slack=0.000000 | y_low=0.000000 | y_up=0.000000 | total_real=1.000000
cliente 23 | lambda=1.000000 | slack=0.000000 | y_low=0.000000 | y_up=0.000000 | total_real=1.000000
cliente 24 | lambda=1.000000 | slack=0.000000 | y_low=0.000000 | y_up=0.000000 | total_real=1.000000
cliente 25 | lambda=1.000000 | slack=0.000000 | y_low=0.000000 | y_up=0.000000 | total_real=1.000000
cliente 26 | lambda=1.000000 | slack=0.000000 | y_low=0.000000 | y_up=0.000000 | total_real=1.000000
cliente 27 | lambda=1.000000 | slack=0.000000 | y_low=0.000000 | y_up=0.000000 | total_real=1.000000
cliente 28 | lambda=1.000000 | slack=0.000000 | y_low=0.000000 | y_up=0.000000 | total_real=1.000000
cliente 29 | lambda=1.000000 | slack=0.000000 | y_low=0.000000 | y_up=0.000000 | total_real=1.000000
cliente 30 | lambda=1.000000 | slack=0.000000 | y_low=0.000000 | y_up=0.000000 | total_real=1.000000
cliente 31 | lambda=1.000000 | slack=0.000000 | y_low=0.000000 | y_up=0.000000 | total_real=1.000000
cliente 32 | lambda=1.000000 | slack=0.000000 | y_low=0.000000 | y_up=0.000000 | total_real=1.000000
cliente 33 | lambda=1.000000 | slack=0.000000 | y_low=0.000000 | y_up=0.000000 | total_real=1.000000
cliente 34 | lambda=1.000000 | slack=0.000000 | y_low=0.000000 | y_up=0.000000 | total_real=1.000000
cliente 35 | lambda=1.000000 | slack=0.000000 | y_low=0.000000 | y_up=0.000000 | total_real=1.000000
cliente 36 | lambda=1.000000 | slack=0.000000 | y_low=0.000000 | y_up=0.000000 | total_real=1.000000
cliente 37 | lambda=1.000000 | slack=0.000000 | y_low=0.000000 | y_up=0.000000 | total_real=1.000000
cliente 38 | lambda=1.000000 | slack=0.000000 | y_low=0.000000 | y_up=0.000000 | total_real=1.000000
cliente 39 | lambda=1.000000 | slack=0.000000 | y_low=0.000000 | y_up=0.000000 | total_real=1.000000
cliente 40 | lambda=1.000000 | slack=0.000000 | y_low=0.000000 | y_up=0.000000 | total_real=1.000000
cliente 41 | lambda=1.000000 | slack=0.000000 | y_low=0.000000 | y_up=0.000000 | total_real=1.000000
cliente 42 | lambda=1.000000 | slack=0.000000 | y_low=0.000000 | y_up=0.000000 | total_real=1.000000
cliente 43 | lambda=1.000000 | slack=0.000000 | y_low=0.000000 | y_up=0.000000 | total_real=1.000000
cliente 44 | lambda=1.000000 | slack=0.000000 | y_low=0.000000 | y_up=0.000000 | total_real=1.000000
cliente 45 | lambda=1.000000 | slack=0.000000 | y_low=0.000000 | y_up=0.000000 | total_real=1.000000
cliente 46 | lambda=1.000000 | slack=0.000000 | y_low=0.000000 | y_up=0.000000 | total_real=1.000000
cliente 47 | lambda=1.000000 | slack=0.000000 | y_low=0.000000 | y_up=0.000000 | total_real=1.000000
cliente 48 | lambda=1.000000 | slack=0.000000 | y_low=0.000000 | y_up=0.000000 | total_real=1.000000
cliente 49 | lambda=1.000000 | slack=0.000000 | y_low=0.000000 | y_up=0.000000 | total_real=1.000000
cliente 50 | lambda=1.000000 | slack=0.000000 | y_low=0.000000 | y_up=0.000000 | total_real=1.000000


================ DUAIS DO MESTRE ================

PI (clientes):
  pi[1] = -549902.828571
  pi[2] =  10000.000000
  pi[3] =  10000.000000
  pi[4] =  10000.000000
  pi[5] =  10000.000000
  pi[6] =  10000.000000
  pi[7] = -129974.757143
  pi[8] = -139981.857143
  pi[9] =  10000.000000
  pi[10] =  10000.000000
  pi[11] =  10000.000000
  pi[12] =  10000.000000
  pi[13] =  10000.000000
  pi[14] =  10000.000000
  pi[15] =  10000.000000
  pi[16] =  10000.000000
  pi[17] =  10000.000000
  pi[18] =  10000.000000
  pi[19] =  10000.000000
  pi[20] =  10000.000000
  pi[21] =  10000.000000
  pi[22] =  10000.000000
  pi[23] = -74983.628571
  pi[24] =  10000.000000
  pi[25] =  10000.000000
  pi[26] =  10000.000000
  pi[27] =  10000.000000
  pi[28] =  10000.000000
  pi[29] =  10000.000000
  pi[30] = -279974.114286
  pi[31] =  10000.000000
  pi[32] = -344916.342857
  pi[33] =  10000.000000
  pi[34] =  10000.000000
  pi[35] =  10000.000000
  pi[36] = -494931.500000
  pi[37] =  10000.000000
  pi[38] =  10000.000000
  pi[39] =  10000.000000
  pi[40] =  10000.000000
  pi[41] =  10000.000000
  pi[42] =  10000.000000
  pi[43] =  10000.000000
  pi[44] =  10000.000000
  pi[45] =  10000.000000
  pi[46] =  10000.000000
  pi[47] = -645067.857143
  pi[48] =  10000.000000
  pi[49] = -354971.242857
  pi[50] =  10000.000000

SIGMA (veículos):
  sigma[0] =  910101.200000
  sigma[1] =  739929.242857
  sigma[2] =  275011.842857
  sigma[3] =  769947.942857
  sigma[4] =  910101.200000

MU (arcos):
  sem duais de arco
=================================================

TESTA ALLBEST

[ALLBEST GEROU CANDIDATA]
k=0
rc=-654915.557143
custo=214.400000
seq=[0, 43, 17, 27, 29, 39, 28, 9, 6, 22, 21, 49, 51]
Tempo total nessa geracao : 0.1s
Tempo total no NO: 1.3s
TAMANHO NOVAS COL 1

--- Nova Coluna ---
Veículo: 0
Sequência: [0, 43, 17, 27, 29, 39, 28, 9, 6, 22, 21, 49, 51]
Custo: 214.40
Custo Reduzido: -654915.557143
Clientes atendidos: [6, 9, 17, 21, 22, 27, 28, 29, 39, 43, 49]

[Nó 0] Iter 8 - Obj = 1000387.3000  Colunas = 50 inst= instancias/c108.txt
[Nó 0] inst= instancias/c108.txt Colunas ativas na iteração 8: 
   veic=0 | col=0 | lambda=1.000000 | custo=62.1000 | rota=[0, 43, 42, 41, 40, 44, 46, 48, 45, 50, 49, 47, 51]
   veic=1 | col=0 | lambda=1.000000 | custo=69.8000 | rota=[0, 20, 5, 3, 7, 8, 11, 9, 6, 4, 2, 1, 51]
   veic=2 | col=0 | lambda=1.000000 | custo=54.1000 | rota=[0, 24, 25, 27, 30, 29, 28, 26, 23, 22, 21, 51]
   veic=3 | col=0 | lambda=1.000000 | custo=100.1000 | rota=[0, 33, 32, 31, 35, 38, 37, 39, 36, 34, 51]
   veic=4 | col=0 | lambda=1.000000 | custo=1000101.2000 | rota=[0, 13, 18, 17, 15, 19, 16, 14, 12, 10, 51]
MESMA FO-  Sem melhora 8 Recom 1000387.2999999999 Ultmf 1000387.2999999999  VALOR SUB 0.0
   valor recomposto = 1000387.300000

   valor recomposto = 1000387.300000

--- COBERTURA POR CLIENTE ---
cliente 01 | lambda=1.000000 | slack=0.000000 | y_low=0.000000 | y_up=0.000000 | total_real=1.000000
cliente 02 | lambda=1.000000 | slack=0.000000 | y_low=0.000000 | y_up=0.000000 | total_real=1.000000
cliente 03 | lambda=1.000000 | slack=0.000000 | y_low=0.000000 | y_up=0.000000 | total_real=1.000000
cliente 04 | lambda=1.000000 | slack=0.000000 | y_low=0.000000 | y_up=0.000000 | total_real=1.000000
cliente 05 | lambda=1.000000 | slack=0.000000 | y_low=0.000000 | y_up=0.000000 | total_real=1.000000
cliente 06 | lambda=1.000000 | slack=0.000000 | y_low=0.000000 | y_up=0.000000 | total_real=1.000000
cliente 07 | lambda=1.000000 | slack=0.000000 | y_low=0.000000 | y_up=0.000000 | total_real=1.000000
cliente 08 | lambda=1.000000 | slack=0.000000 | y_low=0.000000 | y_up=0.000000 | total_real=1.000000
cliente 09 | lambda=1.000000 | slack=0.000000 | y_low=0.000000 | y_up=0.000000 | total_real=1.000000
cliente 10 | lambda=1.000000 | slack=0.000000 | y_low=0.000000 | y_up=0.000000 | total_real=1.000000
cliente 11 | lambda=1.000000 | slack=0.000000 | y_low=0.000000 | y_up=0.000000 | total_real=1.000000
cliente 12 | lambda=1.000000 | slack=0.000000 | y_low=0.000000 | y_up=0.000000 | total_real=1.000000
cliente 13 | lambda=1.000000 | slack=0.000000 | y_low=0.000000 | y_up=0.000000 | total_real=1.000000
cliente 14 | lambda=1.000000 | slack=0.000000 | y_low=0.000000 | y_up=0.000000 | total_real=1.000000
cliente 15 | lambda=1.000000 | slack=0.000000 | y_low=0.000000 | y_up=0.000000 | total_real=1.000000
cliente 16 | lambda=1.000000 | slack=0.000000 | y_low=0.000000 | y_up=0.000000 | total_real=1.000000
cliente 17 | lambda=1.000000 | slack=0.000000 | y_low=0.000000 | y_up=0.000000 | total_real=1.000000
cliente 18 | lambda=1.000000 | slack=0.000000 | y_low=0.000000 | y_up=0.000000 | total_real=1.000000
cliente 19 | lambda=1.000000 | slack=0.000000 | y_low=0.000000 | y_up=0.000000 | total_real=1.000000
cliente 20 | lambda=1.000000 | slack=0.000000 | y_low=0.000000 | y_up=0.000000 | total_real=1.000000
cliente 21 | lambda=1.000000 | slack=0.000000 | y_low=0.000000 | y_up=0.000000 | total_real=1.000000
cliente 22 | lambda=1.000000 | slack=0.000000 | y_low=0.000000 | y_up=0.000000 | total_real=1.000000
cliente 23 | lambda=1.000000 | slack=0.000000 | y_low=0.000000 | y_up=0.000000 | total_real=1.000000
cliente 24 | lambda=1.000000 | slack=0.000000 | y_low=0.000000 | y_up=0.000000 | total_real=1.000000
cliente 25 | lambda=1.000000 | slack=0.000000 | y_low=0.000000 | y_up=0.000000 | total_real=1.000000
cliente 26 | lambda=1.000000 | slack=0.000000 | y_low=0.000000 | y_up=0.000000 | total_real=1.000000
cliente 27 | lambda=1.000000 | slack=0.000000 | y_low=0.000000 | y_up=0.000000 | total_real=1.000000
cliente 28 | lambda=1.000000 | slack=0.000000 | y_low=0.000000 | y_up=0.000000 | total_real=1.000000
cliente 29 | lambda=1.000000 | slack=0.000000 | y_low=0.000000 | y_up=0.000000 | total_real=1.000000
cliente 30 | lambda=1.000000 | slack=0.000000 | y_low=0.000000 | y_up=0.000000 | total_real=1.000000
cliente 31 | lambda=1.000000 | slack=0.000000 | y_low=0.000000 | y_up=0.000000 | total_real=1.000000
cliente 32 | lambda=1.000000 | slack=0.000000 | y_low=0.000000 | y_up=0.000000 | total_real=1.000000
cliente 33 | lambda=1.000000 | slack=0.000000 | y_low=0.000000 | y_up=0.000000 | total_real=1.000000
cliente 34 | lambda=1.000000 | slack=0.000000 | y_low=0.000000 | y_up=0.000000 | total_real=1.000000
cliente 35 | lambda=1.000000 | slack=0.000000 | y_low=0.000000 | y_up=0.000000 | total_real=1.000000
cliente 36 | lambda=1.000000 | slack=0.000000 | y_low=0.000000 | y_up=0.000000 | total_real=1.000000
cliente 37 | lambda=1.000000 | slack=0.000000 | y_low=0.000000 | y_up=0.000000 | total_real=1.000000
cliente 38 | lambda=1.000000 | slack=0.000000 | y_low=0.000000 | y_up=0.000000 | total_real=1.000000
cliente 39 | lambda=1.000000 | slack=0.000000 | y_low=0.000000 | y_up=0.000000 | total_real=1.000000
cliente 40 | lambda=1.000000 | slack=0.000000 | y_low=0.000000 | y_up=0.000000 | total_real=1.000000
cliente 41 | lambda=1.000000 | slack=0.000000 | y_low=0.000000 | y_up=0.000000 | total_real=1.000000
cliente 42 | lambda=1.000000 | slack=0.000000 | y_low=0.000000 | y_up=0.000000 | total_real=1.000000
cliente 43 | lambda=1.000000 | slack=0.000000 | y_low=0.000000 | y_up=0.000000 | total_real=1.000000
cliente 44 | lambda=1.000000 | slack=0.000000 | y_low=0.000000 | y_up=0.000000 | total_real=1.000000
cliente 45 | lambda=1.000000 | slack=0.000000 | y_low=0.000000 | y_up=0.000000 | total_real=1.000000
cliente 46 | lambda=1.000000 | slack=0.000000 | y_low=0.000000 | y_up=0.000000 | total_real=1.000000
cliente 47 | lambda=1.000000 | slack=0.000000 | y_low=0.000000 | y_up=0.000000 | total_real=1.000000
cliente 48 | lambda=1.000000 | slack=0.000000 | y_low=0.000000 | y_up=0.000000 | total_real=1.000000
cliente 49 | lambda=1.000000 | slack=0.000000 | y_low=0.000000 | y_up=0.000000 | total_real=1.000000
cliente 50 | lambda=1.000000 | slack=0.000000 | y_low=0.000000 | y_up=0.000000 | total_real=1.000000


================ DUAIS DO MESTRE ================

PI (clientes):
  pi[1] = -27588.038095
  pi[2] =  10000.000000
  pi[3] =  10000.000000
  pi[4] =  10000.000000
  pi[5] =  10000.000000
  pi[6] = -37617.138095
  pi[7] = -27607.838095
  pi[8] = -152832.414286
  pi[9] =  10000.000000
  pi[10] =  10000.000000
  pi[11] =  10000.000000
  pi[12] =  10000.000000
  pi[13] =  10000.000000
  pi[14] =  10000.000000
  pi[15] =  10000.000000
  pi[16] =  10000.000000
  pi[17] =  10000.000000
  pi[18] =  10000.000000
  pi[19] =  10000.000000
  pi[20] =  10000.000000
  pi[21] =  10000.000000
  pi[22] = -380899.204762
  pi[23] =  10000.000000
  pi[24] =  10000.000000
  pi[25] =  10000.000000
  pi[26] =  10000.000000
  pi[27] =  10000.000000
  pi[28] =  10000.000000
  pi[29] =  10000.000000
  pi[30] = -466139.480952
  pi[31] =  10000.000000
  pi[32] = -170416.352381
  pi[33] =  10000.000000
  pi[34] =  10000.000000
  pi[35] =  10000.000000
  pi[36] =  10000.000000
  pi[37] =  10000.000000
  pi[38] =  10000.000000
  pi[39] =  10000.000000
  pi[40] =  10000.000000
  pi[41] =  10000.000000
  pi[42] =  10000.000000
  pi[43] =  10000.000000
  pi[44] =  10000.000000
  pi[45] =  10000.000000
  pi[46] =  10000.000000
  pi[47] = -152986.914286
  pi[48] =  10000.000000
  pi[49] = -571370.457143
  pi[50] = -265681.728571

SIGMA (veículos):
  sigma[0] =  910101.200000
  sigma[1] =  175715.228571
  sigma[2] =  767092.785714
  sigma[3] =  90516.452381
  sigma[4] =  910101.200000

MU (arcos):
  sem duais de arco
=================================================

TESTA ALLBEST

[ALLBEST GEROU CANDIDATA]
k=0
rc=-962291.461905
custo=221.700000
seq=[0, 17, 25, 10, 40, 39, 36, 34, 2, 1, 51]
Tempo total nessa geracao : 0.0s
Tempo total no NO: 1.4s
TAMANHO NOVAS COL 1

--- Nova Coluna ---
Veículo: 0
Sequência: [0, 17, 25, 10, 40, 39, 36, 34, 2, 1, 51]
Custo: 221.70
Custo Reduzido: -962291.461905
Clientes atendidos: [1, 2, 10, 17, 25, 34, 36, 39, 40]

[Nó 0] Iter 9 - Obj = 1000387.3000  Colunas = 54 inst= instancias/c108.txt
[Nó 0] inst= instancias/c108.txt Colunas ativas na iteração 9: 
   veic=0 | col=0 | lambda=1.000000 | custo=62.1000 | rota=[0, 43, 42, 41, 40, 44, 46, 48, 45, 50, 49, 47, 51]
   veic=1 | col=0 | lambda=1.000000 | custo=69.8000 | rota=[0, 20, 5, 3, 7, 8, 11, 9, 6, 4, 2, 1, 51]
   veic=2 | col=0 | lambda=1.000000 | custo=54.1000 | rota=[0, 24, 25, 27, 30, 29, 28, 26, 23, 22, 21, 51]
   veic=3 | col=0 | lambda=1.000000 | custo=100.1000 | rota=[0, 33, 32, 31, 35, 38, 37, 39, 36, 34, 51]
   veic=4 | col=0 | lambda=1.000000 | custo=1000101.2000 | rota=[0, 13, 18, 17, 15, 19, 16, 14, 12, 10, 51]
MESMA FO-  Sem melhora 9 Recom 1000387.2999999999 Ultmf 1000387.2999999999  VALOR SUB 0.0
   valor recomposto = 1000387.300000

   valor recomposto = 1000387.300000

--- COBERTURA POR CLIENTE ---
cliente 01 | lambda=1.000000 | slack=0.000000 | y_low=0.000000 | y_up=0.000000 | total_real=1.000000
cliente 02 | lambda=1.000000 | slack=0.000000 | y_low=0.000000 | y_up=0.000000 | total_real=1.000000
cliente 03 | lambda=1.000000 | slack=0.000000 | y_low=0.000000 | y_up=0.000000 | total_real=1.000000
cliente 04 | lambda=1.000000 | slack=0.000000 | y_low=0.000000 | y_up=0.000000 | total_real=1.000000
cliente 05 | lambda=1.000000 | slack=0.000000 | y_low=0.000000 | y_up=0.000000 | total_real=1.000000
cliente 06 | lambda=1.000000 | slack=0.000000 | y_low=0.000000 | y_up=0.000000 | total_real=1.000000
cliente 07 | lambda=1.000000 | slack=0.000000 | y_low=0.000000 | y_up=0.000000 | total_real=1.000000
cliente 08 | lambda=1.000000 | slack=0.000000 | y_low=0.000000 | y_up=0.000000 | total_real=1.000000
cliente 09 | lambda=1.000000 | slack=0.000000 | y_low=0.000000 | y_up=0.000000 | total_real=1.000000
cliente 10 | lambda=1.000000 | slack=0.000000 | y_low=0.000000 | y_up=0.000000 | total_real=1.000000
cliente 11 | lambda=1.000000 | slack=0.000000 | y_low=0.000000 | y_up=0.000000 | total_real=1.000000
cliente 12 | lambda=1.000000 | slack=0.000000 | y_low=0.000000 | y_up=0.000000 | total_real=1.000000
cliente 13 | lambda=1.000000 | slack=0.000000 | y_low=0.000000 | y_up=0.000000 | total_real=1.000000
cliente 14 | lambda=1.000000 | slack=0.000000 | y_low=0.000000 | y_up=0.000000 | total_real=1.000000
cliente 15 | lambda=1.000000 | slack=0.000000 | y_low=0.000000 | y_up=0.000000 | total_real=1.000000
cliente 16 | lambda=1.000000 | slack=0.000000 | y_low=0.000000 | y_up=0.000000 | total_real=1.000000
cliente 17 | lambda=1.000000 | slack=0.000000 | y_low=0.000000 | y_up=0.000000 | total_real=1.000000
cliente 18 | lambda=1.000000 | slack=0.000000 | y_low=0.000000 | y_up=0.000000 | total_real=1.000000
cliente 19 | lambda=1.000000 | slack=0.000000 | y_low=0.000000 | y_up=0.000000 | total_real=1.000000
cliente 20 | lambda=1.000000 | slack=0.000000 | y_low=0.000000 | y_up=0.000000 | total_real=1.000000
cliente 21 | lambda=1.000000 | slack=0.000000 | y_low=0.000000 | y_up=0.000000 | total_real=1.000000
cliente 22 | lambda=1.000000 | slack=0.000000 | y_low=0.000000 | y_up=0.000000 | total_real=1.000000
cliente 23 | lambda=1.000000 | slack=0.000000 | y_low=0.000000 | y_up=0.000000 | total_real=1.000000
cliente 24 | lambda=1.000000 | slack=0.000000 | y_low=0.000000 | y_up=0.000000 | total_real=1.000000
cliente 25 | lambda=1.000000 | slack=0.000000 | y_low=0.000000 | y_up=0.000000 | total_real=1.000000
cliente 26 | lambda=1.000000 | slack=0.000000 | y_low=0.000000 | y_up=0.000000 | total_real=1.000000
cliente 27 | lambda=1.000000 | slack=0.000000 | y_low=0.000000 | y_up=0.000000 | total_real=1.000000
cliente 28 | lambda=1.000000 | slack=0.000000 | y_low=0.000000 | y_up=0.000000 | total_real=1.000000
cliente 29 | lambda=1.000000 | slack=0.000000 | y_low=0.000000 | y_up=0.000000 | total_real=1.000000
cliente 30 | lambda=1.000000 | slack=0.000000 | y_low=0.000000 | y_up=0.000000 | total_real=1.000000
cliente 31 | lambda=1.000000 | slack=0.000000 | y_low=0.000000 | y_up=0.000000 | total_real=1.000000
cliente 32 | lambda=1.000000 | slack=0.000000 | y_low=0.000000 | y_up=0.000000 | total_real=1.000000
cliente 33 | lambda=1.000000 | slack=0.000000 | y_low=0.000000 | y_up=0.000000 | total_real=1.000000
cliente 34 | lambda=1.000000 | slack=0.000000 | y_low=0.000000 | y_up=0.000000 | total_real=1.000000
cliente 35 | lambda=1.000000 | slack=0.000000 | y_low=0.000000 | y_up=0.000000 | total_real=1.000000
cliente 36 | lambda=1.000000 | slack=0.000000 | y_low=0.000000 | y_up=0.000000 | total_real=1.000000
cliente 37 | lambda=1.000000 | slack=0.000000 | y_low=0.000000 | y_up=0.000000 | total_real=1.000000
cliente 38 | lambda=1.000000 | slack=0.000000 | y_low=0.000000 | y_up=0.000000 | total_real=1.000000
cliente 39 | lambda=1.000000 | slack=0.000000 | y_low=0.000000 | y_up=0.000000 | total_real=1.000000
cliente 40 | lambda=1.000000 | slack=0.000000 | y_low=0.000000 | y_up=0.000000 | total_real=1.000000
cliente 41 | lambda=1.000000 | slack=0.000000 | y_low=0.000000 | y_up=0.000000 | total_real=1.000000
cliente 42 | lambda=1.000000 | slack=0.000000 | y_low=0.000000 | y_up=0.000000 | total_real=1.000000
cliente 43 | lambda=1.000000 | slack=0.000000 | y_low=0.000000 | y_up=0.000000 | total_real=1.000000
cliente 44 | lambda=1.000000 | slack=0.000000 | y_low=0.000000 | y_up=0.000000 | total_real=1.000000
cliente 45 | lambda=1.000000 | slack=0.000000 | y_low=0.000000 | y_up=0.000000 | total_real=1.000000
cliente 46 | lambda=1.000000 | slack=0.000000 | y_low=0.000000 | y_up=0.000000 | total_real=1.000000
cliente 47 | lambda=1.000000 | slack=0.000000 | y_low=0.000000 | y_up=0.000000 | total_real=1.000000
cliente 48 | lambda=1.000000 | slack=0.000000 | y_low=0.000000 | y_up=0.000000 | total_real=1.000000
cliente 49 | lambda=1.000000 | slack=0.000000 | y_low=0.000000 | y_up=0.000000 | total_real=1.000000
cliente 50 | lambda=1.000000 | slack=0.000000 | y_low=0.000000 | y_up=0.000000 | total_real=1.000000


================ DUAIS DO MESTRE ================

PI (clientes):
  pi[1] = -435383.154545
  pi[2] =  10000.000000
  pi[3] =  10000.000000
  pi[4] =  10000.000000
  pi[5] =  10000.000000
  pi[6] = -346323.063636
  pi[7] =  10000.000000
  pi[8] = -188152.581818
  pi[9] =  10000.000000
  pi[10] =  10000.000000
  pi[11] =  10000.000000
  pi[12] =  10000.000000
  pi[13] =  10000.000000
  pi[14] =  10000.000000
  pi[15] =  10000.000000
  pi[16] =  10000.000000
  pi[17] =  10000.000000
  pi[18] =  10000.000000
  pi[19] =  10000.000000
  pi[20] =  10000.000000
  pi[21] =  10000.000000
  pi[22] = -178145.481818
  pi[23] =  10000.000000
  pi[24] =  10000.000000
  pi[25] = -188170.081818
  pi[26] =  10000.000000
  pi[27] =  10000.000000
  pi[28] =  10000.000000
  pi[29] =  10000.000000
  pi[30] =  10000.000000
  pi[31] =  10000.000000
  pi[32] = -69039.490909
  pi[33] =  10000.000000
  pi[34] =  10000.000000
  pi[35] =  10000.000000
  pi[36] = -435402.954545
  pi[37] =  10000.000000
  pi[38] =  10000.000000
  pi[39] = -89089.190909
  pi[40] =  10000.000000
  pi[41] =  10000.000000
  pi[42] =  10000.000000
  pi[43] =  10000.000000
  pi[44] =  10000.000000
  pi[45] =  10000.000000
  pi[46] =  10000.000000
  pi[47] = -633710.036364
  pi[48] =  10000.000000
  pi[49] = -366329.063636
  pi[50] =  10000.000000

SIGMA (veículos):
  sigma[0] =  910101.200000
  sigma[1] =  889928.600000
  sigma[2] =  286369.663636
  sigma[3] =  533631.736364
  sigma[4] =  910101.200000

MU (arcos):
  sem duais de arco
=================================================

TESTA ALLBEST

[ALLBEST GEROU CANDIDATA]
k=0
rc=-564530.345455
custo=202.300000
seq=[0, 32, 33, 42, 40, 10, 11, 45, 48, 50, 21, 49, 51]
Tempo total nessa geracao : 0.1s
Tempo total no NO: 1.5s
TAMANHO NOVAS COL 1

--- Nova Coluna ---
Veículo: 0
Sequência: [0, 32, 33, 42, 40, 10, 11, 45, 48, 50, 21, 49, 51]
Custo: 202.30
Custo Reduzido: -564530.345455
Clientes atendidos: [10, 11, 21, 32, 33, 40, 42, 45, 48, 49, 50]

Nao adicionou no k 2
[Nó 0] Rodando MIP periódico após 5 colunas...
Set parameter TimeLimit to value 30
Gurobi Optimizer version 13.0.2 build v13.0.2rc1 (win64 - Windows 11+.0 (26200.2))

CPU model: AMD Ryzen 9 9950X3D 16-Core Processor, instruction set [SSE2|AVX|AVX2|AVX512]
Thread count: 16 physical cores, 32 logical processors, using up to 32 threads

Non-default parameters:
TimeLimit  30

Optimize a model with 55 rows, 57 columns and 667 nonzeros (Min)
Model fingerprint: 0x40e629c9
Model has 57 linear objective coefficients
Variable types: 0 continuous, 57 integer (57 binary)
Coefficient statistics:
  Matrix range     [1e+00, 1e+00]
  Objective range  [5e+01, 1e+06]
  Bounds range     [1e+00, 1e+00]
  RHS range        [1e+00, 1e+00]

Found heuristic solution: objective 1000387.3000
Presolve removed 55 rows and 57 columns
Presolve time: 0.00s
Presolve: All rows and columns removed

Explored 0 nodes (0 simplex iterations) in 0.00 seconds (0.00 work units)
Thread count was 1 (of 32 available processors)

Solution count 1: 1.00039e+06 

Optimal solution found (tolerance 1.00e-04)
Best objective 1.000387300000e+06, best bound 1.000387300000e+06, gap 0.0000%
[Nó 0] MIP periódico encontrou solução inteira válida. FO=1000387.300000
[Nó 0] Iter 10 - Obj = 1000387.3000  Colunas = 57 inst= instancias/c108.txt
[Nó 0] inst= instancias/c108.txt Colunas ativas na iteração 10: 
   veic=0 | col=0 | lambda=1.000000 | custo=62.1000 | rota=[0, 43, 42, 41, 40, 44, 46, 48, 45, 50, 49, 47, 51]
   veic=1 | col=0 | lambda=1.000000 | custo=69.8000 | rota=[0, 20, 5, 3, 7, 8, 11, 9, 6, 4, 2, 1, 51]
   veic=2 | col=0 | lambda=1.000000 | custo=54.1000 | rota=[0, 24, 25, 27, 30, 29, 28, 26, 23, 22, 21, 51]
   veic=3 | col=0 | lambda=1.000000 | custo=100.1000 | rota=[0, 33, 32, 31, 35, 38, 37, 39, 36, 34, 51]
   veic=4 | col=0 | lambda=1.000000 | custo=1000101.2000 | rota=[0, 13, 18, 17, 15, 19, 16, 14, 12, 10, 51]
MESMA FO-  Sem melhora 10 Recom 1000387.2999999999 Ultmf 1000387.2999999999  VALOR SUB 0.0
   valor recomposto = 1000387.300000

   valor recomposto = 1000387.300000

--- COBERTURA POR CLIENTE ---
cliente 01 | lambda=1.000000 | slack=0.000000 | y_low=0.000000 | y_up=0.000000 | total_real=1.000000
cliente 02 | lambda=1.000000 | slack=0.000000 | y_low=0.000000 | y_up=0.000000 | total_real=1.000000
cliente 03 | lambda=1.000000 | slack=0.000000 | y_low=0.000000 | y_up=0.000000 | total_real=1.000000
cliente 04 | lambda=1.000000 | slack=0.000000 | y_low=0.000000 | y_up=0.000000 | total_real=1.000000
cliente 05 | lambda=1.000000 | slack=0.000000 | y_low=0.000000 | y_up=0.000000 | total_real=1.000000
cliente 06 | lambda=1.000000 | slack=0.000000 | y_low=0.000000 | y_up=0.000000 | total_real=1.000000
cliente 07 | lambda=1.000000 | slack=0.000000 | y_low=0.000000 | y_up=0.000000 | total_real=1.000000
cliente 08 | lambda=1.000000 | slack=0.000000 | y_low=0.000000 | y_up=0.000000 | total_real=1.000000
cliente 09 | lambda=1.000000 | slack=0.000000 | y_low=0.000000 | y_up=0.000000 | total_real=1.000000
cliente 10 | lambda=1.000000 | slack=0.000000 | y_low=0.000000 | y_up=0.000000 | total_real=1.000000
cliente 11 | lambda=1.000000 | slack=0.000000 | y_low=0.000000 | y_up=0.000000 | total_real=1.000000
cliente 12 | lambda=1.000000 | slack=0.000000 | y_low=0.000000 | y_up=0.000000 | total_real=1.000000
cliente 13 | lambda=1.000000 | slack=0.000000 | y_low=0.000000 | y_up=0.000000 | total_real=1.000000
cliente 14 | lambda=1.000000 | slack=0.000000 | y_low=0.000000 | y_up=0.000000 | total_real=1.000000
cliente 15 | lambda=1.000000 | slack=0.000000 | y_low=0.000000 | y_up=0.000000 | total_real=1.000000
cliente 16 | lambda=1.000000 | slack=0.000000 | y_low=0.000000 | y_up=0.000000 | total_real=1.000000
cliente 17 | lambda=1.000000 | slack=0.000000 | y_low=0.000000 | y_up=0.000000 | total_real=1.000000
cliente 18 | lambda=1.000000 | slack=0.000000 | y_low=0.000000 | y_up=0.000000 | total_real=1.000000
cliente 19 | lambda=1.000000 | slack=0.000000 | y_low=0.000000 | y_up=0.000000 | total_real=1.000000
cliente 20 | lambda=1.000000 | slack=0.000000 | y_low=0.000000 | y_up=0.000000 | total_real=1.000000
cliente 21 | lambda=1.000000 | slack=0.000000 | y_low=0.000000 | y_up=0.000000 | total_real=1.000000
cliente 22 | lambda=1.000000 | slack=0.000000 | y_low=0.000000 | y_up=0.000000 | total_real=1.000000
cliente 23 | lambda=1.000000 | slack=0.000000 | y_low=0.000000 | y_up=0.000000 | total_real=1.000000
cliente 24 | lambda=1.000000 | slack=0.000000 | y_low=0.000000 | y_up=0.000000 | total_real=1.000000
cliente 25 | lambda=1.000000 | slack=0.000000 | y_low=0.000000 | y_up=0.000000 | total_real=1.000000
cliente 26 | lambda=1.000000 | slack=0.000000 | y_low=0.000000 | y_up=0.000000 | total_real=1.000000
cliente 27 | lambda=1.000000 | slack=0.000000 | y_low=0.000000 | y_up=0.000000 | total_real=1.000000
cliente 28 | lambda=1.000000 | slack=0.000000 | y_low=0.000000 | y_up=0.000000 | total_real=1.000000
cliente 29 | lambda=1.000000 | slack=0.000000 | y_low=0.000000 | y_up=0.000000 | total_real=1.000000
cliente 30 | lambda=1.000000 | slack=0.000000 | y_low=0.000000 | y_up=0.000000 | total_real=1.000000
cliente 31 | lambda=1.000000 | slack=0.000000 | y_low=0.000000 | y_up=0.000000 | total_real=1.000000
cliente 32 | lambda=1.000000 | slack=0.000000 | y_low=0.000000 | y_up=0.000000 | total_real=1.000000
cliente 33 | lambda=1.000000 | slack=0.000000 | y_low=0.000000 | y_up=0.000000 | total_real=1.000000
cliente 34 | lambda=1.000000 | slack=0.000000 | y_low=0.000000 | y_up=0.000000 | total_real=1.000000
cliente 35 | lambda=1.000000 | slack=0.000000 | y_low=0.000000 | y_up=0.000000 | total_real=1.000000
cliente 36 | lambda=1.000000 | slack=0.000000 | y_low=0.000000 | y_up=0.000000 | total_real=1.000000
cliente 37 | lambda=1.000000 | slack=0.000000 | y_low=0.000000 | y_up=0.000000 | total_real=1.000000
cliente 38 | lambda=1.000000 | slack=0.000000 | y_low=0.000000 | y_up=0.000000 | total_real=1.000000
cliente 39 | lambda=1.000000 | slack=0.000000 | y_low=0.000000 | y_up=0.000000 | total_real=1.000000
cliente 40 | lambda=1.000000 | slack=0.000000 | y_low=0.000000 | y_up=0.000000 | total_real=1.000000
cliente 41 | lambda=1.000000 | slack=0.000000 | y_low=0.000000 | y_up=0.000000 | total_real=1.000000
cliente 42 | lambda=1.000000 | slack=0.000000 | y_low=0.000000 | y_up=0.000000 | total_real=1.000000
cliente 43 | lambda=1.000000 | slack=0.000000 | y_low=0.000000 | y_up=0.000000 | total_real=1.000000
cliente 44 | lambda=1.000000 | slack=0.000000 | y_low=0.000000 | y_up=0.000000 | total_real=1.000000
cliente 45 | lambda=1.000000 | slack=0.000000 | y_low=0.000000 | y_up=0.000000 | total_real=1.000000
cliente 46 | lambda=1.000000 | slack=0.000000 | y_low=0.000000 | y_up=0.000000 | total_real=1.000000
cliente 47 | lambda=1.000000 | slack=0.000000 | y_low=0.000000 | y_up=0.000000 | total_real=1.000000
cliente 48 | lambda=1.000000 | slack=0.000000 | y_low=0.000000 | y_up=0.000000 | total_real=1.000000
cliente 49 | lambda=1.000000 | slack=0.000000 | y_low=0.000000 | y_up=0.000000 | total_real=1.000000
cliente 50 | lambda=1.000000 | slack=0.000000 | y_low=0.000000 | y_up=0.000000 | total_real=1.000000


================ DUAIS DO MESTRE ================

PI (clientes):
  pi[1] = -474926.150000
  pi[2] =  10000.000000
  pi[3] =  10000.000000
  pi[4] =  10000.000000
  pi[5] =  10000.000000
  pi[6] = -484955.250000
  pi[7] =  10000.000000
  pi[8] =  24.200000
  pi[9] =  10000.000000
  pi[10] = -242492.075000
  pi[11] =  10000.000000
  pi[12] =  10000.000000
  pi[13] =  10000.000000
  pi[14] =  10000.000000
  pi[15] =  10000.000000
  pi[16] =  10000.000000
  pi[17] =  10000.000000
  pi[18] =  10000.000000
  pi[19] =  10000.000000
  pi[20] =  10000.000000
  pi[21] =  10000.000000
  pi[22] = -252462.375000
  pi[23] =  10000.000000
  pi[24] =  10000.000000
  pi[25] = -514979.050000
  pi[26] =  10000.000000
  pi[27] =  10000.000000
  pi[28] =  10000.000000
  pi[29] =  10000.000000
  pi[30] =  10000.000000
  pi[31] =  10000.000000
  pi[32] = -232443.975000
  pi[33] =  10000.000000
  pi[34] =  10000.000000
  pi[35] =  10000.000000
  pi[36] = -474945.950000
  pi[37] =  10000.000000
  pi[38] =  10000.000000
  pi[39] =  10000.000000
  pi[40] =  10000.000000
  pi[41] =  10000.000000
  pi[42] =  10000.000000
  pi[43] =  10000.000000
  pi[44] =  10000.000000
  pi[45] =  10000.000000
  pi[46] =  10000.000000
  pi[47] = -485076.250000
  pi[48] =  10000.000000
  pi[49] = -504961.250000
  pi[50] = -252493.675000

SIGMA (veículos):
  sigma[0] =  1162593.275000
  sigma[1] =  879927.000000
  sigma[2] =  687495.525000
  sigma[3] =  637490.025000
  sigma[4] =  1162593.275000

MU (arcos):
  sem duais de arco
=================================================

TESTA ALLBEST

[ALLBEST GEROU CANDIDATA]
k=0
rc=-757320.425000
custo=220.800000
seq=[0, 5, 27, 19, 8, 9, 45, 48, 34, 21, 47, 51]
Tempo total nessa geracao : 0.1s
Tempo total no NO: 1.6s
TAMANHO NOVAS COL 1

--- Nova Coluna ---
Veículo: 0
Sequência: [0, 5, 27, 19, 8, 9, 45, 48, 34, 21, 47, 51]
Custo: 220.80
Custo Reduzido: -757320.425000
Clientes atendidos: [5, 8, 9, 19, 21, 27, 34, 45, 47, 48]

[Nó 0] Iter 11 - Obj = 1000387.3000  Colunas = 61 inst= instancias/c108.txt
[Nó 0] inst= instancias/c108.txt Colunas ativas na iteração 11: 
   veic=0 | col=0 | lambda=1.000000 | custo=62.1000 | rota=[0, 43, 42, 41, 40, 44, 46, 48, 45, 50, 49, 47, 51]
   veic=1 | col=0 | lambda=1.000000 | custo=69.8000 | rota=[0, 20, 5, 3, 7, 8, 11, 9, 6, 4, 2, 1, 51]
   veic=2 | col=0 | lambda=1.000000 | custo=54.1000 | rota=[0, 24, 25, 27, 30, 29, 28, 26, 23, 22, 21, 51]
   veic=3 | col=0 | lambda=1.000000 | custo=100.1000 | rota=[0, 33, 32, 31, 35, 38, 37, 39, 36, 34, 51]
   veic=4 | col=0 | lambda=1.000000 | custo=1000101.2000 | rota=[0, 13, 18, 17, 15, 19, 16, 14, 12, 10, 51]
MESMA FO-  Sem melhora 11 Recom 1000387.2999999999 Ultmf 1000387.2999999999  VALOR SUB 0.0
   valor recomposto = 1000387.300000

   valor recomposto = 1000387.300000

--- COBERTURA POR CLIENTE ---
cliente 01 | lambda=1.000000 | slack=0.000000 | y_low=0.000000 | y_up=0.000000 | total_real=1.000000
cliente 02 | lambda=1.000000 | slack=0.000000 | y_low=0.000000 | y_up=0.000000 | total_real=1.000000
cliente 03 | lambda=1.000000 | slack=0.000000 | y_low=0.000000 | y_up=0.000000 | total_real=1.000000
cliente 04 | lambda=1.000000 | slack=0.000000 | y_low=0.000000 | y_up=0.000000 | total_real=1.000000
cliente 05 | lambda=1.000000 | slack=0.000000 | y_low=0.000000 | y_up=0.000000 | total_real=1.000000
cliente 06 | lambda=1.000000 | slack=0.000000 | y_low=0.000000 | y_up=0.000000 | total_real=1.000000
cliente 07 | lambda=1.000000 | slack=0.000000 | y_low=0.000000 | y_up=0.000000 | total_real=1.000000
cliente 08 | lambda=1.000000 | slack=0.000000 | y_low=0.000000 | y_up=0.000000 | total_real=1.000000
cliente 09 | lambda=1.000000 | slack=0.000000 | y_low=0.000000 | y_up=0.000000 | total_real=1.000000
cliente 10 | lambda=1.000000 | slack=0.000000 | y_low=0.000000 | y_up=0.000000 | total_real=1.000000
cliente 11 | lambda=1.000000 | slack=0.000000 | y_low=0.000000 | y_up=0.000000 | total_real=1.000000
cliente 12 | lambda=1.000000 | slack=0.000000 | y_low=0.000000 | y_up=0.000000 | total_real=1.000000
cliente 13 | lambda=1.000000 | slack=0.000000 | y_low=0.000000 | y_up=0.000000 | total_real=1.000000
cliente 14 | lambda=1.000000 | slack=0.000000 | y_low=0.000000 | y_up=0.000000 | total_real=1.000000
cliente 15 | lambda=1.000000 | slack=0.000000 | y_low=0.000000 | y_up=0.000000 | total_real=1.000000
cliente 16 | lambda=1.000000 | slack=0.000000 | y_low=0.000000 | y_up=0.000000 | total_real=1.000000
cliente 17 | lambda=1.000000 | slack=0.000000 | y_low=0.000000 | y_up=0.000000 | total_real=1.000000
cliente 18 | lambda=1.000000 | slack=0.000000 | y_low=0.000000 | y_up=0.000000 | total_real=1.000000
cliente 19 | lambda=1.000000 | slack=0.000000 | y_low=0.000000 | y_up=0.000000 | total_real=1.000000
cliente 20 | lambda=1.000000 | slack=0.000000 | y_low=0.000000 | y_up=0.000000 | total_real=1.000000
cliente 21 | lambda=1.000000 | slack=0.000000 | y_low=0.000000 | y_up=0.000000 | total_real=1.000000
cliente 22 | lambda=1.000000 | slack=0.000000 | y_low=0.000000 | y_up=0.000000 | total_real=1.000000
cliente 23 | lambda=1.000000 | slack=0.000000 | y_low=0.000000 | y_up=0.000000 | total_real=1.000000
cliente 24 | lambda=1.000000 | slack=0.000000 | y_low=0.000000 | y_up=0.000000 | total_real=1.000000
cliente 25 | lambda=1.000000 | slack=0.000000 | y_low=0.000000 | y_up=0.000000 | total_real=1.000000
cliente 26 | lambda=1.000000 | slack=0.000000 | y_low=0.000000 | y_up=0.000000 | total_real=1.000000
cliente 27 | lambda=1.000000 | slack=0.000000 | y_low=0.000000 | y_up=0.000000 | total_real=1.000000
cliente 28 | lambda=1.000000 | slack=0.000000 | y_low=0.000000 | y_up=0.000000 | total_real=1.000000
cliente 29 | lambda=1.000000 | slack=0.000000 | y_low=0.000000 | y_up=0.000000 | total_real=1.000000
cliente 30 | lambda=1.000000 | slack=0.000000 | y_low=0.000000 | y_up=0.000000 | total_real=1.000000
cliente 31 | lambda=1.000000 | slack=0.000000 | y_low=0.000000 | y_up=0.000000 | total_real=1.000000
cliente 32 | lambda=1.000000 | slack=0.000000 | y_low=0.000000 | y_up=0.000000 | total_real=1.000000
cliente 33 | lambda=1.000000 | slack=0.000000 | y_low=0.000000 | y_up=0.000000 | total_real=1.000000
cliente 34 | lambda=1.000000 | slack=0.000000 | y_low=0.000000 | y_up=0.000000 | total_real=1.000000
cliente 35 | lambda=1.000000 | slack=0.000000 | y_low=0.000000 | y_up=0.000000 | total_real=1.000000
cliente 36 | lambda=1.000000 | slack=0.000000 | y_low=0.000000 | y_up=0.000000 | total_real=1.000000
cliente 37 | lambda=1.000000 | slack=0.000000 | y_low=0.000000 | y_up=0.000000 | total_real=1.000000
cliente 38 | lambda=1.000000 | slack=0.000000 | y_low=0.000000 | y_up=0.000000 | total_real=1.000000
cliente 39 | lambda=1.000000 | slack=0.000000 | y_low=0.000000 | y_up=0.000000 | total_real=1.000000
cliente 40 | lambda=1.000000 | slack=0.000000 | y_low=0.000000 | y_up=0.000000 | total_real=1.000000
cliente 41 | lambda=1.000000 | slack=0.000000 | y_low=0.000000 | y_up=0.000000 | total_real=1.000000
cliente 42 | lambda=1.000000 | slack=0.000000 | y_low=0.000000 | y_up=0.000000 | total_real=1.000000
cliente 43 | lambda=1.000000 | slack=0.000000 | y_low=0.000000 | y_up=0.000000 | total_real=1.000000
cliente 44 | lambda=1.000000 | slack=0.000000 | y_low=0.000000 | y_up=0.000000 | total_real=1.000000
cliente 45 | lambda=1.000000 | slack=0.000000 | y_low=0.000000 | y_up=0.000000 | total_real=1.000000
cliente 46 | lambda=1.000000 | slack=0.000000 | y_low=0.000000 | y_up=0.000000 | total_real=1.000000
cliente 47 | lambda=1.000000 | slack=0.000000 | y_low=0.000000 | y_up=0.000000 | total_real=1.000000
cliente 48 | lambda=1.000000 | slack=0.000000 | y_low=0.000000 | y_up=0.000000 | total_real=1.000000
cliente 49 | lambda=1.000000 | slack=0.000000 | y_low=0.000000 | y_up=0.000000 | total_real=1.000000
cliente 50 | lambda=1.000000 | slack=0.000000 | y_low=0.000000 | y_up=0.000000 | total_real=1.000000


================ DUAIS DO MESTRE ================

PI (clientes):
  pi[1] = -378043.984211
  pi[2] =  10000.000000
  pi[3] =  10000.000000
  pi[4] =  10000.000000
  pi[5] =  10000.000000
  pi[6] = -217525.405263
  pi[7] =  10000.000000
  pi[8] = -197212.105263
  pi[9] = -160547.678947
  pi[10] = -123857.452632
  pi[11] =  10000.000000
  pi[12] =  10000.000000
  pi[13] =  10000.000000
  pi[14] =  10000.000000
  pi[15] =  10000.000000
  pi[16] =  10000.000000
  pi[17] =  10000.000000
  pi[18] =  10000.000000
  pi[19] =  10000.000000
  pi[20] =  10000.000000
  pi[21] =  10000.000000
  pi[22] = -357752.684211
  pi[23] =  10000.000000
  pi[24] =  10000.000000
  pi[25] = -331087.057895
  pi[26] =  10000.000000
  pi[27] =  10000.000000
  pi[28] =  10000.000000
  pi[29] =  10000.000000
  pi[30] =  10000.000000
  pi[31] =  10000.000000
  pi[32] = -311045.657895
  pi[33] =  10000.000000
  pi[34] =  10000.000000
  pi[35] =  10000.000000
  pi[36] = -378063.784211
  pi[37] =  10000.000000
  pi[38] =  10000.000000
  pi[39] =  10000.000000
  pi[40] =  10000.000000
  pi[41] =  10000.000000
  pi[42] =  10000.000000
  pi[43] =  10000.000000
  pi[44] =  10000.000000
  pi[45] =  10000.000000
  pi[46] =  10000.000000
  pi[47] = -445043.310526
  pi[48] = -300934.757895
  pi[49] = -377918.484211
  pi[50] =  10000.000000

SIGMA (veículos):
  sigma[0] =  1043958.652632
  sigma[1] =  883398.973684
  sigma[2] =  608893.842105
  sigma[3] =  619209.542105
  sigma[4] =  1043958.652632

MU (arcos):
  sem duais de arco
=================================================

TESTA ALLBEST

[ALLBEST GEROU CANDIDATA]
k=0
rc=-755793.868421
custo=246.300000
seq=[0, 20, 43, 35, 44, 45, 16, 34, 21, 50, 49, 51]
Tempo total nessa geracao : 0.1s
Tempo total no NO: 1.7s
TAMANHO NOVAS COL 1

--- Nova Coluna ---
Veículo: 0
Sequência: [0, 20, 43, 35, 44, 45, 16, 34, 21, 50, 49, 51]
Custo: 246.30
Custo Reduzido: -755793.868421
Clientes atendidos: [16, 20, 21, 34, 35, 43, 44, 45, 49, 50]

[Nó 0] Iter 12 - Obj = 1000387.3000  Colunas = 66 inst= instancias/c108.txt
[Nó 0] inst= instancias/c108.txt Colunas ativas na iteração 12: 
   veic=0 | col=0 | lambda=1.000000 | custo=62.1000 | rota=[0, 43, 42, 41, 40, 44, 46, 48, 45, 50, 49, 47, 51]
   veic=1 | col=0 | lambda=1.000000 | custo=69.8000 | rota=[0, 20, 5, 3, 7, 8, 11, 9, 6, 4, 2, 1, 51]
   veic=2 | col=0 | lambda=1.000000 | custo=54.1000 | rota=[0, 24, 25, 27, 30, 29, 28, 26, 23, 22, 21, 51]
   veic=3 | col=0 | lambda=1.000000 | custo=100.1000 | rota=[0, 33, 32, 31, 35, 38, 37, 39, 36, 34, 51]
   veic=4 | col=0 | lambda=1.000000 | custo=1000101.2000 | rota=[0, 13, 18, 17, 15, 19, 16, 14, 12, 10, 51]
MESMA FO-  Sem melhora 12 Recom 1000387.2999999999 Ultmf 1000387.2999999999  VALOR SUB 0.0
   valor recomposto = 1000387.300000

   valor recomposto = 1000387.300000

--- COBERTURA POR CLIENTE ---
cliente 01 | lambda=1.000000 | slack=0.000000 | y_low=0.000000 | y_up=0.000000 | total_real=1.000000
cliente 02 | lambda=1.000000 | slack=0.000000 | y_low=0.000000 | y_up=0.000000 | total_real=1.000000
cliente 03 | lambda=1.000000 | slack=0.000000 | y_low=0.000000 | y_up=0.000000 | total_real=1.000000
cliente 04 | lambda=1.000000 | slack=0.000000 | y_low=0.000000 | y_up=0.000000 | total_real=1.000000
cliente 05 | lambda=1.000000 | slack=0.000000 | y_low=0.000000 | y_up=0.000000 | total_real=1.000000
cliente 06 | lambda=1.000000 | slack=0.000000 | y_low=0.000000 | y_up=0.000000 | total_real=1.000000
cliente 07 | lambda=1.000000 | slack=0.000000 | y_low=0.000000 | y_up=0.000000 | total_real=1.000000
cliente 08 | lambda=1.000000 | slack=0.000000 | y_low=0.000000 | y_up=0.000000 | total_real=1.000000
cliente 09 | lambda=1.000000 | slack=0.000000 | y_low=0.000000 | y_up=0.000000 | total_real=1.000000
cliente 10 | lambda=1.000000 | slack=0.000000 | y_low=0.000000 | y_up=0.000000 | total_real=1.000000
cliente 11 | lambda=1.000000 | slack=0.000000 | y_low=0.000000 | y_up=0.000000 | total_real=1.000000
cliente 12 | lambda=1.000000 | slack=0.000000 | y_low=0.000000 | y_up=0.000000 | total_real=1.000000
cliente 13 | lambda=1.000000 | slack=0.000000 | y_low=0.000000 | y_up=0.000000 | total_real=1.000000
cliente 14 | lambda=1.000000 | slack=0.000000 | y_low=0.000000 | y_up=0.000000 | total_real=1.000000
cliente 15 | lambda=1.000000 | slack=0.000000 | y_low=0.000000 | y_up=0.000000 | total_real=1.000000
cliente 16 | lambda=1.000000 | slack=0.000000 | y_low=0.000000 | y_up=0.000000 | total_real=1.000000
cliente 17 | lambda=1.000000 | slack=0.000000 | y_low=0.000000 | y_up=0.000000 | total_real=1.000000
cliente 18 | lambda=1.000000 | slack=0.000000 | y_low=0.000000 | y_up=0.000000 | total_real=1.000000
cliente 19 | lambda=1.000000 | slack=0.000000 | y_low=0.000000 | y_up=0.000000 | total_real=1.000000
cliente 20 | lambda=1.000000 | slack=0.000000 | y_low=0.000000 | y_up=0.000000 | total_real=1.000000
cliente 21 | lambda=1.000000 | slack=0.000000 | y_low=0.000000 | y_up=0.000000 | total_real=1.000000
cliente 22 | lambda=1.000000 | slack=0.000000 | y_low=0.000000 | y_up=0.000000 | total_real=1.000000
cliente 23 | lambda=1.000000 | slack=0.000000 | y_low=0.000000 | y_up=0.000000 | total_real=1.000000
cliente 24 | lambda=1.000000 | slack=0.000000 | y_low=0.000000 | y_up=0.000000 | total_real=1.000000
cliente 25 | lambda=1.000000 | slack=0.000000 | y_low=0.000000 | y_up=0.000000 | total_real=1.000000
cliente 26 | lambda=1.000000 | slack=0.000000 | y_low=0.000000 | y_up=0.000000 | total_real=1.000000
cliente 27 | lambda=1.000000 | slack=0.000000 | y_low=0.000000 | y_up=0.000000 | total_real=1.000000
cliente 28 | lambda=1.000000 | slack=0.000000 | y_low=0.000000 | y_up=0.000000 | total_real=1.000000
cliente 29 | lambda=1.000000 | slack=0.000000 | y_low=0.000000 | y_up=0.000000 | total_real=1.000000
cliente 30 | lambda=1.000000 | slack=0.000000 | y_low=0.000000 | y_up=0.000000 | total_real=1.000000
cliente 31 | lambda=1.000000 | slack=0.000000 | y_low=0.000000 | y_up=0.000000 | total_real=1.000000
cliente 32 | lambda=1.000000 | slack=0.000000 | y_low=0.000000 | y_up=0.000000 | total_real=1.000000
cliente 33 | lambda=1.000000 | slack=0.000000 | y_low=0.000000 | y_up=0.000000 | total_real=1.000000
cliente 34 | lambda=1.000000 | slack=0.000000 | y_low=0.000000 | y_up=0.000000 | total_real=1.000000
cliente 35 | lambda=1.000000 | slack=0.000000 | y_low=0.000000 | y_up=0.000000 | total_real=1.000000
cliente 36 | lambda=1.000000 | slack=0.000000 | y_low=0.000000 | y_up=0.000000 | total_real=1.000000
cliente 37 | lambda=1.000000 | slack=0.000000 | y_low=0.000000 | y_up=0.000000 | total_real=1.000000
cliente 38 | lambda=1.000000 | slack=0.000000 | y_low=0.000000 | y_up=0.000000 | total_real=1.000000
cliente 39 | lambda=1.000000 | slack=0.000000 | y_low=0.000000 | y_up=0.000000 | total_real=1.000000
cliente 40 | lambda=1.000000 | slack=0.000000 | y_low=0.000000 | y_up=0.000000 | total_real=1.000000
cliente 41 | lambda=1.000000 | slack=0.000000 | y_low=0.000000 | y_up=0.000000 | total_real=1.000000
cliente 42 | lambda=1.000000 | slack=0.000000 | y_low=0.000000 | y_up=0.000000 | total_real=1.000000
cliente 43 | lambda=1.000000 | slack=0.000000 | y_low=0.000000 | y_up=0.000000 | total_real=1.000000
cliente 44 | lambda=1.000000 | slack=0.000000 | y_low=0.000000 | y_up=0.000000 | total_real=1.000000
cliente 45 | lambda=1.000000 | slack=0.000000 | y_low=0.000000 | y_up=0.000000 | total_real=1.000000
cliente 46 | lambda=1.000000 | slack=0.000000 | y_low=0.000000 | y_up=0.000000 | total_real=1.000000
cliente 47 | lambda=1.000000 | slack=0.000000 | y_low=0.000000 | y_up=0.000000 | total_real=1.000000
cliente 48 | lambda=1.000000 | slack=0.000000 | y_low=0.000000 | y_up=0.000000 | total_real=1.000000
cliente 49 | lambda=1.000000 | slack=0.000000 | y_low=0.000000 | y_up=0.000000 | total_real=1.000000
cliente 50 | lambda=1.000000 | slack=0.000000 | y_low=0.000000 | y_up=0.000000 | total_real=1.000000


================ DUAIS DO MESTRE ================

PI (clientes):
  pi[1] = -488780.100000
  pi[2] =  10000.000000
  pi[3] =  10000.000000
  pi[4] =  10000.000000
  pi[5] =  10000.000000
  pi[6] = -189563.300000
  pi[7] =  10000.000000
  pi[8] = -324226.700000
  pi[9] = -399024.800000
  pi[10] =  10000.000000
  pi[11] =  10000.000000
  pi[12] =  10000.000000
  pi[13] =  10000.000000
  pi[14] =  10000.000000
  pi[15] =  10000.000000
  pi[16] =  10000.000000
  pi[17] =  10000.000000
  pi[18] =  10000.000000
  pi[19] =  10000.000000
  pi[20] = -24864.100000
  pi[21] =  10000.000000
  pi[22] = -803162.000000
  pi[23] =  10000.000000
  pi[24] =  10000.000000
  pi[25] = -967876.500000
  pi[26] =  10000.000000
  pi[27] =  10000.000000
  pi[28] =  10000.000000
  pi[29] =  10000.000000
  pi[30] =  10000.000000
  pi[31] =  10000.000000
  pi[32] = -269338.700000
  pi[33] =  10000.000000
  pi[34] = -588578.800000
  pi[35] =  10000.000000
  pi[36] =  10000.000000
  pi[37] =  10000.000000
  pi[38] =  10000.000000
  pi[39] =  10000.000000
  pi[40] =  10000.000000
  pi[41] =  10000.000000
  pi[42] =  10000.000000
  pi[43] =  10000.000000
  pi[44] =  10000.000000
  pi[45] = -89778.900000
  pi[46] =  10000.000000
  pi[47] = -269478.900000
  pi[48] = -354148.200000
  pi[49] = -663492.600000
  pi[50] = -668496.400000

SIGMA (veículos):
  sigma[0] =  1985457.100000
  sigma[1] =  1366528.800000
  sigma[2] =  1691092.600000
  sigma[3] =  788017.600000
  sigma[4] =  910101.200000

MU (arcos):
  sem duais de arco
=================================================

TESTA ALLBEST

[ALLBEST GEROU CANDIDATA]
k=0
rc=-2085263.000000
custo=194.100000
seq=[0, 3, 42, 31, 27, 28, 26, 14, 4, 2, 21, 51]
Tempo total nessa geracao : 0.1s
Tempo total no NO: 1.7s
TAMANHO NOVAS COL 1

--- Nova Coluna ---
Veículo: 0
Sequência: [0, 3, 42, 31, 27, 28, 26, 14, 4, 2, 21, 51]
Custo: 194.10
Custo Reduzido: -2085263.000000
Clientes atendidos: [2, 3, 4, 14, 21, 26, 27, 28, 31, 42]

[Nó 0] Iter 13 - Obj = 1000387.3000  Colunas = 71 inst= instancias/c108.txt
[Nó 0] inst= instancias/c108.txt Colunas ativas na iteração 13: 
   veic=0 | col=0 | lambda=1.000000 | custo=62.1000 | rota=[0, 43, 42, 41, 40, 44, 46, 48, 45, 50, 49, 47, 51]
   veic=1 | col=0 | lambda=1.000000 | custo=69.8000 | rota=[0, 20, 5, 3, 7, 8, 11, 9, 6, 4, 2, 1, 51]
   veic=2 | col=0 | lambda=1.000000 | custo=54.1000 | rota=[0, 24, 25, 27, 30, 29, 28, 26, 23, 22, 21, 51]
   veic=3 | col=0 | lambda=1.000000 | custo=100.1000 | rota=[0, 33, 32, 31, 35, 38, 37, 39, 36, 34, 51]
   veic=4 | col=0 | lambda=1.000000 | custo=1000101.2000 | rota=[0, 13, 18, 17, 15, 19, 16, 14, 12, 10, 51]
MESMA FO-  Sem melhora 13 Recom 1000387.2999999999 Ultmf 1000387.2999999999  VALOR SUB 0.0
   valor recomposto = 1000387.300000

   valor recomposto = 1000387.300000

--- COBERTURA POR CLIENTE ---
cliente 01 | lambda=1.000000 | slack=0.000000 | y_low=0.000000 | y_up=0.000000 | total_real=1.000000
cliente 02 | lambda=1.000000 | slack=0.000000 | y_low=0.000000 | y_up=0.000000 | total_real=1.000000
cliente 03 | lambda=1.000000 | slack=0.000000 | y_low=0.000000 | y_up=0.000000 | total_real=1.000000
cliente 04 | lambda=1.000000 | slack=0.000000 | y_low=0.000000 | y_up=0.000000 | total_real=1.000000
cliente 05 | lambda=1.000000 | slack=0.000000 | y_low=0.000000 | y_up=0.000000 | total_real=1.000000
cliente 06 | lambda=1.000000 | slack=0.000000 | y_low=0.000000 | y_up=0.000000 | total_real=1.000000
cliente 07 | lambda=1.000000 | slack=0.000000 | y_low=0.000000 | y_up=0.000000 | total_real=1.000000
cliente 08 | lambda=1.000000 | slack=0.000000 | y_low=0.000000 | y_up=0.000000 | total_real=1.000000
cliente 09 | lambda=1.000000 | slack=0.000000 | y_low=0.000000 | y_up=0.000000 | total_real=1.000000
cliente 10 | lambda=1.000000 | slack=0.000000 | y_low=0.000000 | y_up=0.000000 | total_real=1.000000
cliente 11 | lambda=1.000000 | slack=0.000000 | y_low=0.000000 | y_up=0.000000 | total_real=1.000000
cliente 12 | lambda=1.000000 | slack=0.000000 | y_low=0.000000 | y_up=0.000000 | total_real=1.000000
cliente 13 | lambda=1.000000 | slack=0.000000 | y_low=0.000000 | y_up=0.000000 | total_real=1.000000
cliente 14 | lambda=1.000000 | slack=0.000000 | y_low=0.000000 | y_up=0.000000 | total_real=1.000000
cliente 15 | lambda=1.000000 | slack=0.000000 | y_low=0.000000 | y_up=0.000000 | total_real=1.000000
cliente 16 | lambda=1.000000 | slack=0.000000 | y_low=0.000000 | y_up=0.000000 | total_real=1.000000
cliente 17 | lambda=1.000000 | slack=0.000000 | y_low=0.000000 | y_up=0.000000 | total_real=1.000000
cliente 18 | lambda=1.000000 | slack=0.000000 | y_low=0.000000 | y_up=0.000000 | total_real=1.000000
cliente 19 | lambda=1.000000 | slack=0.000000 | y_low=0.000000 | y_up=0.000000 | total_real=1.000000
cliente 20 | lambda=1.000000 | slack=0.000000 | y_low=0.000000 | y_up=0.000000 | total_real=1.000000
cliente 21 | lambda=1.000000 | slack=0.000000 | y_low=0.000000 | y_up=0.000000 | total_real=1.000000
cliente 22 | lambda=1.000000 | slack=0.000000 | y_low=0.000000 | y_up=0.000000 | total_real=1.000000
cliente 23 | lambda=1.000000 | slack=0.000000 | y_low=0.000000 | y_up=0.000000 | total_real=1.000000
cliente 24 | lambda=1.000000 | slack=0.000000 | y_low=0.000000 | y_up=0.000000 | total_real=1.000000
cliente 25 | lambda=1.000000 | slack=0.000000 | y_low=0.000000 | y_up=0.000000 | total_real=1.000000
cliente 26 | lambda=1.000000 | slack=0.000000 | y_low=0.000000 | y_up=0.000000 | total_real=1.000000
cliente 27 | lambda=1.000000 | slack=0.000000 | y_low=0.000000 | y_up=0.000000 | total_real=1.000000
cliente 28 | lambda=1.000000 | slack=0.000000 | y_low=0.000000 | y_up=0.000000 | total_real=1.000000
cliente 29 | lambda=1.000000 | slack=0.000000 | y_low=0.000000 | y_up=0.000000 | total_real=1.000000
cliente 30 | lambda=1.000000 | slack=0.000000 | y_low=0.000000 | y_up=0.000000 | total_real=1.000000
cliente 31 | lambda=1.000000 | slack=0.000000 | y_low=0.000000 | y_up=0.000000 | total_real=1.000000
cliente 32 | lambda=1.000000 | slack=0.000000 | y_low=0.000000 | y_up=0.000000 | total_real=1.000000
cliente 33 | lambda=1.000000 | slack=0.000000 | y_low=0.000000 | y_up=0.000000 | total_real=1.000000
cliente 34 | lambda=1.000000 | slack=0.000000 | y_low=0.000000 | y_up=0.000000 | total_real=1.000000
cliente 35 | lambda=1.000000 | slack=0.000000 | y_low=0.000000 | y_up=0.000000 | total_real=1.000000
cliente 36 | lambda=1.000000 | slack=0.000000 | y_low=0.000000 | y_up=0.000000 | total_real=1.000000
cliente 37 | lambda=1.000000 | slack=0.000000 | y_low=0.000000 | y_up=0.000000 | total_real=1.000000
cliente 38 | lambda=1.000000 | slack=0.000000 | y_low=0.000000 | y_up=0.000000 | total_real=1.000000
cliente 39 | lambda=1.000000 | slack=0.000000 | y_low=0.000000 | y_up=0.000000 | total_real=1.000000
cliente 40 | lambda=1.000000 | slack=0.000000 | y_low=0.000000 | y_up=0.000000 | total_real=1.000000
cliente 41 | lambda=1.000000 | slack=0.000000 | y_low=0.000000 | y_up=0.000000 | total_real=1.000000
cliente 42 | lambda=1.000000 | slack=0.000000 | y_low=0.000000 | y_up=0.000000 | total_real=1.000000
cliente 43 | lambda=1.000000 | slack=0.000000 | y_low=0.000000 | y_up=0.000000 | total_real=1.000000
cliente 44 | lambda=1.000000 | slack=0.000000 | y_low=0.000000 | y_up=0.000000 | total_real=1.000000
cliente 45 | lambda=1.000000 | slack=0.000000 | y_low=0.000000 | y_up=0.000000 | total_real=1.000000
cliente 46 | lambda=1.000000 | slack=0.000000 | y_low=0.000000 | y_up=0.000000 | total_real=1.000000
cliente 47 | lambda=1.000000 | slack=0.000000 | y_low=0.000000 | y_up=0.000000 | total_real=1.000000
cliente 48 | lambda=1.000000 | slack=0.000000 | y_low=0.000000 | y_up=0.000000 | total_real=1.000000
cliente 49 | lambda=1.000000 | slack=0.000000 | y_low=0.000000 | y_up=0.000000 | total_real=1.000000
cliente 50 | lambda=1.000000 | slack=0.000000 | y_low=0.000000 | y_up=0.000000 | total_real=1.000000


================ DUAIS DO MESTRE ================

PI (clientes):
  pi[1] = -257016.114286
  pi[2] = -237705.428571
  pi[3] =  10000.000000
  pi[4] = -168357.842857
  pi[5] =  10000.000000
  pi[6] = -89041.871429
  pi[7] =  10000.000000
  pi[8] = -39429.585714
  pi[9] =  10000.000000
  pi[10] =  10000.000000
  pi[11] =  10000.000000
  pi[12] =  10000.000000
  pi[13] =  10000.000000
  pi[14] =  10000.000000
  pi[15] =  10000.000000
  pi[16] =  10000.000000
  pi[17] =  10000.000000
  pi[18] =  10000.000000
  pi[19] =  10000.000000
  pi[20] =  10000.000000
  pi[21] =  10000.000000
  pi[22] = -128613.557143
  pi[23] =  10000.000000
  pi[24] =  10000.000000
  pi[25] =  10000.000000
  pi[26] = -435724.771429
  pi[27] = -415708.771429
  pi[28] =  10000.000000
  pi[29] =  10000.000000
  pi[30] =  10000.000000
  pi[31] =  10000.000000
  pi[32] = -39421.685714
  pi[33] =  10000.000000
  pi[34] = -267070.614286
  pi[35] =  10000.000000
  pi[36] = -227670.728571
  pi[37] =  10000.000000
  pi[38] =  10000.000000
  pi[39] =  10000.000000
  pi[40] =  10000.000000
  pi[41] =  10000.000000
  pi[42] =  10000.000000
  pi[43] =  10000.000000
  pi[44] =  10000.000000
  pi[45] =  10000.000000
  pi[46] =  10000.000000
  pi[47] = -39561.885714
  pi[48] = -227692.928571
  pi[49] = -376105.985714
  pi[50] = -366261.685714

SIGMA (veículos):
  sigma[0] =  939684.585714
  sigma[1] =  731620.642857
  sigma[2] =  910101.200000
  sigma[3] =  474263.128571
  sigma[4] =  910101.200000

MU (arcos):
  sem duais de arco
=================================================

TESTA ALLBEST

[ALLBEST GEROU CANDIDATA]
k=0
rc=-861295.542857
custo=213.600000
seq=[0, 5, 25, 20, 42, 44, 39, 14, 23, 22, 21, 47, 51]
Tempo total nessa geracao : 0.5s
Tempo total no NO: 2.5s
TAMANHO NOVAS COL 1

--- Nova Coluna ---
Veículo: 0
Sequência: [0, 5, 25, 20, 42, 44, 39, 14, 23, 22, 21, 47, 51]
Custo: 213.60
Custo Reduzido: -861295.542857
Clientes atendidos: [5, 14, 20, 21, 22, 23, 25, 39, 42, 44, 47]

[Nó 0] Iter 14 - Obj = 1000387.3000  Colunas = 76 inst= instancias/c108.txt
[Nó 0] inst= instancias/c108.txt Colunas ativas na iteração 14: 
   veic=0 | col=0 | lambda=1.000000 | custo=62.1000 | rota=[0, 43, 42, 41, 40, 44, 46, 48, 45, 50, 49, 47, 51]
   veic=1 | col=0 | lambda=1.000000 | custo=69.8000 | rota=[0, 20, 5, 3, 7, 8, 11, 9, 6, 4, 2, 1, 51]
   veic=2 | col=0 | lambda=1.000000 | custo=54.1000 | rota=[0, 24, 25, 27, 30, 29, 28, 26, 23, 22, 21, 51]
   veic=3 | col=0 | lambda=1.000000 | custo=100.1000 | rota=[0, 33, 32, 31, 35, 38, 37, 39, 36, 34, 51]
   veic=4 | col=0 | lambda=1.000000 | custo=1000101.2000 | rota=[0, 13, 18, 17, 15, 19, 16, 14, 12, 10, 51]
MESMA FO-  Sem melhora 14 Recom 1000387.2999999999 Ultmf 1000387.2999999999  VALOR SUB 0.0
   valor recomposto = 1000387.300000

   valor recomposto = 1000387.300000

--- COBERTURA POR CLIENTE ---
cliente 01 | lambda=1.000000 | slack=0.000000 | y_low=0.000000 | y_up=0.000000 | total_real=1.000000
cliente 02 | lambda=1.000000 | slack=0.000000 | y_low=0.000000 | y_up=0.000000 | total_real=1.000000
cliente 03 | lambda=1.000000 | slack=0.000000 | y_low=0.000000 | y_up=0.000000 | total_real=1.000000
cliente 04 | lambda=1.000000 | slack=0.000000 | y_low=0.000000 | y_up=0.000000 | total_real=1.000000
cliente 05 | lambda=1.000000 | slack=0.000000 | y_low=0.000000 | y_up=0.000000 | total_real=1.000000
cliente 06 | lambda=1.000000 | slack=0.000000 | y_low=0.000000 | y_up=0.000000 | total_real=1.000000
cliente 07 | lambda=1.000000 | slack=0.000000 | y_low=0.000000 | y_up=0.000000 | total_real=1.000000
cliente 08 | lambda=1.000000 | slack=0.000000 | y_low=0.000000 | y_up=0.000000 | total_real=1.000000
cliente 09 | lambda=1.000000 | slack=0.000000 | y_low=0.000000 | y_up=0.000000 | total_real=1.000000
cliente 10 | lambda=1.000000 | slack=0.000000 | y_low=0.000000 | y_up=0.000000 | total_real=1.000000
cliente 11 | lambda=1.000000 | slack=0.000000 | y_low=0.000000 | y_up=0.000000 | total_real=1.000000
cliente 12 | lambda=1.000000 | slack=0.000000 | y_low=0.000000 | y_up=0.000000 | total_real=1.000000
cliente 13 | lambda=1.000000 | slack=0.000000 | y_low=0.000000 | y_up=0.000000 | total_real=1.000000
cliente 14 | lambda=1.000000 | slack=0.000000 | y_low=0.000000 | y_up=0.000000 | total_real=1.000000
cliente 15 | lambda=1.000000 | slack=0.000000 | y_low=0.000000 | y_up=0.000000 | total_real=1.000000
cliente 16 | lambda=1.000000 | slack=0.000000 | y_low=0.000000 | y_up=0.000000 | total_real=1.000000
cliente 17 | lambda=1.000000 | slack=0.000000 | y_low=0.000000 | y_up=0.000000 | total_real=1.000000
cliente 18 | lambda=1.000000 | slack=0.000000 | y_low=0.000000 | y_up=0.000000 | total_real=1.000000
cliente 19 | lambda=1.000000 | slack=0.000000 | y_low=0.000000 | y_up=0.000000 | total_real=1.000000
cliente 20 | lambda=1.000000 | slack=0.000000 | y_low=0.000000 | y_up=0.000000 | total_real=1.000000
cliente 21 | lambda=1.000000 | slack=0.000000 | y_low=0.000000 | y_up=0.000000 | total_real=1.000000
cliente 22 | lambda=1.000000 | slack=0.000000 | y_low=0.000000 | y_up=0.000000 | total_real=1.000000
cliente 23 | lambda=1.000000 | slack=0.000000 | y_low=0.000000 | y_up=0.000000 | total_real=1.000000
cliente 24 | lambda=1.000000 | slack=0.000000 | y_low=0.000000 | y_up=0.000000 | total_real=1.000000
cliente 25 | lambda=1.000000 | slack=0.000000 | y_low=0.000000 | y_up=0.000000 | total_real=1.000000
cliente 26 | lambda=1.000000 | slack=0.000000 | y_low=0.000000 | y_up=0.000000 | total_real=1.000000
cliente 27 | lambda=1.000000 | slack=0.000000 | y_low=0.000000 | y_up=0.000000 | total_real=1.000000
cliente 28 | lambda=1.000000 | slack=0.000000 | y_low=0.000000 | y_up=0.000000 | total_real=1.000000
cliente 29 | lambda=1.000000 | slack=0.000000 | y_low=0.000000 | y_up=0.000000 | total_real=1.000000
cliente 30 | lambda=1.000000 | slack=0.000000 | y_low=0.000000 | y_up=0.000000 | total_real=1.000000
cliente 31 | lambda=1.000000 | slack=0.000000 | y_low=0.000000 | y_up=0.000000 | total_real=1.000000
cliente 32 | lambda=1.000000 | slack=0.000000 | y_low=0.000000 | y_up=0.000000 | total_real=1.000000
cliente 33 | lambda=1.000000 | slack=0.000000 | y_low=0.000000 | y_up=0.000000 | total_real=1.000000
cliente 34 | lambda=1.000000 | slack=0.000000 | y_low=0.000000 | y_up=0.000000 | total_real=1.000000
cliente 35 | lambda=1.000000 | slack=0.000000 | y_low=0.000000 | y_up=0.000000 | total_real=1.000000
cliente 36 | lambda=1.000000 | slack=0.000000 | y_low=0.000000 | y_up=0.000000 | total_real=1.000000
cliente 37 | lambda=1.000000 | slack=0.000000 | y_low=0.000000 | y_up=0.000000 | total_real=1.000000
cliente 38 | lambda=1.000000 | slack=0.000000 | y_low=0.000000 | y_up=0.000000 | total_real=1.000000
cliente 39 | lambda=1.000000 | slack=0.000000 | y_low=0.000000 | y_up=0.000000 | total_real=1.000000
cliente 40 | lambda=1.000000 | slack=0.000000 | y_low=0.000000 | y_up=0.000000 | total_real=1.000000
cliente 41 | lambda=1.000000 | slack=0.000000 | y_low=0.000000 | y_up=0.000000 | total_real=1.000000
cliente 42 | lambda=1.000000 | slack=0.000000 | y_low=0.000000 | y_up=0.000000 | total_real=1.000000
cliente 43 | lambda=1.000000 | slack=0.000000 | y_low=0.000000 | y_up=0.000000 | total_real=1.000000
cliente 44 | lambda=1.000000 | slack=0.000000 | y_low=0.000000 | y_up=0.000000 | total_real=1.000000
cliente 45 | lambda=1.000000 | slack=0.000000 | y_low=0.000000 | y_up=0.000000 | total_real=1.000000
cliente 46 | lambda=1.000000 | slack=0.000000 | y_low=0.000000 | y_up=0.000000 | total_real=1.000000
cliente 47 | lambda=1.000000 | slack=0.000000 | y_low=0.000000 | y_up=0.000000 | total_real=1.000000
cliente 48 | lambda=1.000000 | slack=0.000000 | y_low=0.000000 | y_up=0.000000 | total_real=1.000000
cliente 49 | lambda=1.000000 | slack=0.000000 | y_low=0.000000 | y_up=0.000000 | total_real=1.000000
cliente 50 | lambda=1.000000 | slack=0.000000 | y_low=0.000000 | y_up=0.000000 | total_real=1.000000


================ DUAIS DO MESTRE ================

PI (clientes):
  pi[1] =  10000.000000
  pi[2] = -728391.713748
  pi[3] =  10000.000000
  pi[4] =  10000.000000
  pi[5] =  10000.000000
  pi[6] = -309815.349059
  pi[7] =  10000.000000
  pi[8] = -320891.001013
  pi[9] =  10000.000000
  pi[10] =  10000.000000
  pi[11] =  10000.000000
  pi[12] =  10000.000000
  pi[13] =  10000.000000
  pi[14] = -350150.155572
  pi[15] =  10000.000000
  pi[16] =  10000.000000
  pi[17] =  10000.000000
  pi[18] =  10000.000000
  pi[19] =  10000.000000
  pi[20] = -99827.267583
  pi[21] = -137333.371056
  pi[22] = -353093.004920
  pi[23] =  10000.000000
  pi[24] =  10000.000000
  pi[25] = -479482.724023
  pi[26] = -79016.061939
  pi[27] = -271272.093632
  pi[28] =  10000.000000
  pi[29] =  10000.000000
  pi[30] =  10000.000000
  pi[31] =  10000.000000
  pi[32] =  1216.198263
  pi[33] =  10000.000000
  pi[34] = -284647.695803
  pi[35] =  10000.000000
  pi[36] = -73613.662373
  pi[37] =  10000.000000
  pi[38] =  10000.000000
  pi[39] =  10000.000000
  pi[40] =  10000.000000
  pi[41] =  10000.000000
  pi[42] =  10000.000000
  pi[43] =  10000.000000
  pi[44] =  10000.000000
  pi[45] =  10000.000000
  pi[46] =  10000.000000
  pi[47] = -146257.372793
  pi[48] = -395735.161650
  pi[49] = -504629.277279
  pi[50] = -539673.584226

SIGMA (veículos):
  sigma[0] =  1516357.495948
  sigma[1] =  1388995.131404
  sigma[2] =  1270251.355572
  sigma[3] =  297145.259913
  sigma[4] =  1270251.355572

MU (arcos):
  sem duais de arco
=================================================

TESTA ALLBEST

[ALLBEST GEROU CANDIDATA]
k=0
rc=-1178702.229522
custo=157.100000
seq=[0, 20, 32, 33, 35, 37, 39, 36, 26, 4, 1, 47, 51]
Tempo total nessa geracao : 0.3s
Tempo total no NO: 2.9s
TAMANHO NOVAS COL 1

--- Nova Coluna ---
Veículo: 0
Sequência: [0, 20, 32, 33, 35, 37, 39, 36, 26, 4, 1, 47, 51]
Custo: 157.10
Custo Reduzido: -1178702.229522
Clientes atendidos: [1, 4, 20, 26, 32, 33, 35, 36, 37, 39, 47]

Nao adicionou no k 3
[Nó 0] Rodando MIP periódico após 5 colunas...
Set parameter TimeLimit to value 30
Gurobi Optimizer version 13.0.2 build v13.0.2rc1 (win64 - Windows 11+.0 (26200.2))

CPU model: AMD Ryzen 9 9950X3D 16-Core Processor, instruction set [SSE2|AVX|AVX2|AVX512]
Thread count: 16 physical cores, 32 logical processors, using up to 32 threads

Non-default parameters:
TimeLimit  30

Optimize a model with 55 rows, 80 columns and 929 nonzeros (Min)
Model fingerprint: 0xff403df0
Model has 80 linear objective coefficients
Variable types: 0 continuous, 80 integer (80 binary)
Coefficient statistics:
  Matrix range     [1e+00, 1e+00]
  Objective range  [5e+01, 1e+06]
  Bounds range     [1e+00, 1e+00]
  RHS range        [1e+00, 1e+00]

Presolve removed 55 rows and 80 columns
Presolve time: 0.10s
Presolve: All rows and columns removed

Explored 0 nodes (0 simplex iterations) in 0.10 seconds (0.00 work units)
Thread count was 1 (of 32 available processors)

Solution count 1: 1.00039e+06 

Optimal solution found (tolerance 1.00e-04)
Best objective 1.000387300000e+06, best bound 1.000387300000e+06, gap 0.0000%
[Nó 0] MIP periódico encontrou solução inteira válida. FO=1000387.300000
[Nó 0] Iter 15 - Obj = 1000387.3000  Colunas = 80 inst= instancias/c108.txt
[Nó 0] inst= instancias/c108.txt Colunas ativas na iteração 15: 
   veic=0 | col=0 | lambda=1.000000 | custo=62.1000 | rota=[0, 43, 42, 41, 40, 44, 46, 48, 45, 50, 49, 47, 51]
   veic=1 | col=0 | lambda=1.000000 | custo=69.8000 | rota=[0, 20, 5, 3, 7, 8, 11, 9, 6, 4, 2, 1, 51]
   veic=2 | col=0 | lambda=1.000000 | custo=54.1000 | rota=[0, 24, 25, 27, 30, 29, 28, 26, 23, 22, 21, 51]
   veic=3 | col=0 | lambda=1.000000 | custo=100.1000 | rota=[0, 33, 32, 31, 35, 38, 37, 39, 36, 34, 51]
   veic=4 | col=0 | lambda=1.000000 | custo=1000101.2000 | rota=[0, 13, 18, 17, 15, 19, 16, 14, 12, 10, 51]
MESMA FO-  Sem melhora 15 Recom 1000387.2999999999 Ultmf 1000387.2999999999  VALOR SUB 0.0
   valor recomposto = 1000387.300000

   valor recomposto = 1000387.300000

--- COBERTURA POR CLIENTE ---
cliente 01 | lambda=1.000000 | slack=0.000000 | y_low=0.000000 | y_up=0.000000 | total_real=1.000000
cliente 02 | lambda=1.000000 | slack=0.000000 | y_low=0.000000 | y_up=0.000000 | total_real=1.000000
cliente 03 | lambda=1.000000 | slack=0.000000 | y_low=0.000000 | y_up=0.000000 | total_real=1.000000
cliente 04 | lambda=1.000000 | slack=0.000000 | y_low=0.000000 | y_up=0.000000 | total_real=1.000000
cliente 05 | lambda=1.000000 | slack=0.000000 | y_low=0.000000 | y_up=0.000000 | total_real=1.000000
cliente 06 | lambda=1.000000 | slack=0.000000 | y_low=0.000000 | y_up=0.000000 | total_real=1.000000
cliente 07 | lambda=1.000000 | slack=0.000000 | y_low=0.000000 | y_up=0.000000 | total_real=1.000000
cliente 08 | lambda=1.000000 | slack=0.000000 | y_low=0.000000 | y_up=0.000000 | total_real=1.000000
cliente 09 | lambda=1.000000 | slack=0.000000 | y_low=0.000000 | y_up=0.000000 | total_real=1.000000
cliente 10 | lambda=1.000000 | slack=0.000000 | y_low=0.000000 | y_up=0.000000 | total_real=1.000000
cliente 11 | lambda=1.000000 | slack=0.000000 | y_low=0.000000 | y_up=0.000000 | total_real=1.000000
cliente 12 | lambda=1.000000 | slack=0.000000 | y_low=0.000000 | y_up=0.000000 | total_real=1.000000
cliente 13 | lambda=1.000000 | slack=0.000000 | y_low=0.000000 | y_up=0.000000 | total_real=1.000000
cliente 14 | lambda=1.000000 | slack=0.000000 | y_low=0.000000 | y_up=0.000000 | total_real=1.000000
cliente 15 | lambda=1.000000 | slack=0.000000 | y_low=0.000000 | y_up=0.000000 | total_real=1.000000
cliente 16 | lambda=1.000000 | slack=0.000000 | y_low=0.000000 | y_up=0.000000 | total_real=1.000000
cliente 17 | lambda=1.000000 | slack=0.000000 | y_low=0.000000 | y_up=0.000000 | total_real=1.000000
cliente 18 | lambda=1.000000 | slack=0.000000 | y_low=0.000000 | y_up=0.000000 | total_real=1.000000
cliente 19 | lambda=1.000000 | slack=0.000000 | y_low=0.000000 | y_up=0.000000 | total_real=1.000000
cliente 20 | lambda=1.000000 | slack=0.000000 | y_low=0.000000 | y_up=0.000000 | total_real=1.000000
cliente 21 | lambda=1.000000 | slack=0.000000 | y_low=0.000000 | y_up=0.000000 | total_real=1.000000
cliente 22 | lambda=1.000000 | slack=0.000000 | y_low=0.000000 | y_up=0.000000 | total_real=1.000000
cliente 23 | lambda=1.000000 | slack=0.000000 | y_low=0.000000 | y_up=0.000000 | total_real=1.000000
cliente 24 | lambda=1.000000 | slack=0.000000 | y_low=0.000000 | y_up=0.000000 | total_real=1.000000
cliente 25 | lambda=1.000000 | slack=0.000000 | y_low=0.000000 | y_up=0.000000 | total_real=1.000000
cliente 26 | lambda=1.000000 | slack=0.000000 | y_low=0.000000 | y_up=0.000000 | total_real=1.000000
cliente 27 | lambda=1.000000 | slack=0.000000 | y_low=0.000000 | y_up=0.000000 | total_real=1.000000
cliente 28 | lambda=1.000000 | slack=0.000000 | y_low=0.000000 | y_up=0.000000 | total_real=1.000000
cliente 29 | lambda=1.000000 | slack=0.000000 | y_low=0.000000 | y_up=0.000000 | total_real=1.000000
cliente 30 | lambda=1.000000 | slack=0.000000 | y_low=0.000000 | y_up=0.000000 | total_real=1.000000
cliente 31 | lambda=1.000000 | slack=0.000000 | y_low=0.000000 | y_up=0.000000 | total_real=1.000000
cliente 32 | lambda=1.000000 | slack=0.000000 | y_low=0.000000 | y_up=0.000000 | total_real=1.000000
cliente 33 | lambda=1.000000 | slack=0.000000 | y_low=0.000000 | y_up=0.000000 | total_real=1.000000
cliente 34 | lambda=1.000000 | slack=0.000000 | y_low=0.000000 | y_up=0.000000 | total_real=1.000000
cliente 35 | lambda=1.000000 | slack=0.000000 | y_low=0.000000 | y_up=0.000000 | total_real=1.000000
cliente 36 | lambda=1.000000 | slack=0.000000 | y_low=0.000000 | y_up=0.000000 | total_real=1.000000
cliente 37 | lambda=1.000000 | slack=0.000000 | y_low=0.000000 | y_up=0.000000 | total_real=1.000000
cliente 38 | lambda=1.000000 | slack=0.000000 | y_low=0.000000 | y_up=0.000000 | total_real=1.000000
cliente 39 | lambda=1.000000 | slack=0.000000 | y_low=0.000000 | y_up=0.000000 | total_real=1.000000
cliente 40 | lambda=1.000000 | slack=0.000000 | y_low=0.000000 | y_up=0.000000 | total_real=1.000000
cliente 41 | lambda=1.000000 | slack=0.000000 | y_low=0.000000 | y_up=0.000000 | total_real=1.000000
cliente 42 | lambda=1.000000 | slack=0.000000 | y_low=0.000000 | y_up=0.000000 | total_real=1.000000
cliente 43 | lambda=1.000000 | slack=0.000000 | y_low=0.000000 | y_up=0.000000 | total_real=1.000000
cliente 44 | lambda=1.000000 | slack=0.000000 | y_low=0.000000 | y_up=0.000000 | total_real=1.000000
cliente 45 | lambda=1.000000 | slack=0.000000 | y_low=0.000000 | y_up=0.000000 | total_real=1.000000
cliente 46 | lambda=1.000000 | slack=0.000000 | y_low=0.000000 | y_up=0.000000 | total_real=1.000000
cliente 47 | lambda=1.000000 | slack=0.000000 | y_low=0.000000 | y_up=0.000000 | total_real=1.000000
cliente 48 | lambda=1.000000 | slack=0.000000 | y_low=0.000000 | y_up=0.000000 | total_real=1.000000
cliente 49 | lambda=1.000000 | slack=0.000000 | y_low=0.000000 | y_up=0.000000 | total_real=1.000000
cliente 50 | lambda=1.000000 | slack=0.000000 | y_low=0.000000 | y_up=0.000000 | total_real=1.000000


================ DUAIS DO MESTRE ================

PI (clientes):
  pi[1] =  10000.000000
  pi[2] = -467907.372727
  pi[3] =  10000.000000
  pi[4] =  10000.000000
  pi[5] =  10000.000000
  pi[6] = -294703.118182
  pi[7] =  10000.000000
  pi[8] = -77413.072727
  pi[9] =  10000.000000
  pi[10] =  10000.000000
  pi[11] =  10000.000000
  pi[12] =  10000.000000
  pi[13] =  10000.000000
  pi[14] = -14752.700000
  pi[15] =  10000.000000
  pi[16] =  10000.000000
  pi[17] =  10000.000000
  pi[18] =  10000.000000
  pi[19] =  10000.000000
  pi[20] = -39310.827273
  pi[21] = -256784.609091
  pi[22] = -320628.063636
  pi[23] = -122703.045455
  pi[24] =  10000.000000
  pi[25] =  9841.863636
  pi[26] = -245374.154545
  pi[27] = -39151.790909
  pi[28] =  10000.000000
  pi[29] =  10000.000000
  pi[30] =  10000.000000
  pi[31] =  10000.000000
  pi[32] = -2688.936364
  pi[33] =  10000.000000
  pi[34] =  10000.000000
  pi[35] = -334314.818182
  pi[36] = -575877.518182
  pi[37] =  10000.000000
  pi[38] =  10000.000000
  pi[39] =  10000.000000
  pi[40] =  10000.000000
  pi[41] =  10000.000000
  pi[42] =  10000.000000
  pi[43] =  10000.000000
  pi[44] = -259635.245455
  pi[45] =  10000.000000
  pi[46] =  10000.000000
  pi[47] =  21.500000
  pi[48] = -650615.954545
  pi[49] = -122682.745455
  pi[50] = -1190.181818

SIGMA (veículos):
  sigma[0] =  974164.727273
  sigma[1] =  809404.190909
  sigma[2] =  934853.900000
  sigma[3] =  852981.372727
  sigma[4] =  934853.900000

MU (arcos):
  sem duais de arco
=================================================

TESTA ALLBEST

[ALLBEST GEROU CANDIDATA]
k=0
rc=-625613.354545
custo=174.000000
seq=[0, 5, 3, 7, 27, 30, 26, 45, 50, 49, 1, 47, 51]
Tempo total nessa geracao : 0.5s
Tempo total no NO: 3.7s
TAMANHO NOVAS COL 1

--- Nova Coluna ---
Veículo: 0
Sequência: [0, 5, 3, 7, 27, 30, 26, 45, 50, 49, 1, 47, 51]
Custo: 174.00
Custo Reduzido: -625613.354545
Clientes atendidos: [1, 3, 5, 7, 26, 27, 30, 45, 47, 49, 50]

[Nó 0] Iter 16 - Obj = 1000387.3000  Colunas = 85 inst= instancias/c108.txt
[Nó 0] inst= instancias/c108.txt Colunas ativas na iteração 16: 
   veic=0 | col=0 | lambda=1.000000 | custo=62.1000 | rota=[0, 43, 42, 41, 40, 44, 46, 48, 45, 50, 49, 47, 51]
   veic=1 | col=0 | lambda=1.000000 | custo=69.8000 | rota=[0, 20, 5, 3, 7, 8, 11, 9, 6, 4, 2, 1, 51]
   veic=2 | col=0 | lambda=1.000000 | custo=54.1000 | rota=[0, 24, 25, 27, 30, 29, 28, 26, 23, 22, 21, 51]
   veic=3 | col=0 | lambda=1.000000 | custo=100.1000 | rota=[0, 33, 32, 31, 35, 38, 37, 39, 36, 34, 51]
   veic=4 | col=0 | lambda=1.000000 | custo=1000101.2000 | rota=[0, 13, 18, 17, 15, 19, 16, 14, 12, 10, 51]
MESMA FO-  Sem melhora 16 Recom 1000387.2999999999 Ultmf 1000387.2999999999  VALOR SUB 0.0
   valor recomposto = 1000387.300000

   valor recomposto = 1000387.300000

--- COBERTURA POR CLIENTE ---
cliente 01 | lambda=1.000000 | slack=0.000000 | y_low=0.000000 | y_up=0.000000 | total_real=1.000000
cliente 02 | lambda=1.000000 | slack=0.000000 | y_low=0.000000 | y_up=0.000000 | total_real=1.000000
cliente 03 | lambda=1.000000 | slack=0.000000 | y_low=0.000000 | y_up=0.000000 | total_real=1.000000
cliente 04 | lambda=1.000000 | slack=0.000000 | y_low=0.000000 | y_up=0.000000 | total_real=1.000000
cliente 05 | lambda=1.000000 | slack=0.000000 | y_low=0.000000 | y_up=0.000000 | total_real=1.000000
cliente 06 | lambda=1.000000 | slack=0.000000 | y_low=0.000000 | y_up=0.000000 | total_real=1.000000
cliente 07 | lambda=1.000000 | slack=0.000000 | y_low=0.000000 | y_up=0.000000 | total_real=1.000000
cliente 08 | lambda=1.000000 | slack=0.000000 | y_low=0.000000 | y_up=0.000000 | total_real=1.000000
cliente 09 | lambda=1.000000 | slack=0.000000 | y_low=0.000000 | y_up=0.000000 | total_real=1.000000
cliente 10 | lambda=1.000000 | slack=0.000000 | y_low=0.000000 | y_up=0.000000 | total_real=1.000000
cliente 11 | lambda=1.000000 | slack=0.000000 | y_low=0.000000 | y_up=0.000000 | total_real=1.000000
cliente 12 | lambda=1.000000 | slack=0.000000 | y_low=0.000000 | y_up=0.000000 | total_real=1.000000
cliente 13 | lambda=1.000000 | slack=0.000000 | y_low=0.000000 | y_up=0.000000 | total_real=1.000000
cliente 14 | lambda=1.000000 | slack=0.000000 | y_low=0.000000 | y_up=0.000000 | total_real=1.000000
cliente 15 | lambda=1.000000 | slack=0.000000 | y_low=0.000000 | y_up=0.000000 | total_real=1.000000
cliente 16 | lambda=1.000000 | slack=0.000000 | y_low=0.000000 | y_up=0.000000 | total_real=1.000000
cliente 17 | lambda=1.000000 | slack=0.000000 | y_low=0.000000 | y_up=0.000000 | total_real=1.000000
cliente 18 | lambda=1.000000 | slack=0.000000 | y_low=0.000000 | y_up=0.000000 | total_real=1.000000
cliente 19 | lambda=1.000000 | slack=0.000000 | y_low=0.000000 | y_up=0.000000 | total_real=1.000000
cliente 20 | lambda=1.000000 | slack=0.000000 | y_low=0.000000 | y_up=0.000000 | total_real=1.000000
cliente 21 | lambda=1.000000 | slack=0.000000 | y_low=0.000000 | y_up=0.000000 | total_real=1.000000
cliente 22 | lambda=1.000000 | slack=0.000000 | y_low=0.000000 | y_up=0.000000 | total_real=1.000000
cliente 23 | lambda=1.000000 | slack=0.000000 | y_low=0.000000 | y_up=0.000000 | total_real=1.000000
cliente 24 | lambda=1.000000 | slack=0.000000 | y_low=0.000000 | y_up=0.000000 | total_real=1.000000
cliente 25 | lambda=1.000000 | slack=0.000000 | y_low=0.000000 | y_up=0.000000 | total_real=1.000000
cliente 26 | lambda=1.000000 | slack=0.000000 | y_low=0.000000 | y_up=0.000000 | total_real=1.000000
cliente 27 | lambda=1.000000 | slack=0.000000 | y_low=0.000000 | y_up=0.000000 | total_real=1.000000
cliente 28 | lambda=1.000000 | slack=0.000000 | y_low=0.000000 | y_up=0.000000 | total_real=1.000000
cliente 29 | lambda=1.000000 | slack=0.000000 | y_low=0.000000 | y_up=0.000000 | total_real=1.000000
cliente 30 | lambda=1.000000 | slack=0.000000 | y_low=0.000000 | y_up=0.000000 | total_real=1.000000
cliente 31 | lambda=1.000000 | slack=0.000000 | y_low=0.000000 | y_up=0.000000 | total_real=1.000000
cliente 32 | lambda=1.000000 | slack=0.000000 | y_low=0.000000 | y_up=0.000000 | total_real=1.000000
cliente 33 | lambda=1.000000 | slack=0.000000 | y_low=0.000000 | y_up=0.000000 | total_real=1.000000
cliente 34 | lambda=1.000000 | slack=0.000000 | y_low=0.000000 | y_up=0.000000 | total_real=1.000000
cliente 35 | lambda=1.000000 | slack=0.000000 | y_low=0.000000 | y_up=0.000000 | total_real=1.000000
cliente 36 | lambda=1.000000 | slack=0.000000 | y_low=0.000000 | y_up=0.000000 | total_real=1.000000
cliente 37 | lambda=1.000000 | slack=0.000000 | y_low=0.000000 | y_up=0.000000 | total_real=1.000000
cliente 38 | lambda=1.000000 | slack=0.000000 | y_low=0.000000 | y_up=0.000000 | total_real=1.000000
cliente 39 | lambda=1.000000 | slack=0.000000 | y_low=0.000000 | y_up=0.000000 | total_real=1.000000
cliente 40 | lambda=1.000000 | slack=0.000000 | y_low=0.000000 | y_up=0.000000 | total_real=1.000000
cliente 41 | lambda=1.000000 | slack=0.000000 | y_low=0.000000 | y_up=0.000000 | total_real=1.000000
cliente 42 | lambda=1.000000 | slack=0.000000 | y_low=0.000000 | y_up=0.000000 | total_real=1.000000
cliente 43 | lambda=1.000000 | slack=0.000000 | y_low=0.000000 | y_up=0.000000 | total_real=1.000000
cliente 44 | lambda=1.000000 | slack=0.000000 | y_low=0.000000 | y_up=0.000000 | total_real=1.000000
cliente 45 | lambda=1.000000 | slack=0.000000 | y_low=0.000000 | y_up=0.000000 | total_real=1.000000
cliente 46 | lambda=1.000000 | slack=0.000000 | y_low=0.000000 | y_up=0.000000 | total_real=1.000000
cliente 47 | lambda=1.000000 | slack=0.000000 | y_low=0.000000 | y_up=0.000000 | total_real=1.000000
cliente 48 | lambda=1.000000 | slack=0.000000 | y_low=0.000000 | y_up=0.000000 | total_real=1.000000
cliente 49 | lambda=1.000000 | slack=0.000000 | y_low=0.000000 | y_up=0.000000 | total_real=1.000000
cliente 50 | lambda=1.000000 | slack=0.000000 | y_low=0.000000 | y_up=0.000000 | total_real=1.000000


================ DUAIS DO MESTRE ================

PI (clientes):
  pi[1] = -231449.892527
  pi[2] = -446901.491180
  pi[3] =  10000.000000
  pi[4] =  10000.000000
  pi[5] =  10000.000000
  pi[6] = -423266.914368
  pi[7] =  10000.000000
  pi[8] =  10000.000000
  pi[9] =  10000.000000
  pi[10] =  10000.000000
  pi[11] =  10000.000000
  pi[12] =  10000.000000
  pi[13] =  10000.000000
  pi[14] = -240955.093746
  pi[15] =  10000.000000
  pi[16] =  10000.000000
  pi[17] =  10000.000000
  pi[18] =  10000.000000
  pi[19] =  10000.000000
  pi[20] = -33388.338999
  pi[21] = -320037.066260
  pi[22] = -151982.259654
  pi[23] = -305504.591886
  pi[24] =  10000.000000
  pi[25] =  10000.000000
  pi[26] = -202969.442559
  pi[27] = -230508.833387
  pi[28] =  10000.000000
  pi[29] =  10000.000000
  pi[30] =  10000.000000
  pi[31] =  10000.000000
  pi[32] = -39235.548749
  pi[33] =  10000.000000
  pi[34] = -180972.285247
  pi[35] = -145245.151732
  pi[36] = -561948.396600
  pi[37] =  10000.000000
  pi[38] =  10000.000000
  pi[39] = -10072.261578
  pi[40] =  10000.000000
  pi[41] =  10000.000000
  pi[42] =  10000.000000
  pi[43] =  10000.000000
  pi[44] = -162312.920622
  pi[45] =  10000.000000
  pi[46] =  10000.000000
  pi[47] = -197099.894387
  pi[48] = -512727.147851
  pi[49] = -305484.291886
  pi[50] = -273879.672386

SIGMA (veículos):
  sigma[0] =  1391566.027133
  sigma[1] =  1065076.437075
  sigma[2] =  1161056.293746
  sigma[3] =  897573.743906
  sigma[4] =  1161056.293746

MU (arcos):
  sem duais de arco
=================================================

TESTA ALLBEST

[ALLBEST GEROU CANDIDATA]
k=0
rc=-816775.781206
custo=223.800000
seq=[0, 33, 5, 3, 10, 15, 11, 12, 4, 22, 49, 47, 51]
Tempo total nessa geracao : 0.5s
Tempo total no NO: 4.7s
TAMANHO NOVAS COL 1

--- Nova Coluna ---
Veículo: 0
Sequência: [0, 33, 5, 3, 10, 15, 11, 12, 4, 22, 49, 47, 51]
Custo: 223.80
Custo Reduzido: -816775.781206
Clientes atendidos: [3, 4, 5, 10, 11, 12, 15, 22, 33, 47, 49]

[Nó 0] Iter 17 - Obj = 1000387.3000  Colunas = 90 inst= instancias/c108.txt
[Nó 0] inst= instancias/c108.txt Colunas ativas na iteração 17: 
   veic=0 | col=0 | lambda=1.000000 | custo=62.1000 | rota=[0, 43, 42, 41, 40, 44, 46, 48, 45, 50, 49, 47, 51]
   veic=1 | col=0 | lambda=1.000000 | custo=69.8000 | rota=[0, 20, 5, 3, 7, 8, 11, 9, 6, 4, 2, 1, 51]
   veic=2 | col=0 | lambda=1.000000 | custo=54.1000 | rota=[0, 24, 25, 27, 30, 29, 28, 26, 23, 22, 21, 51]
   veic=3 | col=0 | lambda=1.000000 | custo=100.1000 | rota=[0, 33, 32, 31, 35, 38, 37, 39, 36, 34, 51]
   veic=4 | col=0 | lambda=1.000000 | custo=1000101.2000 | rota=[0, 13, 18, 17, 15, 19, 16, 14, 12, 10, 51]
MESMA FO-  Sem melhora 17 Recom 1000387.2999999999 Ultmf 1000387.2999999999  VALOR SUB 0.0
   valor recomposto = 1000387.300000

   valor recomposto = 1000387.300000

--- COBERTURA POR CLIENTE ---
cliente 01 | lambda=1.000000 | slack=0.000000 | y_low=0.000000 | y_up=0.000000 | total_real=1.000000
cliente 02 | lambda=1.000000 | slack=0.000000 | y_low=0.000000 | y_up=0.000000 | total_real=1.000000
cliente 03 | lambda=1.000000 | slack=0.000000 | y_low=0.000000 | y_up=0.000000 | total_real=1.000000
cliente 04 | lambda=1.000000 | slack=0.000000 | y_low=0.000000 | y_up=0.000000 | total_real=1.000000
cliente 05 | lambda=1.000000 | slack=0.000000 | y_low=0.000000 | y_up=0.000000 | total_real=1.000000
cliente 06 | lambda=1.000000 | slack=0.000000 | y_low=0.000000 | y_up=0.000000 | total_real=1.000000
cliente 07 | lambda=1.000000 | slack=0.000000 | y_low=0.000000 | y_up=0.000000 | total_real=1.000000
cliente 08 | lambda=1.000000 | slack=0.000000 | y_low=0.000000 | y_up=0.000000 | total_real=1.000000
cliente 09 | lambda=1.000000 | slack=0.000000 | y_low=0.000000 | y_up=0.000000 | total_real=1.000000
cliente 10 | lambda=1.000000 | slack=0.000000 | y_low=0.000000 | y_up=0.000000 | total_real=1.000000
cliente 11 | lambda=1.000000 | slack=0.000000 | y_low=0.000000 | y_up=0.000000 | total_real=1.000000
cliente 12 | lambda=1.000000 | slack=0.000000 | y_low=0.000000 | y_up=0.000000 | total_real=1.000000
cliente 13 | lambda=1.000000 | slack=0.000000 | y_low=0.000000 | y_up=0.000000 | total_real=1.000000
cliente 14 | lambda=1.000000 | slack=0.000000 | y_low=0.000000 | y_up=0.000000 | total_real=1.000000
cliente 15 | lambda=1.000000 | slack=0.000000 | y_low=0.000000 | y_up=0.000000 | total_real=1.000000
cliente 16 | lambda=1.000000 | slack=0.000000 | y_low=0.000000 | y_up=0.000000 | total_real=1.000000
cliente 17 | lambda=1.000000 | slack=0.000000 | y_low=0.000000 | y_up=0.000000 | total_real=1.000000
cliente 18 | lambda=1.000000 | slack=0.000000 | y_low=0.000000 | y_up=0.000000 | total_real=1.000000
cliente 19 | lambda=1.000000 | slack=0.000000 | y_low=0.000000 | y_up=0.000000 | total_real=1.000000
cliente 20 | lambda=1.000000 | slack=0.000000 | y_low=0.000000 | y_up=0.000000 | total_real=1.000000
cliente 21 | lambda=1.000000 | slack=0.000000 | y_low=0.000000 | y_up=0.000000 | total_real=1.000000
cliente 22 | lambda=1.000000 | slack=0.000000 | y_low=0.000000 | y_up=0.000000 | total_real=1.000000
cliente 23 | lambda=1.000000 | slack=0.000000 | y_low=0.000000 | y_up=0.000000 | total_real=1.000000
cliente 24 | lambda=1.000000 | slack=0.000000 | y_low=0.000000 | y_up=0.000000 | total_real=1.000000
cliente 25 | lambda=1.000000 | slack=0.000000 | y_low=0.000000 | y_up=0.000000 | total_real=1.000000
cliente 26 | lambda=1.000000 | slack=0.000000 | y_low=0.000000 | y_up=0.000000 | total_real=1.000000
cliente 27 | lambda=1.000000 | slack=0.000000 | y_low=0.000000 | y_up=0.000000 | total_real=1.000000
cliente 28 | lambda=1.000000 | slack=0.000000 | y_low=0.000000 | y_up=0.000000 | total_real=1.000000
cliente 29 | lambda=1.000000 | slack=0.000000 | y_low=0.000000 | y_up=0.000000 | total_real=1.000000
cliente 30 | lambda=1.000000 | slack=0.000000 | y_low=0.000000 | y_up=0.000000 | total_real=1.000000
cliente 31 | lambda=1.000000 | slack=0.000000 | y_low=0.000000 | y_up=0.000000 | total_real=1.000000
cliente 32 | lambda=1.000000 | slack=0.000000 | y_low=0.000000 | y_up=0.000000 | total_real=1.000000
cliente 33 | lambda=1.000000 | slack=0.000000 | y_low=0.000000 | y_up=0.000000 | total_real=1.000000
cliente 34 | lambda=1.000000 | slack=0.000000 | y_low=0.000000 | y_up=0.000000 | total_real=1.000000
cliente 35 | lambda=1.000000 | slack=0.000000 | y_low=0.000000 | y_up=0.000000 | total_real=1.000000
cliente 36 | lambda=1.000000 | slack=0.000000 | y_low=0.000000 | y_up=0.000000 | total_real=1.000000
cliente 37 | lambda=1.000000 | slack=0.000000 | y_low=0.000000 | y_up=0.000000 | total_real=1.000000
cliente 38 | lambda=1.000000 | slack=0.000000 | y_low=0.000000 | y_up=0.000000 | total_real=1.000000
cliente 39 | lambda=1.000000 | slack=0.000000 | y_low=0.000000 | y_up=0.000000 | total_real=1.000000
cliente 40 | lambda=1.000000 | slack=0.000000 | y_low=0.000000 | y_up=0.000000 | total_real=1.000000
cliente 41 | lambda=1.000000 | slack=0.000000 | y_low=0.000000 | y_up=0.000000 | total_real=1.000000
cliente 42 | lambda=1.000000 | slack=0.000000 | y_low=0.000000 | y_up=0.000000 | total_real=1.000000
cliente 43 | lambda=1.000000 | slack=0.000000 | y_low=0.000000 | y_up=0.000000 | total_real=1.000000
cliente 44 | lambda=1.000000 | slack=0.000000 | y_low=0.000000 | y_up=0.000000 | total_real=1.000000
cliente 45 | lambda=1.000000 | slack=0.000000 | y_low=0.000000 | y_up=0.000000 | total_real=1.000000
cliente 46 | lambda=1.000000 | slack=0.000000 | y_low=0.000000 | y_up=0.000000 | total_real=1.000000
cliente 47 | lambda=1.000000 | slack=0.000000 | y_low=0.000000 | y_up=0.000000 | total_real=1.000000
cliente 48 | lambda=1.000000 | slack=0.000000 | y_low=0.000000 | y_up=0.000000 | total_real=1.000000
cliente 49 | lambda=1.000000 | slack=0.000000 | y_low=0.000000 | y_up=0.000000 | total_real=1.000000
cliente 50 | lambda=1.000000 | slack=0.000000 | y_low=0.000000 | y_up=0.000000 | total_real=1.000000


================ DUAIS DO MESTRE ================

PI (clientes):
  pi[1] = -345820.882869
  pi[2] = -196521.366932
  pi[3] = -352105.896813
  pi[4] = -538738.894024
  pi[5] =  10000.000000
  pi[6] =  10000.000000
  pi[7] =  10000.000000
  pi[8] =  10000.000000
  pi[9] =  10000.000000
  pi[10] =  10000.000000
  pi[11] =  10000.000000
  pi[12] = -516757.166135
  pi[13] =  10000.000000
  pi[14] = -36987.981275
  pi[15] =  10000.000000
  pi[16] =  10000.000000
  pi[17] =  10000.000000
  pi[18] =  10000.000000
  pi[19] =  10000.000000
  pi[20] = -169009.655378
  pi[21] = -171075.213546
  pi[22] = -499436.154582
  pi[23] = -330427.199203
  pi[24] =  10000.000000
  pi[25] =  10000.000000
  pi[26] =  10000.000000
  pi[27] = -169008.755378
  pi[28] = -218223.794821
  pi[29] =  10000.000000
  pi[30] = -135621.129880
  pi[31] =  10000.000000
  pi[32] =  10000.000000
  pi[33] =  10000.000000
  pi[34] = -501141.082470
  pi[35] =  10000.000000
  pi[36] = -334660.185259
  pi[37] =  10000.000000
  pi[38] =  10000.000000
  pi[39] = -314490.785259
  pi[40] =  10000.000000
  pi[41] =  10000.000000
  pi[42] =  10000.000000
  pi[43] =  10000.000000
  pi[44] = -161236.913546
  pi[45] =  10000.000000
  pi[46] =  10000.000000
  pi[47] =  21.500000
  pi[48] = -861431.651394
  pi[49] = -330406.899203
  pi[50] = -359739.938645

SIGMA (veículos):
  sigma[0] =  1652856.002789
  sigma[1] =  1542266.496016
  sigma[2] =  1483846.347410
  sigma[3] =  1090392.152988
  sigma[4] =  1483846.347410

MU (arcos):
  sem duais de arco
=================================================

TESTA ALLBEST

[ALLBEST GEROU CANDIDATA]
k=0
rc=-1514671.907968
custo=142.400000
seq=[0, 5, 8, 10, 19, 16, 14, 6, 26, 21, 47, 51]
Tempo total nessa geracao : 0.3s
Tempo total no NO: 5.1s
TAMANHO NOVAS COL 1

--- Nova Coluna ---
Veículo: 0
Sequência: [0, 5, 8, 10, 19, 16, 14, 6, 26, 21, 47, 51]
Custo: 142.40
Custo Reduzido: -1514671.907968
Clientes atendidos: [5, 6, 8, 10, 14, 16, 19, 21, 26, 47]

[Nó 0] Iter 18 - Obj = 1000387.3000  Colunas = 95 inst= instancias/c108.txt
[Nó 0] inst= instancias/c108.txt Colunas ativas na iteração 18: 
   veic=0 | col=0 | lambda=1.000000 | custo=62.1000 | rota=[0, 43, 42, 41, 40, 44, 46, 48, 45, 50, 49, 47, 51]
   veic=1 | col=0 | lambda=1.000000 | custo=69.8000 | rota=[0, 20, 5, 3, 7, 8, 11, 9, 6, 4, 2, 1, 51]
   veic=2 | col=0 | lambda=1.000000 | custo=54.1000 | rota=[0, 24, 25, 27, 30, 29, 28, 26, 23, 22, 21, 51]
   veic=3 | col=0 | lambda=1.000000 | custo=100.1000 | rota=[0, 33, 32, 31, 35, 38, 37, 39, 36, 34, 51]
   veic=4 | col=0 | lambda=1.000000 | custo=1000101.2000 | rota=[0, 13, 18, 17, 15, 19, 16, 14, 12, 10, 51]
MESMA FO-  Sem melhora 18 Recom 1000387.2999999999 Ultmf 1000387.2999999999  VALOR SUB 0.0
   valor recomposto = 1000387.300000

   valor recomposto = 1000387.300000

--- COBERTURA POR CLIENTE ---
cliente 01 | lambda=1.000000 | slack=0.000000 | y_low=0.000000 | y_up=0.000000 | total_real=1.000000
cliente 02 | lambda=1.000000 | slack=0.000000 | y_low=0.000000 | y_up=0.000000 | total_real=1.000000
cliente 03 | lambda=1.000000 | slack=0.000000 | y_low=0.000000 | y_up=0.000000 | total_real=1.000000
cliente 04 | lambda=1.000000 | slack=0.000000 | y_low=0.000000 | y_up=0.000000 | total_real=1.000000
cliente 05 | lambda=1.000000 | slack=0.000000 | y_low=0.000000 | y_up=0.000000 | total_real=1.000000
cliente 06 | lambda=1.000000 | slack=0.000000 | y_low=0.000000 | y_up=0.000000 | total_real=1.000000
cliente 07 | lambda=1.000000 | slack=0.000000 | y_low=0.000000 | y_up=0.000000 | total_real=1.000000
cliente 08 | lambda=1.000000 | slack=0.000000 | y_low=0.000000 | y_up=0.000000 | total_real=1.000000
cliente 09 | lambda=1.000000 | slack=0.000000 | y_low=0.000000 | y_up=0.000000 | total_real=1.000000
cliente 10 | lambda=1.000000 | slack=0.000000 | y_low=0.000000 | y_up=0.000000 | total_real=1.000000
cliente 11 | lambda=1.000000 | slack=0.000000 | y_low=0.000000 | y_up=0.000000 | total_real=1.000000
cliente 12 | lambda=1.000000 | slack=0.000000 | y_low=0.000000 | y_up=0.000000 | total_real=1.000000
cliente 13 | lambda=1.000000 | slack=0.000000 | y_low=0.000000 | y_up=0.000000 | total_real=1.000000
cliente 14 | lambda=1.000000 | slack=0.000000 | y_low=0.000000 | y_up=0.000000 | total_real=1.000000
cliente 15 | lambda=1.000000 | slack=0.000000 | y_low=0.000000 | y_up=0.000000 | total_real=1.000000
cliente 16 | lambda=1.000000 | slack=0.000000 | y_low=0.000000 | y_up=0.000000 | total_real=1.000000
cliente 17 | lambda=1.000000 | slack=0.000000 | y_low=0.000000 | y_up=0.000000 | total_real=1.000000
cliente 18 | lambda=1.000000 | slack=0.000000 | y_low=0.000000 | y_up=0.000000 | total_real=1.000000
cliente 19 | lambda=1.000000 | slack=0.000000 | y_low=0.000000 | y_up=0.000000 | total_real=1.000000
cliente 20 | lambda=1.000000 | slack=0.000000 | y_low=0.000000 | y_up=0.000000 | total_real=1.000000
cliente 21 | lambda=1.000000 | slack=0.000000 | y_low=0.000000 | y_up=0.000000 | total_real=1.000000
cliente 22 | lambda=1.000000 | slack=0.000000 | y_low=0.000000 | y_up=0.000000 | total_real=1.000000
cliente 23 | lambda=1.000000 | slack=0.000000 | y_low=0.000000 | y_up=0.000000 | total_real=1.000000
cliente 24 | lambda=1.000000 | slack=0.000000 | y_low=0.000000 | y_up=0.000000 | total_real=1.000000
cliente 25 | lambda=1.000000 | slack=0.000000 | y_low=0.000000 | y_up=0.000000 | total_real=1.000000
cliente 26 | lambda=1.000000 | slack=0.000000 | y_low=0.000000 | y_up=0.000000 | total_real=1.000000
cliente 27 | lambda=1.000000 | slack=0.000000 | y_low=0.000000 | y_up=0.000000 | total_real=1.000000
cliente 28 | lambda=1.000000 | slack=0.000000 | y_low=0.000000 | y_up=0.000000 | total_real=1.000000
cliente 29 | lambda=1.000000 | slack=0.000000 | y_low=0.000000 | y_up=0.000000 | total_real=1.000000
cliente 30 | lambda=1.000000 | slack=0.000000 | y_low=0.000000 | y_up=0.000000 | total_real=1.000000
cliente 31 | lambda=1.000000 | slack=0.000000 | y_low=0.000000 | y_up=0.000000 | total_real=1.000000
cliente 32 | lambda=1.000000 | slack=0.000000 | y_low=0.000000 | y_up=0.000000 | total_real=1.000000
cliente 33 | lambda=1.000000 | slack=0.000000 | y_low=0.000000 | y_up=0.000000 | total_real=1.000000
cliente 34 | lambda=1.000000 | slack=0.000000 | y_low=0.000000 | y_up=0.000000 | total_real=1.000000
cliente 35 | lambda=1.000000 | slack=0.000000 | y_low=0.000000 | y_up=0.000000 | total_real=1.000000
cliente 36 | lambda=1.000000 | slack=0.000000 | y_low=0.000000 | y_up=0.000000 | total_real=1.000000
cliente 37 | lambda=1.000000 | slack=0.000000 | y_low=0.000000 | y_up=0.000000 | total_real=1.000000
cliente 38 | lambda=1.000000 | slack=0.000000 | y_low=0.000000 | y_up=0.000000 | total_real=1.000000
cliente 39 | lambda=1.000000 | slack=0.000000 | y_low=0.000000 | y_up=0.000000 | total_real=1.000000
cliente 40 | lambda=1.000000 | slack=0.000000 | y_low=0.000000 | y_up=0.000000 | total_real=1.000000
cliente 41 | lambda=1.000000 | slack=0.000000 | y_low=0.000000 | y_up=0.000000 | total_real=1.000000
cliente 42 | lambda=1.000000 | slack=0.000000 | y_low=0.000000 | y_up=0.000000 | total_real=1.000000
cliente 43 | lambda=1.000000 | slack=0.000000 | y_low=0.000000 | y_up=0.000000 | total_real=1.000000
cliente 44 | lambda=1.000000 | slack=0.000000 | y_low=0.000000 | y_up=0.000000 | total_real=1.000000
cliente 45 | lambda=1.000000 | slack=0.000000 | y_low=0.000000 | y_up=0.000000 | total_real=1.000000
cliente 46 | lambda=1.000000 | slack=0.000000 | y_low=0.000000 | y_up=0.000000 | total_real=1.000000
cliente 47 | lambda=1.000000 | slack=0.000000 | y_low=0.000000 | y_up=0.000000 | total_real=1.000000
cliente 48 | lambda=1.000000 | slack=0.000000 | y_low=0.000000 | y_up=0.000000 | total_real=1.000000
cliente 49 | lambda=1.000000 | slack=0.000000 | y_low=0.000000 | y_up=0.000000 | total_real=1.000000
cliente 50 | lambda=1.000000 | slack=0.000000 | y_low=0.000000 | y_up=0.000000 | total_real=1.000000


================ DUAIS DO MESTRE ================

PI (clientes):
  pi[1] = -119298.967257
  pi[2] = -650829.559292
  pi[3] =  10000.000000
  pi[4] = -16717.470796
  pi[5] =  10000.000000
  pi[6] = -685325.839823
  pi[7] =  10000.000000
  pi[8] =  10000.000000
  pi[9] =  10000.000000
  pi[10] =  10000.000000
  pi[11] =  10000.000000
  pi[12] =  10000.000000
  pi[13] =  10000.000000
  pi[14] = -298049.989381
  pi[15] =  10000.000000
  pi[16] = -174090.447788
  pi[17] =  10000.000000
  pi[18] =  10000.000000
  pi[19] =  10000.000000
  pi[20] =  10000.000000
  pi[21] = -161774.757522
  pi[22] = -83673.341593
  pi[23] =  10000.000000
  pi[24] = -482128.037168
  pi[25] = -119283.767257
  pi[26] =  10000.000000
  pi[27] =  10000.000000
  pi[28] = -324675.760177
  pi[29] =  10000.000000
  pi[30] =  10000.000000
  pi[31] =  10000.000000
  pi[32] =  10000.000000
  pi[33] = -536821.917699
  pi[34] = -472098.337168
  pi[35] =  10000.000000
  pi[36] =  10000.000000
  pi[37] =  10000.000000
  pi[38] =  10000.000000
  pi[39] = -80509.306195
  pi[40] =  10000.000000
  pi[41] =  10000.000000
  pi[42] =  10000.000000
  pi[43] =  10000.000000
  pi[44] =  10000.000000
  pi[45] =  10000.000000
  pi[46] =  10000.000000
  pi[47] = -708736.875221
  pi[48] = -119410.867257
  pi[49] = -116068.231858
  pi[50] = -527963.562832

SIGMA (veículos):
  sigma[0] =  1402241.637168
  sigma[1] =  1402241.637168
  sigma[2] =  1121589.763717
  sigma[3] =  1029529.661062
  sigma[4] =  1402241.637168

MU (arcos):
  sem duais de arco
=================================================

TESTA ALLBEST

[ALLBEST GEROU CANDIDATA]
k=0
rc=-1090675.900000
custo=197.300000
seq=[0, 7, 25, 41, 44, 45, 46, 36, 4, 1, 49, 51]
Tempo total nessa geracao : 0.2s
Tempo total no NO: 5.6s
TAMANHO NOVAS COL 1

--- Nova Coluna ---
Veículo: 0
Sequência: [0, 7, 25, 41, 44, 45, 46, 36, 4, 1, 49, 51]
Custo: 197.30
Custo Reduzido: -1090675.900000
Clientes atendidos: [1, 4, 7, 25, 36, 41, 44, 45, 46, 49]

[Nó 0] Iter 19 - Obj = 1000387.3000  Colunas = 98 inst= instancias/c108.txt
[Nó 0] inst= instancias/c108.txt Colunas ativas na iteração 19: 
   veic=0 | col=0 | lambda=1.000000 | custo=62.1000 | rota=[0, 43, 42, 41, 40, 44, 46, 48, 45, 50, 49, 47, 51]
   veic=1 | col=0 | lambda=1.000000 | custo=69.8000 | rota=[0, 20, 5, 3, 7, 8, 11, 9, 6, 4, 2, 1, 51]
   veic=2 | col=0 | lambda=1.000000 | custo=54.1000 | rota=[0, 24, 25, 27, 30, 29, 28, 26, 23, 22, 21, 51]
   veic=3 | col=0 | lambda=1.000000 | custo=100.1000 | rota=[0, 33, 32, 31, 35, 38, 37, 39, 36, 34, 51]
   veic=4 | col=0 | lambda=1.000000 | custo=1000101.2000 | rota=[0, 13, 18, 17, 15, 19, 16, 14, 12, 10, 51]
MESMA FO-  Sem melhora 19 Recom 1000387.2999999999 Ultmf 1000387.2999999999  VALOR SUB 0.0
   valor recomposto = 1000387.300000

   valor recomposto = 1000387.300000

--- COBERTURA POR CLIENTE ---
cliente 01 | lambda=1.000000 | slack=0.000000 | y_low=0.000000 | y_up=0.000000 | total_real=1.000000
cliente 02 | lambda=1.000000 | slack=0.000000 | y_low=0.000000 | y_up=0.000000 | total_real=1.000000
cliente 03 | lambda=1.000000 | slack=0.000000 | y_low=0.000000 | y_up=0.000000 | total_real=1.000000
cliente 04 | lambda=1.000000 | slack=0.000000 | y_low=0.000000 | y_up=0.000000 | total_real=1.000000
cliente 05 | lambda=1.000000 | slack=0.000000 | y_low=0.000000 | y_up=0.000000 | total_real=1.000000
cliente 06 | lambda=1.000000 | slack=0.000000 | y_low=0.000000 | y_up=0.000000 | total_real=1.000000
cliente 07 | lambda=1.000000 | slack=0.000000 | y_low=0.000000 | y_up=0.000000 | total_real=1.000000
cliente 08 | lambda=1.000000 | slack=0.000000 | y_low=0.000000 | y_up=0.000000 | total_real=1.000000
cliente 09 | lambda=1.000000 | slack=0.000000 | y_low=0.000000 | y_up=0.000000 | total_real=1.000000
cliente 10 | lambda=1.000000 | slack=0.000000 | y_low=0.000000 | y_up=0.000000 | total_real=1.000000
cliente 11 | lambda=1.000000 | slack=0.000000 | y_low=0.000000 | y_up=0.000000 | total_real=1.000000
cliente 12 | lambda=1.000000 | slack=0.000000 | y_low=0.000000 | y_up=0.000000 | total_real=1.000000
cliente 13 | lambda=1.000000 | slack=0.000000 | y_low=0.000000 | y_up=0.000000 | total_real=1.000000
cliente 14 | lambda=1.000000 | slack=0.000000 | y_low=0.000000 | y_up=0.000000 | total_real=1.000000
cliente 15 | lambda=1.000000 | slack=0.000000 | y_low=0.000000 | y_up=0.000000 | total_real=1.000000
cliente 16 | lambda=1.000000 | slack=0.000000 | y_low=0.000000 | y_up=0.000000 | total_real=1.000000
cliente 17 | lambda=1.000000 | slack=0.000000 | y_low=0.000000 | y_up=0.000000 | total_real=1.000000
cliente 18 | lambda=1.000000 | slack=0.000000 | y_low=0.000000 | y_up=0.000000 | total_real=1.000000
cliente 19 | lambda=1.000000 | slack=0.000000 | y_low=0.000000 | y_up=0.000000 | total_real=1.000000
cliente 20 | lambda=1.000000 | slack=0.000000 | y_low=0.000000 | y_up=0.000000 | total_real=1.000000
cliente 21 | lambda=1.000000 | slack=0.000000 | y_low=0.000000 | y_up=0.000000 | total_real=1.000000
cliente 22 | lambda=1.000000 | slack=0.000000 | y_low=0.000000 | y_up=0.000000 | total_real=1.000000
cliente 23 | lambda=1.000000 | slack=0.000000 | y_low=0.000000 | y_up=0.000000 | total_real=1.000000
cliente 24 | lambda=1.000000 | slack=0.000000 | y_low=0.000000 | y_up=0.000000 | total_real=1.000000
cliente 25 | lambda=1.000000 | slack=0.000000 | y_low=0.000000 | y_up=0.000000 | total_real=1.000000
cliente 26 | lambda=1.000000 | slack=0.000000 | y_low=0.000000 | y_up=0.000000 | total_real=1.000000
cliente 27 | lambda=1.000000 | slack=0.000000 | y_low=0.000000 | y_up=0.000000 | total_real=1.000000
cliente 28 | lambda=1.000000 | slack=0.000000 | y_low=0.000000 | y_up=0.000000 | total_real=1.000000
cliente 29 | lambda=1.000000 | slack=0.000000 | y_low=0.000000 | y_up=0.000000 | total_real=1.000000
cliente 30 | lambda=1.000000 | slack=0.000000 | y_low=0.000000 | y_up=0.000000 | total_real=1.000000
cliente 31 | lambda=1.000000 | slack=0.000000 | y_low=0.000000 | y_up=0.000000 | total_real=1.000000
cliente 32 | lambda=1.000000 | slack=0.000000 | y_low=0.000000 | y_up=0.000000 | total_real=1.000000
cliente 33 | lambda=1.000000 | slack=0.000000 | y_low=0.000000 | y_up=0.000000 | total_real=1.000000
cliente 34 | lambda=1.000000 | slack=0.000000 | y_low=0.000000 | y_up=0.000000 | total_real=1.000000
cliente 35 | lambda=1.000000 | slack=0.000000 | y_low=0.000000 | y_up=0.000000 | total_real=1.000000
cliente 36 | lambda=1.000000 | slack=0.000000 | y_low=0.000000 | y_up=0.000000 | total_real=1.000000
cliente 37 | lambda=1.000000 | slack=0.000000 | y_low=0.000000 | y_up=0.000000 | total_real=1.000000
cliente 38 | lambda=1.000000 | slack=0.000000 | y_low=0.000000 | y_up=0.000000 | total_real=1.000000
cliente 39 | lambda=1.000000 | slack=0.000000 | y_low=0.000000 | y_up=0.000000 | total_real=1.000000
cliente 40 | lambda=1.000000 | slack=0.000000 | y_low=0.000000 | y_up=0.000000 | total_real=1.000000
cliente 41 | lambda=1.000000 | slack=0.000000 | y_low=0.000000 | y_up=0.000000 | total_real=1.000000
cliente 42 | lambda=1.000000 | slack=0.000000 | y_low=0.000000 | y_up=0.000000 | total_real=1.000000
cliente 43 | lambda=1.000000 | slack=0.000000 | y_low=0.000000 | y_up=0.000000 | total_real=1.000000
cliente 44 | lambda=1.000000 | slack=0.000000 | y_low=0.000000 | y_up=0.000000 | total_real=1.000000
cliente 45 | lambda=1.000000 | slack=0.000000 | y_low=0.000000 | y_up=0.000000 | total_real=1.000000
cliente 46 | lambda=1.000000 | slack=0.000000 | y_low=0.000000 | y_up=0.000000 | total_real=1.000000
cliente 47 | lambda=1.000000 | slack=0.000000 | y_low=0.000000 | y_up=0.000000 | total_real=1.000000
cliente 48 | lambda=1.000000 | slack=0.000000 | y_low=0.000000 | y_up=0.000000 | total_real=1.000000
cliente 49 | lambda=1.000000 | slack=0.000000 | y_low=0.000000 | y_up=0.000000 | total_real=1.000000
cliente 50 | lambda=1.000000 | slack=0.000000 | y_low=0.000000 | y_up=0.000000 | total_real=1.000000


================ DUAIS DO MESTRE ================

PI (clientes):
  pi[1] = -462008.455562
  pi[2] = -352310.239606
  pi[3] =  10000.000000
  pi[4] = -333540.667780
  pi[5] =  10000.000000
  pi[6] = -254380.009122
  pi[7] =  10000.000000
  pi[8] =  10000.000000
  pi[9] = -67825.300951
  pi[10] = -19034.777079
  pi[11] =  10000.000000
  pi[12] =  10000.000000
  pi[13] =  10000.000000
  pi[14] = -239532.923585
  pi[15] =  10000.000000
  pi[16] = -211465.572357
  pi[17] =  10000.000000
  pi[18] =  10000.000000
  pi[19] =  10000.000000
  pi[20] =  10000.000000
  pi[21] = -337299.675420
  pi[22] = -358962.000520
  pi[23] =  10000.000000
  pi[24] = -42414.056955
  pi[25] = -145847.158038
  pi[26] =  10000.000000
  pi[27] =  989.122921
  pi[28] = -188245.989551
  pi[29] =  10000.000000
  pi[30] =  10000.000000
  pi[31] =  10000.000000
  pi[32] =  10000.000000
  pi[33] = -115897.891807
  pi[34] = -290460.900321
  pi[35] =  10000.000000
  pi[36] = -170251.242415
  pi[37] =  10000.000000
  pi[38] =  10000.000000
  pi[39] =  10000.000000
  pi[40] =  10000.000000
  pi[41] = -94093.428848
  pi[42] =  10000.000000
  pi[43] =  10000.000000
  pi[44] =  10000.000000
  pi[45] =  10000.000000
  pi[46] =  10000.000000
  pi[47] = -388279.115458
  pi[48] = -367037.803793
  pi[49] = -244196.220378
  pi[50] = -376465.804544

SIGMA (veículos):
  sigma[0] =  1410134.473021
  sigma[1] =  1410134.473021
  sigma[2] =  1031833.857563
  sigma[3] =  516710.134542
  sigma[4] =  1410134.473021

MU (arcos):
  sem duais de arco
=================================================

TESTA ALLBEST

[ALLBEST GEROU CANDIDATA]
k=0
rc=-679607.720279
custo=297.100000
seq=[0, 3, 33, 15, 38, 26, 9, 12, 2, 49, 51]
Tempo total nessa geracao : 0.2s
Tempo total no NO: 6.0s
TAMANHO NOVAS COL 1

--- Nova Coluna ---
Veículo: 0
Sequência: [0, 3, 33, 15, 38, 26, 9, 12, 2, 49, 51]
Custo: 297.10
Custo Reduzido: -679607.720279
Clientes atendidos: [2, 3, 9, 12, 15, 26, 33, 38, 49]

Nao adicionou no k 3
[Nó 0] Rodando MIP periódico após 5 colunas...
Set parameter TimeLimit to value 30
Gurobi Optimizer version 13.0.2 build v13.0.2rc1 (win64 - Windows 11+.0 (26200.2))

CPU model: AMD Ryzen 9 9950X3D 16-Core Processor, instruction set [SSE2|AVX|AVX2|AVX512]
Thread count: 16 physical cores, 32 logical processors, using up to 32 threads

Non-default parameters:
TimeLimit  30

Optimize a model with 55 rows, 100 columns and 1157 nonzeros (Min)
Model fingerprint: 0xf9095e57
Model has 100 linear objective coefficients
Variable types: 0 continuous, 100 integer (100 binary)
Coefficient statistics:
  Matrix range     [1e+00, 1e+00]
  Objective range  [5e+01, 1e+06]
  Bounds range     [1e+00, 1e+00]
  RHS range        [1e+00, 1e+00]

Presolve removed 55 rows and 100 columns
Presolve time: 0.01s
Presolve: All rows and columns removed

Explored 0 nodes (0 simplex iterations) in 0.10 seconds (0.00 work units)
Thread count was 1 (of 32 available processors)

Solution count 1: 1.00039e+06 

Optimal solution found (tolerance 1.00e-04)
Best objective 1.000387300000e+06, best bound 1.000387300000e+06, gap 0.0000%
[Nó 0] MIP periódico encontrou solução inteira válida. FO=1000387.300000
[Nó 0] Iter 20 - Obj = 1000387.3000  Colunas = 100 inst= instancias/c108.txt
[Nó 0] inst= instancias/c108.txt Colunas ativas na iteração 20: 
   veic=0 | col=0 | lambda=1.000000 | custo=62.1000 | rota=[0, 43, 42, 41, 40, 44, 46, 48, 45, 50, 49, 47, 51]
   veic=1 | col=0 | lambda=1.000000 | custo=69.8000 | rota=[0, 20, 5, 3, 7, 8, 11, 9, 6, 4, 2, 1, 51]
   veic=2 | col=0 | lambda=1.000000 | custo=54.1000 | rota=[0, 24, 25, 27, 30, 29, 28, 26, 23, 22, 21, 51]
   veic=3 | col=0 | lambda=1.000000 | custo=100.1000 | rota=[0, 33, 32, 31, 35, 38, 37, 39, 36, 34, 51]
   veic=4 | col=0 | lambda=1.000000 | custo=1000101.2000 | rota=[0, 13, 18, 17, 15, 19, 16, 14, 12, 10, 51]
MESMA FO-  Sem melhora 20 Recom 1000387.2999999999 Ultmf 1000387.2999999999  VALOR SUB 0.0
   valor recomposto = 1000387.300000

   valor recomposto = 1000387.300000

--- COBERTURA POR CLIENTE ---
cliente 01 | lambda=1.000000 | slack=0.000000 | y_low=0.000000 | y_up=0.000000 | total_real=1.000000
cliente 02 | lambda=1.000000 | slack=0.000000 | y_low=0.000000 | y_up=0.000000 | total_real=1.000000
cliente 03 | lambda=1.000000 | slack=0.000000 | y_low=0.000000 | y_up=0.000000 | total_real=1.000000
cliente 04 | lambda=1.000000 | slack=0.000000 | y_low=0.000000 | y_up=0.000000 | total_real=1.000000
cliente 05 | lambda=1.000000 | slack=0.000000 | y_low=0.000000 | y_up=0.000000 | total_real=1.000000
cliente 06 | lambda=1.000000 | slack=0.000000 | y_low=0.000000 | y_up=0.000000 | total_real=1.000000
cliente 07 | lambda=1.000000 | slack=0.000000 | y_low=0.000000 | y_up=0.000000 | total_real=1.000000
cliente 08 | lambda=1.000000 | slack=0.000000 | y_low=0.000000 | y_up=0.000000 | total_real=1.000000
cliente 09 | lambda=1.000000 | slack=0.000000 | y_low=0.000000 | y_up=0.000000 | total_real=1.000000
cliente 10 | lambda=1.000000 | slack=0.000000 | y_low=0.000000 | y_up=0.000000 | total_real=1.000000
cliente 11 | lambda=1.000000 | slack=0.000000 | y_low=0.000000 | y_up=0.000000 | total_real=1.000000
cliente 12 | lambda=1.000000 | slack=0.000000 | y_low=0.000000 | y_up=0.000000 | total_real=1.000000
cliente 13 | lambda=1.000000 | slack=0.000000 | y_low=0.000000 | y_up=0.000000 | total_real=1.000000
cliente 14 | lambda=1.000000 | slack=0.000000 | y_low=0.000000 | y_up=0.000000 | total_real=1.000000
cliente 15 | lambda=1.000000 | slack=0.000000 | y_low=0.000000 | y_up=0.000000 | total_real=1.000000
cliente 16 | lambda=1.000000 | slack=0.000000 | y_low=0.000000 | y_up=0.000000 | total_real=1.000000
cliente 17 | lambda=1.000000 | slack=0.000000 | y_low=0.000000 | y_up=0.000000 | total_real=1.000000
cliente 18 | lambda=1.000000 | slack=0.000000 | y_low=0.000000 | y_up=0.000000 | total_real=1.000000
cliente 19 | lambda=1.000000 | slack=0.000000 | y_low=0.000000 | y_up=0.000000 | total_real=1.000000
cliente 20 | lambda=1.000000 | slack=0.000000 | y_low=0.000000 | y_up=0.000000 | total_real=1.000000
cliente 21 | lambda=1.000000 | slack=0.000000 | y_low=0.000000 | y_up=0.000000 | total_real=1.000000
cliente 22 | lambda=1.000000 | slack=0.000000 | y_low=0.000000 | y_up=0.000000 | total_real=1.000000
cliente 23 | lambda=1.000000 | slack=0.000000 | y_low=0.000000 | y_up=0.000000 | total_real=1.000000
cliente 24 | lambda=1.000000 | slack=0.000000 | y_low=0.000000 | y_up=0.000000 | total_real=1.000000
cliente 25 | lambda=1.000000 | slack=0.000000 | y_low=0.000000 | y_up=0.000000 | total_real=1.000000
cliente 26 | lambda=1.000000 | slack=0.000000 | y_low=0.000000 | y_up=0.000000 | total_real=1.000000
cliente 27 | lambda=1.000000 | slack=0.000000 | y_low=0.000000 | y_up=0.000000 | total_real=1.000000
cliente 28 | lambda=1.000000 | slack=0.000000 | y_low=0.000000 | y_up=0.000000 | total_real=1.000000
cliente 29 | lambda=1.000000 | slack=0.000000 | y_low=0.000000 | y_up=0.000000 | total_real=1.000000
cliente 30 | lambda=1.000000 | slack=0.000000 | y_low=0.000000 | y_up=0.000000 | total_real=1.000000
cliente 31 | lambda=1.000000 | slack=0.000000 | y_low=0.000000 | y_up=0.000000 | total_real=1.000000
cliente 32 | lambda=1.000000 | slack=0.000000 | y_low=0.000000 | y_up=0.000000 | total_real=1.000000
cliente 33 | lambda=1.000000 | slack=0.000000 | y_low=0.000000 | y_up=0.000000 | total_real=1.000000
cliente 34 | lambda=1.000000 | slack=0.000000 | y_low=0.000000 | y_up=0.000000 | total_real=1.000000
cliente 35 | lambda=1.000000 | slack=0.000000 | y_low=0.000000 | y_up=0.000000 | total_real=1.000000
cliente 36 | lambda=1.000000 | slack=0.000000 | y_low=0.000000 | y_up=0.000000 | total_real=1.000000
cliente 37 | lambda=1.000000 | slack=0.000000 | y_low=0.000000 | y_up=0.000000 | total_real=1.000000
cliente 38 | lambda=1.000000 | slack=0.000000 | y_low=0.000000 | y_up=0.000000 | total_real=1.000000
cliente 39 | lambda=1.000000 | slack=0.000000 | y_low=0.000000 | y_up=0.000000 | total_real=1.000000
cliente 40 | lambda=1.000000 | slack=0.000000 | y_low=0.000000 | y_up=0.000000 | total_real=1.000000
cliente 41 | lambda=1.000000 | slack=0.000000 | y_low=0.000000 | y_up=0.000000 | total_real=1.000000
cliente 42 | lambda=1.000000 | slack=0.000000 | y_low=0.000000 | y_up=0.000000 | total_real=1.000000
cliente 43 | lambda=1.000000 | slack=0.000000 | y_low=0.000000 | y_up=0.000000 | total_real=1.000000
cliente 44 | lambda=1.000000 | slack=0.000000 | y_low=0.000000 | y_up=0.000000 | total_real=1.000000
cliente 45 | lambda=1.000000 | slack=0.000000 | y_low=0.000000 | y_up=0.000000 | total_real=1.000000
cliente 46 | lambda=1.000000 | slack=0.000000 | y_low=0.000000 | y_up=0.000000 | total_real=1.000000
cliente 47 | lambda=1.000000 | slack=0.000000 | y_low=0.000000 | y_up=0.000000 | total_real=1.000000
cliente 48 | lambda=1.000000 | slack=0.000000 | y_low=0.000000 | y_up=0.000000 | total_real=1.000000
cliente 49 | lambda=1.000000 | slack=0.000000 | y_low=0.000000 | y_up=0.000000 | total_real=1.000000
cliente 50 | lambda=1.000000 | slack=0.000000 | y_low=0.000000 | y_up=0.000000 | total_real=1.000000


================ DUAIS DO MESTRE ================

PI (clientes):
  pi[1] = -260802.147226
  pi[2] = -434509.160999
  pi[3] =  10000.000000
  pi[4] = -314898.619158
  pi[5] =  10000.000000
  pi[6] = -257342.833388
  pi[7] =  10000.000000
  pi[8] =  10000.000000
  pi[9] = -170242.007409
  pi[10] =  10000.000000
  pi[11] =  10000.000000
  pi[12] =  10000.000000
  pi[13] =  10000.000000
  pi[14] = -204032.548629
  pi[15] =  10000.000000
  pi[16] = -243730.819550
  pi[17] =  10000.000000
  pi[18] =  10000.000000
  pi[19] =  10000.000000
  pi[20] =  10000.000000
  pi[21] = -233840.018734
  pi[22] = -406634.168570
  pi[23] =  10000.000000
  pi[24] =  10000.000000
  pi[25] = -320842.856332
  pi[26] = -206474.571965
  pi[27] = -23915.548695
  pi[28] =  10000.000000
  pi[29] =  10000.000000
  pi[30] =  10000.000000
  pi[31] =  10000.000000
  pi[32] =  10000.000000
  pi[33] = -108131.013153
  pi[34] = -285850.505516
  pi[35] =  10000.000000
  pi[36] = -115638.198107
  pi[37] = -139461.542657
  pi[38] = -152535.123270
  pi[39] =  10000.000000
  pi[40] =  10000.000000
  pi[41] = -69809.855973
  pi[42] =  10000.000000
  pi[43] =  10000.000000
  pi[44] =  10000.000000
  pi[45] =  10000.000000
  pi[46] =  10000.000000
  pi[47] = -272301.375914
  pi[48] = -431494.311913
  pi[49] = -335675.591384
  pi[50] = -328521.332996

SIGMA (veículos):
  sigma[0] =  1377864.568179
  sigma[1] =  1377864.568179
  sigma[2] =  1141761.264295
  sigma[3] =  761716.482702
  sigma[4] =  1377864.568179

MU (arcos):
  sem duais de arco
=================================================

TESTA ALLBEST

[ALLBEST GEROU CANDIDATA]
k=0
rc=-791961.526730
custo=207.900000
seq=[0, 13, 8, 31, 27, 30, 39, 36, 23, 21, 47, 51]
Tempo total nessa geracao : 0.2s
Tempo total no NO: 6.5s
TAMANHO NOVAS COL 1

--- Nova Coluna ---
Veículo: 0
Sequência: [0, 13, 8, 31, 27, 30, 39, 36, 23, 21, 47, 51]
Custo: 207.90
Custo Reduzido: -791961.526730
Clientes atendidos: [8, 13, 21, 23, 27, 30, 31, 36, 39, 47]
MELHORA SEM MELHORA 20
[Nó 0] PAROU POR ESTAGNAÇÃO DA FO
[Nó 0] Melhor solução fracionada final (LP com slack):
   veic=0 | col=0 | lambda=1.000000 | custo=62.1000 | rota=[0, 43, 42, 41, 40, 44, 46, 48, 45, 50, 49, 47, 51]
   veic=1 | col=0 | lambda=1.000000 | custo=69.8000 | rota=[0, 20, 5, 3, 7, 8, 11, 9, 6, 4, 2, 1, 51]
   veic=2 | col=0 | lambda=1.000000 | custo=54.1000 | rota=[0, 24, 25, 27, 30, 29, 28, 26, 23, 22, 21, 51]
   veic=3 | col=0 | lambda=1.000000 | custo=100.1000 | rota=[0, 33, 32, 31, 35, 38, 37, 39, 36, 34, 51]
   veic=4 | col=0 | lambda=1.000000 | custo=1000101.2000 | rota=[0, 13, 18, 17, 15, 19, 16, 14, 12, 10, 51]
   valor LP recomposto = 1000387.300000
   slack_final = 0.000000

[Nó 0] Lambdas da melhor solução inteira:
   lambda_int[0,0] = 1
   lambda_int[1,0] = 1
   lambda_int[2,0] = 1
   lambda_int[3,0] = 1
   lambda_int[4,0] = 1
[Nó 0] Melhor solução inteira final (MIP no pool):
   veic=0 | col=0 | z=1 | custo=62.1000 | rota=[0, 43, 42, 41, 40, 44, 46, 48, 45, 50, 49, 47, 51]
   veic=1 | col=0 | z=1 | custo=69.8000 | rota=[0, 20, 5, 3, 7, 8, 11, 9, 6, 4, 2, 1, 51]
   veic=2 | col=0 | z=1 | custo=54.1000 | rota=[0, 24, 25, 27, 30, 29, 28, 26, 23, 22, 21, 51]
   veic=3 | col=0 | z=1 | custo=100.1000 | rota=[0, 33, 32, 31, 35, 38, 37, 39, 36, 34, 51]
   veic=4 | col=0 | z=1 | custo=1000101.2000 | rota=[0, 13, 18, 17, 15, 19, 16, 14, 12, 10, 51]
   valor inteiro recomposto = 1000387.300000

[Nó 0] Exportando solução inteira do MIP para JS...
   colunas ativas no MIP: [(0, 0), (1, 0), (2, 0), (3, 0), (4, 0)]
JS exportado: rotas_plot_data.js | rotas=5
Nó 0 finalizado: LP=1000387.3000, MIP_pool=1000387.3, tem_inteira=True, cg_convergiu=False, max_iter=False, slack_final=0.000000, lb_confiavel=False
Melhor LP com slack = 1000387.2999999999 iter=0
Melhor LP válido    = 1000387.2999999999 iter=0
Melhor inteiro      = 1000387.2999999999 iter=4
Achou LP target     = False iter=None tempo=None
Achou INT target    = False iter=None tempo=None
SALDOS
[0, 25, 0, 0, 0, 0, 0]
PRIMEIRO NO
Tempo total: 6.7s
SOL INTEIRA
[Nó 0] LP=1000387.3000 inteira=True lb_confiavel=False slack_final=0.000000 cg_convergiu=False max_iter=False
Nó 0 tem inteiro com custo 1000387.3000
ATUALIZOU MELHOR INTEIRO Nó 0 Valor INTEIRO com custo 1000387.3000
Novo incumbente: z_inc=1000387.3000

Nó 0 Valor fracionário com custo 1000387.3000
ATUALIZOU MELHOR FRAC Nó 0 Valor fracionário com custo 1000387.3000
DIVIDE
FIM do nó  0 

==== FIM B&P ====
Melhor solução inteira: nó 0 com custo 1000387.3000

=== LAMBDAS DO NÓ 0 ===
Veículo 0, rota 0: lambda = 1.0000
   Sequência: [0, 43, 42, 41, 40, 44, 46, 48, 45, 50, 49, 47, 51]
   Custo:     62.10
Veículo 1, rota 0: lambda = 1.0000
   Sequência: [0, 20, 5, 3, 7, 8, 11, 9, 6, 4, 2, 1, 51]
   Custo:     69.80
Veículo 2, rota 0: lambda = 1.0000
   Sequência: [0, 24, 25, 27, 30, 29, 28, 26, 23, 22, 21, 51]
   Custo:     54.10
Veículo 3, rota 0: lambda = 1.0000
   Sequência: [0, 33, 32, 31, 35, 38, 37, 39, 36, 34, 51]
   Custo:     100.10
Veículo 4, rota 0: lambda = 1.0000
   Sequência: [0, 13, 18, 17, 15, 19, 16, 14, 12, 10, 51]
   Custo:     1000101.20
=== FIM LAMBDAS NÓ 0 ===

Melhor solução fracionária: nó 0 com custo 1000387.3000

=== LAMBDAS DO NÓ 0 ===
Veículo 0, rota 0: lambda = 1.0000
   Sequência: [0, 43, 42, 41, 40, 44, 46, 48, 45, 50, 49, 47, 51]
   Custo:     62.10
Veículo 1, rota 0: lambda = 1.0000
   Sequência: [0, 20, 5, 3, 7, 8, 11, 9, 6, 4, 2, 1, 51]
   Custo:     69.80
Veículo 2, rota 0: lambda = 1.0000
   Sequência: [0, 24, 25, 27, 30, 29, 28, 26, 23, 22, 21, 51]
   Custo:     54.10
Veículo 3, rota 0: lambda = 1.0000
   Sequência: [0, 33, 32, 31, 35, 38, 37, 39, 36, 34, 51]
   Custo:     100.10
Veículo 4, rota 0: lambda = 1.0000
   Sequência: [0, 13, 18, 17, 15, 19, 16, 14, 12, 10, 51]
   Custo:     1000101.20
=== FIM LAMBDAS NÓ 0 ===

FO_TARGET = 362.4
Melhor LP com slack = 1000387.2999999999 | iter = 0 | no = 0
Melhor LP válido = 1000387.2999999999 | iter = 0 | no = 0
Melhor inteiro = 1000387.2999999999 | iter = 4 | no = 0
Achou LP target = False | iter =  | tempo =  | no = 
Achou INT target = False | iter =  | tempo =  | no = 
Iterações            = 21
Nós BP               = 1
Colunas BP           = 100
[LOG] convergencia registrada: 20 iteracoes
Tempo total BP: 6.8078
[FIM] pid=26424 | instancias/c108.txt | duracao=12024.55s
[INICIO] pid=26424 | instancias/r103.txt | t=1781876023.46

############################################
TESTANDO GAMMA_MAX=0 | GAMMA_INI=0 | SM=20
############################################

==============================
NOVA - tam=50 cap=200 VEIC=9 gamma_max=0 gamma_ini=0 SM=20 ninst=11 INSTANCIA=instancias/r103.txt
==============================
