iteracao;valor_fo
0;10000000.000000
1;10000000.000000
2;10000000.000000
3;10000000.000000
4;10000000.000000
5;10000000.000000
6;10000000.000000
7;10000000.000000
8;10000000.000000
9;10000000.000000
10;10000000.000000
11;6666673.916831
12;6666673.916831
13;18.102652
14;17.421664
15;16.861770
16;16.480866
17;15.946640
18;15.946640
19;15.884543
20;15.787046
21;15.745067
22;15.745067
MIP;10000000.000000
COMPACTO;16.228567
