iteracao;valor_fo
0;10000000.000000
1;10000000.000000
2;10000000.000000
3;10000000.000000
4;10000000.000000
5;10000000.000000
6;10000000.000000
7;10000000.000000
8;10000000.000000
9;10000000.000000
10;10000000.000000
11;10000000.000000
12;10000000.000000
13;10000000.000000
14;10000000.000000
15;10000000.000000
16;1724155.117491
17;181839.080950
18;19.581697
19;18.854987
20;18.555449
21;17.924474
22;17.663078
23;17.586158
24;17.528167
25;17.528167
26;17.290529
27;17.277103
28;17.259765
29;17.228166
30;17.228166
31;17.228166
MIP;20.015680
COMPACTO;0.000000
