iteracao;valor_fo
0;10000000.000000
1;10000000.000000
2;10000000.000000
3;10000000.000000
4;10000000.000000
5;10000000.000000
6;10000000.000000
7;10000000.000000
8;10000000.000000
9;3750010.917773
10;16.141767
11;15.901293
12;15.264054
13;15.264054
14;15.264054
15;15.072580
16;15.006443
17;14.988355
18;14.552403
19;14.552403
20;14.552403
21;14.552403
22;14.552403
MIP;14.552403
COMPACTO;0.000000
